player_id,player_name,nationality,date_of_birth,height,position,prediction
883105,Aadil Alleheri,Togo,2005-10-24,,Defensives Mittelfeld,6.7555985
923834,Aaron Akalé,Frankreich,2005-04-20,1.84,Mittelstürmer,
707663,Aaron Appiah,Schweiz,2003-05-18,1.83,Mittelstürmer,
1060512,Aaron Moos,Schweiz,2006-02-21,1.87,Innenverteidiger,6.7556815
1235193,Aaron Tchamda,Schweiz,2007-01-07,1.95,Defensives Mittelfeld,6.8377194
418126,Abbas Karaki,Deutschland,1993-04-01,1.83,Defensives Mittelfeld,6.9494395
639758,Abdoulaye Coulibaly,Frankreich,2002-02-09,1.8,Linksaußen,
1291826,Abdoulaye Traore,Frankreich,1998-11-04,,Linksaußen,
337798,Abdu Conté,Portugal,1998-03-24,1.83,Linker Verteidiger,
618674,Abdullah Laidani,Schweiz,2003-04-26,1.95,Torwart,
499160,Abdurrahim Cam,Schweiz,2000-04-27,1.83,Innenverteidiger,
502342,Abel Marc,Slowenien,2001-04-19,1.72,Zentrales Mittelfeld,
196243,Abilio da Veiga,Schweiz,1992-06-17,,Rechtes Mittelfeld,
1513415,Achraf Chamakh,Frankreich,1999-01-05,,Mittelfeld,6.8225574
1434290,Adam Abbas,Frankreich,2006-11-06,,Zentrales Mittelfeld,6.8186417
1138487,Adam Assmy,Frankreich,2004-10-06,1.78,Offensives Mittelfeld,6.865644
932195,Adam St-Pierre,Schweiz,2006-07-23,,Torwart,7.0871606
808838,Adama Diakité,Frankreich,1999-07-16,1.84,Linksaußen,
694965,Adeai Mehmeti,Schweiz,2001-12-06,1.85,Zentrales Mittelfeld,
420111,Adin Sljivar,Schweiz,1998-12-31,1.88,Innenverteidiger,
367634,Adler,Schweiz,1998-12-28,1.87,Mittelstürmer,
223380,Adonis Ajeti,Schweiz,1997-02-26,1.86,Innenverteidiger,
834737,Adri Miranda,Spanien,2003-04-26,1.83,Innenverteidiger,
1177275,Adrian Dalliard,Schweiz,2007-08-03,,Offensives Mittelfeld,6.8919454
499196,Adrian Durrer,Schweiz,2001-07-13,1.88,Defensives Mittelfeld,6.9447513
158434,Adrian Fleury,Schweiz,1992-09-12,1.77,Defensives Mittelfeld,6.786354
603566,Adrian Mulaj,Deutschland,2004-01-31,1.9,Torwart,
534507,Adrian Rama-Bitterfeld,Deutschland,2000-09-22,1.84,Offensives Mittelfeld,6.927621
536380,Adriano Ferreira,Schweiz,1999-12-05,,Zentrales Mittelfeld,
806015,Adriano Onyegbule,Deutschland,2006-06-23,1.84,Offensives Mittelfeld,6.767148
975929,Adriano Rizvic,Bosnien-Herzegowina,2006-12-12,1.81,Zentrales Mittelfeld,6.94383
146670,Adriano Sodano,Italien,1990-09-24,,Innenverteidiger,
115188,Adriano de Pierro,Schweiz,1991-01-11,1.84,Innenverteidiger,
805485,Adriatik Salihi,Schweiz,2005-03-12,1.7,Zentrales Mittelfeld,6.76663
991332,Adrien Morin,Schweiz,2001-06-03,,Rechter Verteidiger,
192964,Adrien Rawyler,Schweiz,1993-06-13,1.78,Rechter Verteidiger,
44857,Adrián Alvarez,Schweiz,1991-05-11,1.68,Rechtsaußen,6.9526067
174835,Adryan,Brasilien,1994-08-10,1.75,Offensives Mittelfeld,
410649,Afimico Pululu,DR Kongo,1999-03-23,1.75,Mittelstürmer,
312069,Aggée Wenzi,Schweiz,2000-12-29,,Zentrales Mittelfeld,6.8729525
1015815,Agon Rexhaj,Schweiz,2007-03-24,1.82,Rechtsaußen,7.0098953
65120,Agron Mustafi,Schweiz,1990-02-20,1.74,Defensives Mittelfeld,
1177450,Ahmadou Ndiaye,Schweiz,2008-01-05,1.91,Torwart,7.022022
1182644,Ahmedin Avdic,Schweiz,2004-06-01,1.83,Linksaußen,6.8983126
604511,Ahmet Karatas,Türkei,2003-06-08,1.72,Defensives Mittelfeld,
240356,Ahmet Özcan,Schweiz,1995-03-07,1.88,Innenverteidiger,6.8701267
347097,Aimery Pinga,Schweiz,1998-01-06,1.85,Mittelstürmer,6.7980833
604560,Ajdin Bajric,Schweiz,2002-09-15,1.8,Defensives Mittelfeld,6.9642215
390181,Ajet Sejdija,Schweiz,1999-04-28,1.71,Zentrales Mittelfeld,
507456,Alain Fuchs,Schweiz,2001-01-02,1.87,Innenverteidiger,
58165,Alain Wiss,Schweiz,1990-08-21,1.8,Defensives Mittelfeld,
203926,Alan Omerovic,Schweiz,2002-07-16,1.85,Torwart,
603500,Alan Togni,Schweiz,2002-08-10,,Mittelstürmer,
602955,Alban Berisha,Schweiz,2001-10-17,1.91,Torwart,
170849,Alban Murina,Schweiz,1993-12-03,1.74,Zentrales Mittelfeld,6.93836
750105,Albert Buqaj,Kroatien,1999-09-23,,Defensives Mittelfeld,
530496,Alberto Valsecchi,Schweiz,1999-06-05,1.87,Torwart,
579459,Albian Hajdari,Kosovo,2003-05-18,1.89,Innenverteidiger,
684604,Albin Krasniqi,Schweiz,2003-04-06,1.8,Rechtsaußen,
258289,Albin Sadrijaj,Schweiz,1997-06-27,1.88,Defensives Mittelfeld,
1072409,Albinot Mehmeti,Kosovo,2002-04-08,,Defensives Mittelfeld,
604785,Albion Gashi,Schweiz,2004-04-22,1.87,Zentrales Mittelfeld,
620829,Aldin Crnovrsanin,Schweiz,2002-02-04,,Torwart,
317810,Aleandro Prati,Schweiz,1995-08-03,1.86,Torwart,
900980,Alec Tschurtschenthaler,Schweden,2003-03-12,,Abwehr,
579460,Alejandro Willimann,Schweiz,2003-01-16,1.84,Defensives Mittelfeld,6.849116
604786,Aleksandar Babic,Schweiz,2004-07-17,,Mittelstürmer,6.825179
357041,Aleksandar Bozic,Serbien,1989-07-18,,Zentrales Mittelfeld,
1049507,Aleksandar Radic,Schweiz,2006-11-15,1.9,Innenverteidiger,6.8106923
810959,Alen Omeragic,Schweiz,2005-03-17,,Torwart,
1258114,Alessandro Bizzarri,Italien,2007-10-03,1.83,Rechtes Mittelfeld,6.8918576
602419,Alessandro Casciato,Italien,2000-05-30,1.87,Mittelstürmer,6.657906
33508,Alessandro Ciarrocchi,Schweiz,1988-01-03,,Mittelstürmer,
1246857,Alessandro Fiorina,Schweiz,2008-08-06,1.79,Zentrales Mittelfeld,
289892,Alessandro Kräuchi,Schweiz,1998-06-03,1.76,Rechter Verteidiger,6.832036
1065434,Alessandro Müller,Schweiz,2005-10-01,,Torwart,
987770,Alessandro Vogt,Schweiz,2005-02-03,1.88,Mittelstürmer,
659278,Alessio Besio,Schweiz,2004-03-18,1.86,Mittelstürmer,
997906,Alessio Chiesa,Italien,2006-07-08,,Innenverteidiger,6.736928
1060997,Alessio Lebrino,Schweiz,2006-08-11,1.77,Offensives Mittelfeld,6.808319
394296,Alessio Miceli,Italien,1999-08-31,1.79,Zentrales Mittelfeld,
196914,Alex Gauthier,Schweiz,1995-01-27,1.79,Mittelstürmer,
10255,Alexander Farnerud,Schweden,1984-05-01,1.81,Zentrales Mittelfeld,
45881,Alexander Gerndt,Schweden,1986-07-14,1.85,Mittelstürmer,
880517,Alexander Lyng,Dänemark,2004-11-26,1.77,Linksaußen,
697540,Alexandre Edwige,Frankreich,1999-07-24,,Innenverteidiger,6.826713
891932,Alexandre Ferreira,Portugal,1999-04-03,,Innenverteidiger,
507472,Alexandre Jankewitz,Schweiz,2001-12-25,1.85,Zentrales Mittelfeld,
418656,Alexandre Nsakala,Frankreich,2000-03-20,1.8,Rechter Verteidiger,6.806662
332808,Alexandre Pakutu,DR Kongo,1994-11-21,1.85,Innenverteidiger,
61487,Alexandre Pasche,Schweiz,1991-05-31,1.75,Zentrales Mittelfeld,
805487,Alexandre Patrício,Schweiz,2004-02-17,1.82,Mittelstürmer,
603578,Alexandre Trabelsi,Schweiz,1999-09-07,,Rechter Verteidiger,6.674714
491293,Alexandros Safarikas,Griechenland,1999-08-26,1.94,Torwart,
1004483,Alexis Casadei,Frankreich,2004-12-23,1.89,Zentrales Mittelfeld,7.088134
813164,Alexis Charveys,Frankreich,1999-07-10,1.69,Zentrales Mittelfeld,
805084,Alexis Gapany,Schweiz,2005-07-18,,Torwart,
695055,Alexis Guérin,Frankreich,2000-08-05,1.69,Offensives Mittelfeld,
316613,Ali Kabacalman,Schweiz,1995-09-27,1.76,Defensives Mittelfeld,
1520947,Ali Ouattara,Frankreich,2006-09-11,1.8,Defensives Mittelfeld,6.857476
907625,Aliou Niang,Italien,1998-11-18,1.91,Mittelstürmer,6.756556
203109,Alix Bahlouli,Schweiz,1994-07-16,,Mittelstürmer,
1177276,Allan Bulu,Schweiz,2007-08-02,,Linker Verteidiger,6.779933
247728,Allan Eleouet,Schweiz,1994-07-29,1.74,Rechtsaußen,6.9048586
798157,Allan Khiari,Algerien,2002-06-28,1.9,Mittelstürmer,
861264,Almedin Osmanovic,Frankreich,1998-10-12,1.78,Offensives Mittelfeld,6.902938
656222,Alprim Robeli,Schweiz,2002-04-10,,Linkes Mittelfeld,
807893,Altijan Istrefaj,Albanien,2004-07-29,,Zentrales Mittelfeld,6.823539
728392,Altin Berisha,Kosovo,2005-05-03,1.83,Linkes Mittelfeld,6.7821755
687241,Altin Shala,Kosovo,2002-12-18,1.83,Rechtsaußen,6.6920705
902783,Amar Jusupovic,Bosnien-Herzegowina,2005-05-04,,Innenverteidiger,6.792135
786956,Amara Cissé,Frankreich,1997-11-18,1.91,Innenverteidiger,6.7720895
383279,Ambre Nsumbu,DR Kongo,1997-11-29,1.8,Linkes Mittelfeld,
375070,Ambrosio Da Costa,Schweiz,1999-05-17,1.8,Mittelstürmer,
805517,Amin Hajoubi,Schweiz,2004-07-30,,Defensives Mittelfeld,6.8785415
807925,Amine Kashi,Frankreich,2003-08-26,,Linksaußen,
951651,Amir Abdiji,Schweiz,2006-09-05,,Innenverteidiger,
509160,Amir Ramadani,Schweiz,1999-04-07,,Mittelfeld,
159720,Andelko Savic,Schweiz,1993-03-11,1.88,Mittelstürmer,
312041,Andi Ukmata,Schweiz,1997-04-05,1.87,Mittelstürmer,6.8343863
536838,Andrea Campello,Italien,2001-10-05,,Rechter Verteidiger,6.705029
1175584,Andrea Cecchetto,Italien,2006-10-28,,Torwart,
331905,Andrea Dragonetti,Italien,1995-07-21,1.72,Sturm,
76113,Andrea Maccoppi,Italien,1987-01-22,1.78,Zentrales Mittelfeld,
1407700,Andrea Riva,Schweiz,2010-04-11,,Offensives Mittelfeld,
608490,Andrei David,Rumänien,2003-01-26,,Offensives Mittelfeld,
939101,Andrej Krupljanin,Bosnien-Herzegowina,2001-12-26,,Torwart,
1129950,Andrej Vasovic,Schweiz,2007-10-14,1.87,Mittelstürmer,7.08692
1413543,Andrew Lachhab,Schweiz,2008-11-16,1.79,Mittelstürmer,6.807716
353134,Andri Good,Schweiz,1997-09-27,,Rechtes Mittelfeld,
543510,Andri Hadorn,Schweiz,2001-02-06,,Innenverteidiger,
192029,Andri Rüegsegger,Schweiz,1993-01-20,1.88,Zentrales Mittelfeld,
334395,Andri Werren,Schweiz,1997-02-22,,Torwart,
607595,Andri Zimmermann,Schweiz,2002-04-16,,Rechter Verteidiger,6.735855
698106,Andrin Gloor,Schweiz,2003-02-11,1.76,Linker Verteidiger,6.7182145
583011,Andrin Hunziker,Schweiz,2003-02-21,1.92,Mittelstürmer,
1061002,Andrin Ulli,Schweiz,2005-02-21,1.88,Mittelstürmer,6.7054114
525924,André Edgar,Angola,1999-06-28,1.85,Zentrales Mittelfeld,6.9630136
344165,André Gomes,Portugal,2001-08-07,,Defensives Mittelfeld,6.8704834
507449,André Monteiro,Schweiz,2001-04-19,,Torwart,7.083328
164646,André Neitzke,Brasilien,1986-11-24,1.86,Innenverteidiger,
342482,André Ribeiro,Portugal,1997-06-09,1.78,Hängende Spitze,
365107,Anel Husic,Schweiz,2001-03-01,1.89,Innenverteidiger,
1091196,Anel Sefer,Schweiz,2006-06-05,1.86,Innenverteidiger,6.717834
603569,Ange Dakouri,Schweiz,2002-01-23,1.77,Rechtsaußen,6.890045
421821,Angelo Campos,Portugal,2000-03-30,1.78,Mittelstürmer,
728424,Angelo Canelli,Italien,2004-09-25,,Linksaußen,
1049716,Angelo Carpani,Italien,2003-03-04,1.85,Innenverteidiger,6.7904267
624910,Anthony Baron,Guadeloupe,1992-12-29,1.8,Innenverteidiger,
284805,Anthony Bürgisser,Schweiz,1995-05-08,1.8,Defensives Mittelfeld,6.816411
227037,Anthony Mossi,DR Kongo,1994-05-15,1.9,Torwart,
1238220,Anthony Pellé,Schweiz,2005-08-19,1.73,Torwart,
395671,Anthony Racioppi,Schweiz,1998-12-31,1.89,Torwart,
259275,Anthony de Freitas,Frankreich,1994-05-10,1.79,Linker Verteidiger,6.813299
388212,Anthony von Arx,Schweiz,2001-07-23,,Torwart,
654234,Anton Kade,Deutschland,2004-01-17,1.85,Rechtes Mittelfeld,
194977,Antonio Felitti,Schweiz,1993-04-28,1.78,Rechter Verteidiger,
195913,Antonio Fischer,Deutschland,1996-08-09,1.75,Linker Verteidiger,
885352,Antonio Lukarov,Bulgarien,1995-01-30,,Mittelstürmer,
688604,Antonio Spagnoli,Schweiz,2005-05-31,1.85,Torwart,6.9778337
926270,Ara Kerobian,Armenien,2005-03-22,,Mittelstürmer,
620892,Arad Bar,Israel,2000-01-29,1.86,Zentrales Mittelfeld,
499218,Aramis Rohner,Schweiz,2001-02-18,,Rechtes Mittelfeld,
166377,Arben Buqaj,Kroatien,1991-10-19,1.7,Offensives Mittelfeld,
1159311,Arbias Morina,Schweiz,2003-04-30,,Innenverteidiger,6.7201185
203448,Arbnor Fejzulahi,Albanien,1993-04-08,1.85,Rechter Verteidiger,
728337,Arbnor Gecaj,Kosovo,2005-02-14,1.86,Innenverteidiger,6.74376
331540,Arbnor Hasani,Kosovo,2002-01-16,1.93,Innenverteidiger,6.8129945
620815,Arbër Jusufi,Schweiz,2002-03-19,1.72,Linkes Mittelfeld,
1057532,Arda Tirpanci,Schweiz,2007-07-05,1.83,Innenverteidiger,
507481,Ardi Molliqaj,Schweiz,2001-07-20,1.76,Mittelstürmer,6.686682
651289,Ardi Morina,Kosovo,2003-03-03,1.77,Defensives Mittelfeld,
707530,Ardian Bajrami,Schweiz,2004-03-08,1.88,Torwart,
926441,Ardian Osmani,Nordmazedonien,2005-02-03,1.82,Innenverteidiger,6.7236853
707522,Ardit Destani,Nordmazedonien,2003-12-09,1.8,Linksaußen,
1091199,Ardit Meha,Schweiz,2007-04-13,1.88,Torwart,
620812,Ardit Rexhepi,Schweiz,2002-02-14,1.8,Mittelstürmer,
335548,Arian Kabashi,Kosovo,1996-09-26,1.82,Innenverteidiger,
365104,Arianit Selmani,Schweiz,2001-06-12,,Torwart,
159464,Arif Celebi,Türkei,1989-10-03,,Torwart,
529357,Aris Sörensen,Schweiz,2001-05-16,1.91,Innenverteidiger,
707660,Aris Triantafillidis,Griechenland,2003-09-11,,Linksaußen,6.78456
397549,Armand Demalija,Griechenland,1998-01-19,1.92,Torwart,
98177,Armand Loué,Schweiz,1996-08-04,1.88,Innenverteidiger,
544353,Armend Zahaj,Schweiz,2002-04-25,1.76,Zentrales Mittelfeld,
531461,Armstrong Oko-Flex,Irland,2002-03-02,1.8,Linksaußen,
10058,Arnaud Bühler,Schweiz,1985-01-17,1.87,Innenverteidiger,
314457,Arnaud Kiedi,Frankreich,1994-01-17,,Mittelstürmer,
538636,Arnaud Morard,Schweiz,1999-04-17,,Zentrales Mittelfeld,6.8491883
605226,Arnel Kujovic,Montenegro,2002-03-14,1.84,Zentrales Mittelfeld,6.872401
1137190,Arnis Ademi,Schweiz,2007-01-02,,Linker Verteidiger,6.7364244
919226,Art Ahmetaj,Schweiz,2001-06-01,,Innenverteidiger,6.836618
355772,Artan Asani,Kosovo,2001-01-22,,Rechtsaußen,6.955522
954029,Arthur Bandeira,Brasilien,2003-05-06,1.81,Linker Verteidiger,6.9071355
195254,Arthur Deschenaux,Schweiz,1993-05-01,,Mittelstürmer,
421790,Arthur Ndebele,Schweiz,1999-01-22,,Rechter Verteidiger,
183316,Artian Kastrati,Schweiz,1995-01-11,1.76,Mittelstürmer,
223381,Arxhend Cani,Schweiz,1997-08-02,,Zentrales Mittelfeld,
438992,Asllan Demhasaj,Schweiz,1997-10-31,1.79,Rechter Verteidiger,
1253444,Assane Faye,Italien,2004-02-15,,Mittelstürmer,
332811,Astor Kilezi,Angola,1996-05-06,1.84,Mittelstürmer,
410648,Atdhe Rashiti,Albanien,1999-05-02,1.82,Mittelstürmer,
704407,Attilio Morosoli,Schweiz,2004-12-24,1.82,Torwart,7.0574427
991545,Aukan Moraga,Schweiz,2006-02-05,,Zentrales Mittelfeld,6.855237
635645,Aurèle Amenda,Schweiz,2003-07-31,1.94,Innenverteidiger,
154475,Aurélien Chappuis,Schweiz,1993-11-26,1.81,Defensives Mittelfeld,
267582,Axel Danner,Frankreich,1992-04-06,1.78,Rechter Verteidiger,
922788,Axel Kayombo,Frankreich,2006-02-25,1.86,Mittelstürmer,
925198,Axel Kuentz,Frankreich,2006-01-09,,Zentrales Mittelfeld,6.797132
1041458,Axel Rouquette,Frankreich,2003-01-01,1.7,Linker Verteidiger,
860052,Ayman El Wafi,Marokko,2004-05-11,1.89,Innenverteidiger,
562425,Ayoub Ouhafsa,Frankreich,1997-11-14,1.8,Mittelstürmer,6.9550714
363242,Ayrton Ribeiro,Portugal,1997-09-09,1.8,Zentrales Mittelfeld,
675997,Azihar Mhoumadi,Komoren,2002-04-29,1.81,Linkes Mittelfeld,6.8380027
405555,Baba Souaré,Schweiz,1999-03-07,1.93,Innenverteidiger,
288521,Babacar Dia,Senegal,1990-11-12,1.87,Innenverteidiger,
312068,Baptiste Bersier,Schweiz,1996-01-22,1.8,Mittelstürmer,6.747203
688612,Baptiste Stroppolo,Frankreich,2005-07-27,,Rechter Verteidiger,6.714663
464189,Basil Erne,Schweiz,2000-06-02,1.78,Linker Verteidiger,
801934,Basile Ogouvide,Togo,2004-01-02,1.84,Innenverteidiger,6.8453627
862762,Bastian Gasser,Schweiz,2005-05-15,,Zentrales Mittelfeld,6.822024
258307,Bastien Oberli,Schweiz,1997-10-03,1.72,Rechter Verteidiger,6.6698885
1042125,Baye Dame Thiam,Senegal,2001-03-30,,Sturm,
507344,Becir Omeragic,Schweiz,2002-01-20,1.87,Innenverteidiger,
604324,Behar Neziri,Deutschland,2003-01-06,1.85,Defensives Mittelfeld,
707548,Bela Dumrath,Deutschland,2003-11-18,1.98,Torwart,
270425,Belly Vumbi,Frankreich,1995-07-13,1.75,Linker Verteidiger,
607934,Ben Aser Lukebakueno,Schweiz,2001-04-26,,Mittelstürmer,
804781,Ben Lüthi,Schweiz,2005-12-01,1.77,Defensives Mittelfeld,6.747327
679655,Ben Schläppi,Schweiz,2003-03-26,1.9,Innenverteidiger,6.721345
700630,Beni Mangana,DR Kongo,2001-10-25,,Mittelfeld,
1256950,Benjamin Debons,Schweiz,2007-11-21,,Torwart,7.069552
357868,Benjamin Kabeya,Schweiz,2001-06-16,1.79,Rechter Verteidiger,6.8504734
433652,Benjamin Kimpioka,Schweden,2000-02-21,1.85,Linksaußen,
816666,Benjamin Rasca,Schweiz,2004-12-13,,Torwart,
449966,Benjamin Roth,Schweiz,2002-03-26,1.91,Torwart,7.1117754
941005,Bennet Ukaj,Deutschland,2002-11-11,1.84,Abwehr,6.710012
925236,Bennett Gasser,Schweiz,2006-08-17,1.75,Rechter Verteidiger,6.518794
1172168,Bennett Hoch,Schweiz,2007-11-14,,Torwart,7.1333895
499203,Bersan Gökpinar,Schweiz,2001-11-06,,Rechtsaußen,
728345,Berzan Polat,Türkei,2004-09-28,1.75,Linksaußen,
1065849,Besart Shabanaj,Schweiz,2006-01-19,1.8,Linkes Mittelfeld,6.804727
347711,Besnik Salihaj,Kosovo,1997-03-18,1.72,Zentrales Mittelfeld,
362551,Betim Dalipi,Kosovo,1998-01-08,1.83,Zentrales Mittelfeld,
1041460,Biel Gonzalez Gomez,Spanien,2003-03-29,1.9,Zentrales Mittelfeld,
245594,Bigonsan Le,Elfenbeinküste,1993-07-04,1.74,Mittelstürmer,
344648,Bijan Dalvand,Schweiz,1998-11-03,1.84,Defensives Mittelfeld,6.933743
629408,Binjamin Hasani,Schweiz,2003-04-22,1.85,Innenverteidiger,6.8465853
507477,Bledian Krasniqi,Kosovo,2001-06-17,1.73,Zentrales Mittelfeld,
1059690,Blendi Kaba,Schweiz,2006-05-29,,Innenverteidiger,
1042036,Blendi Vrenezi,Kosovo,2003-02-19,,Mittelfeld,
927403,Blendon Berisha,Schweiz,2005-06-13,,Zentrales Mittelfeld,6.696814
862738,Bleon Xhemaili,Schweiz,2005-01-14,,Defensives Mittelfeld,6.8074646
900968,Blerim Adzijaj,Kosovo,1997-08-26,,Abwehr,
492357,Blerim Iseni,Schweiz,1999-09-07,1.78,Defensives Mittelfeld,
805448,Bleron Mulliqi,Schweiz,2002-09-24,1.95,Innenverteidiger,6.8060927
623331,Bogdan Viunnyk,Ukraine,2002-05-21,1.89,Offensives Mittelfeld,
410788,Bojan Milosavljevic,Schweiz,1998-07-31,1.88,Torwart,
659392,Boluwatife Dosunmu,Schweiz,2003-10-17,1.89,Innenverteidiger,
669334,Bora Barry,Senegal,1999-11-24,1.84,Zentrales Mittelfeld,6.8559775
237660,Boris Babic,Schweiz,1997-11-10,1.8,Mittelstürmer,6.794219
500747,Boris Mpon,Frankreich,1999-01-13,1.78,Zentrales Mittelfeld,
48076,Boris Prokopic,Österreich,1988-03-29,1.81,Offensives Mittelfeld,
563098,Boubacar Fofana,Frankreich,1998-09-07,1.82,Linksaußen,
394445,Bradley Bavueza,Frankreich,1995-09-14,1.75,Linkes Mittelfeld,
203902,Braima Gafner,Schweiz,1996-05-15,1.84,Innenverteidiger,
446657,Brandon Onkony,Schweiz,1997-12-02,1.92,Innenverteidiger,6.740786
1202535,Brendon Abazi,Österreich,2003-12-26,1.86,Mittelstürmer,6.741286
317846,Breogan Espasandin,Schweiz,1996-05-02,1.85,Torwart,
651360,Brian Beyer,Frankreich,1996-10-15,1.84,Mittelstürmer,
1083047,Brillani Soro,Schweiz,2005-02-12,1.85,Innenverteidiger,6.839242
334321,Bruno Caslei,Schweiz,1996-01-18,1.84,Offensives Mittelfeld,
109715,Bruno Martignoni,Schweiz,1992-12-13,1.8,Innenverteidiger,6.8015027
317583,Bruno Morgado,Schweiz,1997-12-16,1.79,Linker Verteidiger,
1378087,Bryan Zurmühle,Schweiz,2009-02-11,,Mittelstürmer,6.7573123
1145249,Buba Diabbassey,Gambia,2007-01-01,,Mittelstürmer,
710899,Bung Hua Freimann,Schweiz,2004-07-11,1.79,Rechter Verteidiger,
922791,Bung Meng Freimann,Schweiz,2005-12-09,1.86,Innenverteidiger,
507334,Bung Tsai Freimann,Schweiz,2002-07-04,1.75,Innenverteidiger,6.7535677
464185,Calvin Heim,Schweiz,2000-09-18,1.93,Torwart,7.1182156
507342,Cameron Prats,Schweiz,2002-05-29,,Defensives Mittelfeld,
1060990,Carlo Gamboni,Schweiz,2006-01-04,,Rechter Verteidiger,
390123,Carlo Manicone,Italien,1998-01-26,1.83,Mittelstürmer,
815773,Carlos Semedo,Portugal,1999-06-17,,Linker Verteidiger,6.800988
38192,Carlos Silvio,Brasilien,1985-02-01,1.83,Mittelstürmer,
539811,Carmine Chiappetta,Schweiz,2003-03-09,1.75,Linkes Mittelfeld,6.9802313
867239,Carson Dormond,Kanada,2002-10-27,1.88,Mittelstürmer,
337373,Carte Said,Italien,1997-04-15,1.88,Offensives Mittelfeld,
334627,Cedric Franek,Schweiz,1996-03-04,1.88,Defensives Mittelfeld,6.918049
925732,Cedric Kämpf,Schweiz,2005-01-22,1.83,Torwart,
901022,Cedric Stillhart,Schweiz,2004-05-31,,Torwart,
928758,Charly Keita,Frankreich,1999-06-16,1.92,Mittelstürmer,
893977,Cherito Javier Halter Mosquea,Schweiz,1992-04-17,,Sturm,
794749,Cheveyo Tsawa,Schweiz,2006-12-09,1.85,Zentrales Mittelfeld,
629405,Christian Chirulli,Schweiz,2003-04-05,,Mittelstürmer,
357310,Christian Gomis,Senegal,2000-08-09,1.85,Mittelstürmer,
540662,Christian Konan,Italien,1999-07-12,1.8,Mittelstürmer,
45023,Christian Leite,Brasilien,1985-11-09,,Torwart,
419659,Christian Mourelle,Schweiz,1997-10-23,1.81,Zentrales Mittelfeld,6.9351807
1015770,Christian Raffa,Schweiz,2007-04-07,,Linksaußen,6.8899093
248823,Christian Schindler,Schweiz,1988-06-08,1.85,Torwart,
459344,Christian Spadoni,Italien,2000-09-27,1.84,Mittelstürmer,
337017,Christian Zock,Kamerun,1994-05-06,1.9,Zentrales Mittelfeld,6.802412
204368,Christoph Gebert,Schweiz,1992-04-02,,Linkes Mittelfeld,
203932,Christoph Schneuwly,Schweiz,1995-04-04,1.77,Defensives Mittelfeld,6.9194117
129680,Christophe Guedes,Schweiz,1993-02-16,1.88,Torwart,
64632,Christopher Mfuyi,DR Kongo,1989-07-03,1.87,Innenverteidiger,
153776,Christopher Routis,Frankreich,1990-03-03,1.86,Innenverteidiger,
235489,Christopher Teichmann,Schweiz,1995-10-13,,Rechtsaußen,6.899113
667468,Ciril Pahud,Schweiz,2004-03-25,,Rechter Verteidiger,6.7859693
706772,Claudio Bissegger,Schweiz,1997-04-11,,Abwehr,
337256,Claudio Bonanni,Italien,1997-03-05,1.83,Defensives Mittelfeld,
815551,Claudio Cellamare,Italien,2004-02-13,1.76,Rechter Verteidiger,6.6204624
85553,Claudio Holenstein,Schweiz,1990-09-10,1.8,Defensives Mittelfeld,
887357,Clivel Semedo,Schweiz,1999-11-10,1.84,Innenverteidiger,6.85222
939363,Clément Payan,Frankreich,1998-02-26,,Hängende Spitze,
925229,Cobel Sow García,Spanien,2006-11-02,1.7,Rechtsaußen,7.1143394
620802,Colin Erdin,Schweiz,2002-12-27,1.81,Innenverteidiger,
728149,Colin Hegner,Schweiz,2004-04-28,1.88,Torwart,7.1188216
541462,Colin Odutayo,Niederlande,2001-03-08,1.77,Linksaußen,6.917245
341324,Colin Trachsel,Schweiz,1997-09-28,1.77,Linker Verteidiger,
543403,Collins Ogbodo,Nigeria,1998-04-17,1.9,Defensives Mittelfeld,
687642,Connor Guilherme,Kanada,1996-02-05,1.9,Innenverteidiger,
948736,Corsin Konietzke,Schweiz,2006-06-21,1.85,Offensives Mittelfeld,6.95528
866219,Cosimo Fiorini,Italien,2006-05-27,1.78,Defensives Mittelfeld,6.9645844
80448,Cristian Anelli,Italien,1989-02-01,1.83,Innenverteidiger,
152240,Cristian Miani,Schweiz,1993-07-28,1.73,Linksaußen,
391237,Cristian Souza,Uruguay,1995-08-28,1.68,Rechtsaußen,
197260,Cyril Rizzo,Schweiz,1993-09-24,1.84,Innenverteidiger,
1140840,Cyril Schwendimann,Schweiz,2006-11-12,1.83,Torwart,7.07315
925220,Cyrill Emch,Schweiz,2005-09-15,1.89,Torwart,
1021729,Cédric Ackermann,Schweiz,2004-08-04,,Rechtes Mittelfeld,
1060503,Cédric Damian Röösli,Schweiz,2006-11-21,1.8,Linker Verteidiger,6.742121
718735,Célestin Daboné,Burkina Faso,1994-01-27,,Innenverteidiger,6.8064775
388751,Célien Wicht,Schweiz,1997-09-27,1.86,Mittelstürmer,6.795226
728031,Dagsan Vigneswaran,Sri Lanka,2004-02-05,1.85,Innenverteidiger,
1076806,Dagui Paviot,Frankreich,2002-06-15,1.89,Innenverteidiger,6.8567142
76080,Dalibor Radujko,Slowenien,1985-06-17,1.85,Defensives Mittelfeld,
461456,Dalibor Zunic,Serbien,1999-01-02,,Rechter Verteidiger,
931724,Damian Cvetkovic,Schweiz,2005-07-13,,Zentrales Mittelfeld,
625768,Damian Kelvin,Schweiz,2002-06-15,1.94,Innenverteidiger,6.8154235
923427,Damiano Plisko,Schweiz,2005-01-10,1.85,Rechter Verteidiger,6.7904243
1046468,Damiano Terzi,Schweiz,2006-01-04,,Zentrales Mittelfeld,
346887,Damien Buchard,Schweiz,2000-01-28,1.86,Torwart,
389736,Damien Chappot,Schweiz,1998-09-23,,Torwart,7.090305
1306849,Damien Odera,Kenia,2007-07-26,1.78,Linksaußen,6.7560816
276727,Damien Vanzo,Schweiz,1993-03-03,,Innenverteidiger,
675622,Damienus Reverson,Niederlande,2003-10-18,1.86,Mittelstürmer,6.735149
1103036,Damjan Coric,Kroatien,2007-02-17,,Defensives Mittelfeld,6.8985505
754158,Daniel Afriyie,Ghana,2001-06-26,1.76,Mittelstürmer,
1376570,Daniel Asiedu,Ghana,2005-01-14,1.9,Innenverteidiger,6.7822003
337810,Daniel Bezziccheri,Italien,1998-01-21,,Rechtsaußen,
541421,Daniel Da Silva Magalhaes,Schweiz,2002-10-29,,Torwart,
692187,Daniel Denoon,Schweiz,2004-01-28,1.88,Innenverteidiger,
194978,Daniel Follonier,Schweiz,1994-01-18,1.84,Rechtes Mittelfeld,
804938,Daniel Ihendu,Deutschland,2005-09-29,1.94,Innenverteidiger,6.770744
443422,Daniel Kadima,Schweiz,2000-04-17,,Defensives Mittelfeld,6.8517046
4769,Daniel Lopar,Schweiz,1985-04-19,1.87,Torwart,
1049474,Daniel Mendes,Portugal,2006-01-09,,Linkes Mittelfeld,6.925929
19671,Daniel Pavlovic,Bosnien-Herzegowina,1988-04-22,1.83,Innenverteidiger,
626300,Daniel Schröter,Schweiz,2004-02-13,,Mittelstürmer,6.754894
447481,Daniel Titié,Frankreich,1991-05-31,1.81,Innenverteidiger,6.772557
182584,Daniele Romano,Schweiz,1993-05-05,1.75,Linker Verteidiger,6.6933527
33347,Daniele Russo,Schweiz,1985-11-03,1.93,Innenverteidiger,
499192,Daniele Spataro,Italien,2000-08-09,1.74,Offensives Mittelfeld,
948737,Daniele Trivellin,Schweiz,2006-04-12,1.82,Mittelstürmer,6.823408
421825,Daniele Vesco,Schweiz,2000-03-05,,Mittelstürmer,7.0139966
285615,Danijel Stefanovic,Serbien,1997-09-20,1.86,Innenverteidiger,
65297,Danijel Subotic,Schweiz,1989-01-31,1.91,Mittelstürmer,
370393,Danilo Del Toro,Italien,1997-06-24,1.65,Offensives Mittelfeld,6.968197
389103,Danilo Ianigro,Schweiz,1997-05-23,1.67,Rechtsaußen,6.8370214
1060601,Dany Puglisi,Schweiz,2002-10-11,1.88,Torwart,
928948,Daoud Touré,Frankreich,2001-04-05,1.85,Linker Verteidiger,6.8457375
507479,Darian Males,Schweiz,2001-05-03,1.88,Rechtes Mittelfeld,
625797,Darian Yana,Schweiz,2003-10-04,1.92,Mittelstürmer,
708179,Dario Clasadonte,Italien,2003-09-19,1.8,Offensives Mittelfeld,
479270,Dario Harambasic,Kroatien,1999-06-15,1.85,Zentrales Mittelfeld,
500372,Dario Marcon,Schweiz,2000-04-08,,Defensives Mittelfeld,6.9161983
254968,Dario Marzino,Schweiz,1996-09-19,1.84,Torwart,7.091184
439678,Dario Stadler,Schweiz,1993-09-20,,Linkes Mittelfeld,6.7458854
243882,Dario Thürkauf,Schweiz,1997-02-26,1.89,Torwart,
1046529,Dario Wälti,Schweiz,2006-01-23,1.89,Torwart,7.1247616
691374,Daris Sabotic,Schweiz,2003-11-29,1.94,Mittelstürmer,6.7210693
93990,Darko Anic,Kroatien,1992-07-28,1.9,Mittelstürmer,
1264171,Darko Kocic,Schweiz,2005-04-14,,Linker Verteidiger,
947168,Darko Lötscher,Schweiz,2006-04-11,1.9,Mittelstürmer,6.7415667
194075,Darko Misic,Kroatien,1991-06-27,1.8,Rechter Verteidiger,
620801,David Brunner,Schweiz,2002-10-10,,Innenverteidiger,6.8665333
137735,David Forzano,Schweiz,1992-01-29,1.8,Defensives Mittelfeld,
631115,David Galeano,Schweiz,2002-06-30,,Innenverteidiger,
886481,David Gocic,Schweiz,2003-11-27,1.75,Defensives Mittelfeld,
893978,David Indra,Schweiz,2001-11-11,,Torwart,
521443,David Jacovic,Schweiz,2001-02-05,1.87,Innenverteidiger,
149464,David Kilinc,Schweiz,1992-01-19,1.84,Zentrales Mittelfeld,
1445321,David Kralovec,Kroatien,2007-04-20,1.91,Innenverteidiger,6.788288
523019,David Mouta,Schweiz,2005-06-15,,Rechtes Mittelfeld,6.932951
679229,David Piffero,Schweiz,2004-01-03,1.87,Mittelstürmer,6.7797637
925233,David Schädeli,Schweiz,2006-02-28,,Torwart,7.0727654
510893,David Stefanovic,Schweiz,2001-03-13,1.78,Linkes Mittelfeld,6.6813817
1016904,David Vujevic,Schweiz,2006-10-20,1.93,Innenverteidiger,6.7359176
1140762,David da Silva,Schweiz,2007-09-24,,Rechter Verteidiger,6.7244587
807598,David de Kalbermatten,Schweiz,2004-01-19,,Torwart,7.041197
203124,David von Ballmoos,Schweiz,1994-12-30,1.92,Torwart,
209803,Davide Giampà,Italien,1993-04-17,1.84,Mittelstürmer,6.762877
569765,Davide Savino,Italien,2001-08-23,1.87,Linkes Mittelfeld,
625770,Davide von Andrian-Werburg,Schweiz,2002-01-05,1.83,Torwart,
922288,Davud Sylaj,Kosovo,2005-08-07,1.88,Innenverteidiger,6.818826
214739,Dean Santangelo,Schweiz,1993-09-23,,Torwart,
630556,Deivid Gomes,Schweiz,2002-03-28,,Torwart,
107500,Dejan Jakovljevic,Bosnien-Herzegowina,1991-11-21,1.78,Offensives Mittelfeld,
390178,Dejan Zunic,Schweiz,1999-01-02,1.79,Linker Verteidiger,
999866,Dejvid Kabashi,Kosovo,2006-08-06,,Rechter Verteidiger,6.73594
284368,Demian Titaro,Schweiz,1996-08-12,1.67,Rechtsaußen,
925216,Demir Xhemalija,Schweiz,2006-06-07,1.8,Defensives Mittelfeld,7.0195665
927542,Demis Fiechter,Schweiz,2005-12-30,,Mittelstürmer,6.7947726
74813,Denis Markaj,Kosovo,1991-02-20,1.8,Rechter Verteidiger,
883148,Denis Martinovic,Schweiz,2005-07-15,,Torwart,7.098875
684605,Denis Pergjoka,Schweiz,2003-01-03,1.87,Mittelstürmer,
53957,Deniz Mujic,Österreich,1990-08-07,1.91,Mittelstürmer,
865975,Dennis Cordone,Italien,2005-02-09,1.85,Torwart,
123711,Dennis Iapichino,Schweiz,1990-07-27,1.82,Linker Verteidiger,6.7339935
410618,Dennis Vanin,Schweiz,1999-07-20,1.82,Defensives Mittelfeld,
284804,Dennis Wyder,Schweiz,1997-06-20,,Rechter Verteidiger,6.8033376
1164448,Diego Colucci,Schweiz,2007-06-15,,Linker Verteidiger,
507346,Diego Corvalan,Schweiz,2002-02-17,1.78,Rechter Verteidiger,
811022,Diego Heller,Schweiz,2004-11-20,1.83,Torwart,
620763,Diego Martin,Schweiz,2002-05-01,1.84,Linksaußen,6.9411764
895728,Diego Mina,Schweiz,2005-08-12,1.85,Torwart,7.037746
807947,Diego Rhein,Schweiz,2004-04-13,,Mittelstürmer,6.782566
65822,Diego Yanz,Schweiz,1988-07-29,1.94,Torwart,
443429,Dilan Qela,Kosovo,1998-08-07,1.77,Zentrales Mittelfeld,
278553,Dimitri Cavaré,Guadeloupe,1995-02-05,1.84,Innenverteidiger,
434970,Dimitri Volkart,Schweiz,1999-09-21,1.78,Mittelstürmer,6.737548
1303672,Din Ramic,Bosnien-Herzegowina,2008-12-28,1.87,Mittelstürmer,6.8521852
369862,Dino Babovic,Bosnien-Herzegowina,1995-09-20,,Linksaußen,6.895561
70790,Dino Rebronja,Montenegro,1991-06-12,1.86,Defensives Mittelfeld,
521444,Diogo Carraco,Portugal,2002-09-13,1.86,Zentrales Mittelfeld,
237972,Diogo Costa,Schweiz,1994-11-25,1.74,Linkes Mittelfeld,6.7988343
365109,Diogo Dos Santos,Schweiz,2001-08-27,,Linker Verteidiger,6.7757897
679217,Dion Dërmaku,Schweiz,2004-08-21,1.89,Innenverteidiger,
862755,Djelaidin Amedoski,Nordmazedonien,2005-03-14,,Innenverteidiger,6.801549
538969,Djibrail Dib,Algerien,2002-07-03,1.75,Offensives Mittelfeld,6.7281795
929222,Djibril Kaboyi,Frankreich,2002-02-13,,Defensives Mittelfeld,
1119623,Djordje Komatovic,Serbien,2004-06-24,1.8,Linksaußen,6.7397466
274344,Djordje Nikolic,Serbien,1997-04-13,1.95,Torwart,
461612,Djoumoi Moussa,Komoren,1999-07-16,1.78,Rechtsaußen,
647495,Dodi Rasmussen,Dänemark,2003-03-23,1.77,Offensives Mittelfeld,
539799,Dominic Maurer,Schweiz,2003-06-02,,Linkes Mittelfeld,
716068,Dominic Wenzler,Schweiz,2003-05-23,,Torwart,
1016909,Dominik Kalauz,Schweiz,2006-03-05,,Rechtsaußen,6.931901
804029,Dominik Lechner,Österreich,2005-04-01,,Offensives Mittelfeld,6.7137976
583018,Dominik Spaqi,Schweiz,2003-01-10,,Innenverteidiger,6.8543735
44650,Dominique Aebi,Schweiz,1988-05-04,1.93,Torwart,
534360,Donat Rrudhani,Kosovo,1999-05-02,1.88,Rechtes Mittelfeld,6.876433
91679,Donato Disabato,Italien,1990-04-17,1.67,Zentrales Mittelfeld,
1161945,Donis Demi,Schweiz,2007-02-22,,Defensives Mittelfeld,6.7536535
287173,Doriano Tanzillo,Schweiz,2000-02-20,1.78,Offensives Mittelfeld,
668596,Doron Leidner,Israel,2002-04-26,1.78,Linker Verteidiger,
1060993,Doron Lichtenstein,Schweiz,2006-02-12,1.8,Zentrales Mittelfeld,6.899913
443416,Dragan Stjepanovic,Kroatien,1999-06-26,1.75,Linksaußen,6.9537706
284840,Dragan Zivanovic,Serbien,1990-12-08,,Torwart,
599284,Dramane Sissoko,Frankreich,1998-05-26,1.87,Mittelstürmer,6.8550334
606400,Drin Budakova,Schweiz,1999-12-09,1.84,Offensives Mittelfeld,
939102,Dylan Daniels,Simbabwe,2003-02-12,,Linksaußen,
309947,Dylan Dugourd,Schweiz,1995-12-01,1.94,Mittelstürmer,6.8205543
1291516,Dylan Fatzer,Schweiz,2003-08-21,,Mittelfeld,
708435,Dylan Hofmänner,Schweiz,2003-09-13,,Zentrales Mittelfeld,
1256963,Dylan Munroe,Schweiz,2008-10-22,1.82,Rechtsaußen,
631114,Dylan Tutonda,Schweiz,2003-07-06,1.87,Defensives Mittelfeld,
491180,Dzenan Talic,Schweiz,1999-10-18,1.8,Defensives Mittelfeld,6.7234364
1164252,Ebrahim Ceesay,Schweiz,2007-05-27,,Linksaußen,
567217,Ebrima Colley,Gambia,2000-02-01,1.8,Linksaußen,7.057221
524395,Edgar Gonçalves,Portugal,1999-06-18,,Zentrales Mittelfeld,7.0287375
1164260,Edin Etoski,Schweiz,2007-04-02,,Rechtsaußen,6.9538736
633189,Edis Bytyqi,Schweiz,2003-02-27,1.77,Offensives Mittelfeld,
702982,Edison Cocaj,Schweiz,2000-10-31,1.73,Zentrales Mittelfeld,
815647,Edmir Zulic,Schweiz,2003-05-21,,Linkes Mittelfeld,
511591,Edmond Berzati,Schweiz,2000-04-24,1.7,Defensives Mittelfeld,
461445,Edoardo Picozzi,Italien,1998-05-17,1.83,Linker Verteidiger,
951664,Edoardo Rossi,Schweiz,2006-05-14,,Torwart,
334531,Edon Beqiri,Schweiz,1998-07-09,1.87,Offensives Mittelfeld,
667459,Edon Berisha,Schweiz,2004-01-03,1.8,Linksaußen,7.049142
1287412,Edon Jusufi,Schweiz,2005-04-21,1.87,Innenverteidiger,6.7049947
659397,Edvin Osmani,Schweiz,2003-08-21,1.94,Innenverteidiger,6.8557467
183004,Egzon Kllokoqi,Schweiz,1993-05-13,1.9,Innenverteidiger,6.899098
620825,Egzon Rexhaj,Kosovo,2002-11-15,1.8,Linker Verteidiger,6.761438
927425,Egézon Dauti,Schweiz,2006-01-22,1.85,Torwart,
1042135,Elamine Moussa,Frankreich,2002-01-06,,Linker Verteidiger,
284683,Elbasan Dzeljadini,Schweiz,1993-05-31,1.83,Innenverteidiger,
1060989,Eldar Hujdur,Schweiz,2006-02-18,1.96,Innenverteidiger,
1380421,Elhadj Alassane Diallo,Frankreich,2005-10-27,,Rechtes Mittelfeld,6.8167176
1292046,Elhadj Diallo,Schweiz,2005-09-22,,Rechter Verteidiger,6.718134
633191,Elhan Emini,Nordmazedonien,2003-06-20,1.75,Linkes Mittelfeld,
728391,Elia Bartolomeo,Schweiz,2005-08-17,,Rechter Verteidiger,6.715502
604818,Elia Kurzidim,Schweiz,2004-06-06,1.86,Rechter Verteidiger,
633848,Elia Rosalen,Schweiz,2001-08-30,,Rechtes Mittelfeld,
719783,Elia Vogel,Schweiz,2004-06-01,1.82,Innenverteidiger,6.8144913
925228,Eliah Jordan,Schweiz,2006-03-07,1.74,Rechter Verteidiger,6.8315225
521426,Elias Frei,Schweiz,2000-12-03,1.71,Linker Verteidiger,
667464,Elias Maluvunu,Schweiz,2004-08-03,1.82,Rechtes Mittelfeld,
500751,Elias Mesonero,Schweiz,2001-03-27,1.85,Innenverteidiger,
524384,Elias Pasche,Schweiz,1998-10-19,1.83,Linksaußen,
608193,Elies Jebli,Schweiz,2002-04-05,,Rechtes Mittelfeld,
541427,Elijah Okafor,Schweiz,2003-09-30,1.81,Rechter Verteidiger,6.701378
711437,Elio Castro,Schweiz,2004-09-05,1.93,Torwart,
1015825,Elio Rufener,Schweiz,2007-02-12,,Defensives Mittelfeld,6.9354296
1123382,Elio Trochen,Schweiz,2007-10-15,1.84,Torwart,
925221,Elion Jashari,Kosovo,2005-08-09,1.85,Zentrales Mittelfeld,
937668,Eliott Périat,Schweiz,2005-06-03,,Linkes Mittelfeld,6.669753
346889,Elis Isufi,Schweiz,2000-05-21,1.87,Innenverteidiger,6.8104544
661900,Elmedin Avdic,Schweiz,2002-03-19,1.85,Offensives Mittelfeld,6.91234
499327,Elmedin Fazlic,Schweiz,2002-07-18,1.88,Innenverteidiger,6.8447237
995818,Elohim Kamoko,Schweiz,2006-02-14,1.88,Innenverteidiger,6.7539244
122722,Elton Monteiro,Portugal,1994-02-22,1.92,Innenverteidiger,
728152,Elton Morina,Schweiz,2004-05-21,1.92,Mittelstürmer,6.6421776
194654,Elvedin Causi,Schweiz,1992-06-02,1.84,Mittelstürmer,6.693413
501962,Elvir Muminovic,Bosnien-Herzegowina,2001-03-02,1.77,Rechter Verteidiger,6.7336392
926337,Elyes Laouini,Tunesien,2001-06-11,,Zentrales Mittelfeld,6.8554564
962748,Emery Dionso,Frankreich,2000-10-01,,Mittelfeld,
424290,Emiliano Mozzone,Uruguay,1998-04-23,1.8,Mittelstürmer,
1004412,Emilien Grosso,Schweiz,2006-12-13,,Torwart,7.092779
595870,Emils Emulovs,Lettland,2000-06-30,1.89,Torwart,
1060502,Emir Lokmic,Schweiz,2006-09-24,1.87,Innenverteidiger,
888797,Emir Tombul,Türkei,2001-01-04,1.93,Innenverteidiger,
604529,Emirhan Eraslan,Türkei,2003-01-31,1.89,Innenverteidiger,
863745,Emmanuel Essiam,Ghana,2003-12-19,1.83,Zentrales Mittelfeld,
483759,Emmanuel Makia,Schweiz,1998-10-07,1.76,Offensives Mittelfeld,
382480,Emmanuel Mast,Schweiz,1998-04-20,1.83,Mittelstürmer,6.7322073
719306,Emmanuel Samba,Frankreich,2001-05-12,1.9,Mittelstürmer,
1060983,Emmanuel Tsimba,Schweiz,2006-06-22,1.89,Mittelstürmer,6.762514
1060988,Emrah Isic,Bosnien-Herzegowina,2006-04-27,1.85,Zentrales Mittelfeld,6.8900023
604558,Emre Ercin,Schweiz,2002-01-10,,Rechter Verteidiger,6.7998805
798156,Emre Karadagli,Türkei,2003-11-20,1.68,Rechtsaußen,6.796098
962841,Endrit Bejic,Schweiz,2006-02-06,1.94,Mittelstürmer,6.849124
357308,Endrit Morina,Kosovo,2001-08-24,1.86,Innenverteidiger,
911271,Enea Heiniger,Schweiz,2005-10-02,,Innenverteidiger,6.8371286
927406,Enea Schläfli,Schweiz,2005-12-12,,Linker Verteidiger,
254951,Enes Ciftci,Türkei,1997-04-06,1.67,Offensives Mittelfeld,
439462,Enes Yesilçayir,Schweiz,1998-09-25,1.8,Defensives Mittelfeld,
284467,Enis Alaj,Kosovo,1996-04-19,,Mittelstürmer,
604823,Enis Asani,Albanien,2004-07-30,1.86,Defensives Mittelfeld,6.8697696
499328,Enis Fazlija,Kosovo,2002-11-06,,Zentrales Mittelfeld,6.7641373
565972,Enis Kuka,Kosovo,1994-06-05,,Mittelstürmer,6.802331
583014,Enis Musai,Nordmazedonien,2003-04-06,1.71,Offensives Mittelfeld,
537498,Enrico Biancon,Italien,2001-08-28,1.91,Innenverteidiger,
359079,Enrique Wild,Schweiz,1999-09-27,1.76,Linker Verteidiger,6.792476
707932,Ensar Huruglica,Schweiz,2003-05-27,1.83,Offensives Mittelfeld,6.9844456
521429,Ensar Ismaili,Nordmazedonien,2000-02-17,,Linker Verteidiger,6.725833
607586,Enzo Adeagbo,Schweiz,2002-01-11,1.94,Innenverteidiger,6.570363
729456,Enzo Grasso,Frankreich,1996-11-14,1.71,Offensives Mittelfeld,
1167678,Enzo Mougnol,Frankreich,2005-01-04,1.97,Innenverteidiger,6.7359033
1058015,Enzo Vincent,Frankreich,2002-05-09,,Rechtsaußen,
1303665,Erblin Sadikaj,Schweiz,2008-03-13,1.84,Innenverteidiger,6.798142
688608,Erdin Ismaili,Albanien,2005-06-10,1.83,Rechter Verteidiger,6.759803
583017,Erduan Smajli,Schweiz,2003-02-01,1.78,Linksaußen,
203894,Eric Briner,Schweiz,1996-02-01,,Defensives Mittelfeld,6.9555554
334264,Eric Tia,Elfenbeinküste,1996-11-28,1.79,Linkes Mittelfeld,6.8219633
866287,Erion Salihu,Kosovo,2005-07-11,,Defensives Mittelfeld,
413459,Eris Abedini,Kosovo,1998-08-29,1.9,Defensives Mittelfeld,
66052,Ermir Lenjani,Albanien,1989-08-05,1.75,Linker Verteidiger,6.706427
805710,Erwin Afua,Schweiz,2001-01-26,,Innenverteidiger,
196434,Esat Balaj,Schweiz,1995-05-09,1.8,Zentrales Mittelfeld,
659271,Esey Gebreyesus,Schweiz,2004-01-23,1.82,Rechtes Mittelfeld,6.7350745
811017,Espoir Niyo,Ruanda,2003-12-02,,Defensives Mittelfeld,6.9885907
479480,Esteban Petignat,Schweiz,2000-05-17,1.77,Mittelstürmer,6.831344
1177907,Ethan Bruchez,Schweiz,2008-04-07,1.82,Offensives Mittelfeld,6.9043984
633197,Etienne Parente,Schweiz,2003-07-19,1.83,Rechter Verteidiger,6.748329
525070,Etnik Nezaj,Schweiz,1999-04-03,1.92,Innenverteidiger,
85240,Eugenio Lamanna,Italien,1989-08-07,1.87,Torwart,7.069327
281440,Eusébio Bancessi,Guinea-Bissau,1995-08-04,1.79,Rechtsaußen,
539796,Evan Berrut,Schweiz,2003-03-24,1.72,Zentrales Mittelfeld,6.833393
622022,Evan Rossier,Schweiz,2003-01-05,1.82,Mittelstürmer,6.921127
273404,Evan Stadelmann,Schweiz,1995-11-21,1.8,Rechter Verteidiger,6.722858
925217,Evann Senaya,Frankreich,2006-04-01,1.83,Rechtsaußen,6.9269514
823521,Evans Maurin,Frankreich,2001-03-30,1.79,Mittelstürmer,
1005289,Exaucé Mafoumbi,Frankreich,2005-03-28,,Mittelstürmer,6.7836924
1061042,Ezequiel Gomez,Schweiz,2006-01-01,1.78,Rechtsaußen,6.8545914
119164,Ezequiel Schelotto,Italien,1989-05-23,1.87,Rechtes Mittelfeld,7.016343
703037,Fabian Erzinger,Schweiz,1990-05-07,,Sturm,
211688,Fabian Fellmann,Schweiz,1996-07-23,1.85,Torwart,7.0673685
483767,Fabian Gerber,Schweiz,1999-04-01,,Defensives Mittelfeld,
816727,Fabian Hasler,Schweiz,2004-07-01,1.8,Defensives Mittelfeld,
885340,Fabian Hirschi,Schweiz,1999-11-10,,Mittelfeld,
203913,Fabian Lokaj,Albanien,1996-08-23,1.86,Mittelstürmer,
42203,Fabian Lustenberger,Schweiz,1988-05-02,1.82,Innenverteidiger,
244639,Fabian Meier,Schweiz,1993-02-11,,Torwart,
451483,Fabian Rohner,Schweiz,1998-08-17,1.78,Rechtes Mittelfeld,
276998,Fabian Schubert,Österreich,1994-08-29,1.94,Mittelstürmer,
32476,Fabian Stoller,Schweiz,1988-03-31,1.83,Defensives Mittelfeld,
607592,Fabian Stöber,Schweiz,2002-02-27,1.74,Linker Verteidiger,6.6217003
346891,Fabiano Pereira,Schweiz,2000-10-05,,Zentrales Mittelfeld,6.955844
927351,Fabio Almeida Matos,Schweiz,2005-05-04,,Innenverteidiger,6.777457
452568,Fabio Capone,Italien,1997-07-11,1.86,Mittelstürmer,6.690479
866294,Fabio Carigiet,Schweiz,2003-10-09,1.81,Torwart,
604820,Fabio Di Brizzi,Deutschland,2004-11-26,1.74,Offensives Mittelfeld,6.8764606
464192,Fabio Dixon,Schweiz,1999-06-21,1.83,Rechter Verteidiger,
380064,Fabio Janett,Schweiz,1998-10-06,,Offensives Mittelfeld,6.8857045
244427,Fabio Lo Vacco,Italien,1993-09-25,1.69,Zentrales Mittelfeld,6.8491755
707554,Fabio Lymann,Schweiz,2002-11-23,1.75,Offensives Mittelfeld,
364658,Fabio Morelli,Schweiz,1995-03-14,,Linksaußen,6.706352
335527,Fabio Niederhauser,Schweiz,1996-03-03,,Innenverteidiger,6.8575997
1044751,Fabio Pirona,Schweiz,2006-09-04,1.8,Zentrales Mittelfeld,6.7801886
507463,Fabio Solimando,Schweiz,2001-12-27,1.72,Linksaußen,
1161937,Fabio Walker,Schweiz,2007-09-24,1.85,Rechtsaußen,6.8775163
1074131,Fabrice Gwerder,Schweiz,2006-03-09,,Rechter Verteidiger,6.729339
629387,Fabrice Suter,Schweiz,2003-05-28,1.85,Innenverteidiger,6.8313894
707550,Fabrizio Cavegn,Schweiz,2002-08-28,1.78,Mittelstürmer,
765505,Fabulus Ahuissou,Schweiz,2006-03-23,,Zentrales Mittelfeld,6.8075852
633190,Federico Crescenti,Schweiz,2004-07-13,1.73,Mittelstürmer,
273150,Federico Gentile,Italien,1985-01-27,1.8,Zentrales Mittelfeld,
458790,Federico Gianola,Italien,2000-06-12,1.85,Defensives Mittelfeld,
282483,Federico Rasic,Argentinien,1992-03-24,1.98,Mittelstürmer,6.959694
287183,Fedor Chalov,Russland,1998-04-10,1.81,Mittelstürmer,
500760,Felipe Borges,Schweiz,2001-01-01,1.83,Mittelstürmer,
226067,Felipe Dorta,Österreich,1996-06-17,1.72,Linksaußen,7.018544
812805,Felipe Ronchetti,Italien,2003-01-31,1.75,Zentrales Mittelfeld,
499317,Felix Gebhardt,Deutschland,2002-03-01,1.9,Torwart,
311450,Felix Hornung,Schweiz,1996-10-10,1.84,Torwart,7.104305
507496,Felix Mambimbi,Schweiz,2001-01-18,1.71,Linksaußen,
508069,Ferhat Saglam,Liechtenstein,2001-10-10,1.81,Rechtsaußen,
1022306,Filip Da Silva,Norwegen,2003-10-27,,Linksaußen,
630554,Filip Degen,Schweiz,2001-07-31,1.94,Innenverteidiger,
507468,Filip Frei,Schweiz,2001-01-07,1.75,Rechter Verteidiger,
464195,Filip Stojilkovic,Schweiz,2000-01-04,1.86,Mittelstürmer,
1000314,Filip Zuvic,Serbien,2003-08-13,,Innenverteidiger,6.7706714
1057530,Fin Sommer,Schweiz,2007-05-25,,Linksaußen,
388872,Fitim Rugovaj,Schweiz,1997-02-16,1.86,Mittelstürmer,
629392,Flavio Caserta,Schweiz,2003-08-22,1.79,Linker Verteidiger,6.686364
524864,Floran Ajeti,Schweiz,1999-03-13,,Rechtsaußen,6.8913507
639703,Florent Genoud,Schweiz,2003-06-15,,Innenverteidiger,
691043,Florent Hushi,Schweiz,2003-07-09,1.94,Defensives Mittelfeld,6.965242
680061,Florent Jubin,Schweiz,1995-08-25,,Innenverteidiger,6.736442
610163,Florent Shehu,Schweiz,2002-05-17,1.85,Offensives Mittelfeld,
707990,Florian Bekteshi,Schweiz,2003-07-02,,Offensives Mittelfeld,
728394,Florian Buhl,Schweiz,2005-08-06,1.78,Defensives Mittelfeld,6.81188
819938,Florian Danho,Frankreich,2000-06-21,1.88,Mittelstürmer,
147044,Florian Gudit,Schweiz,1994-01-18,1.68,Defensives Mittelfeld,
507471,Florian Hysenaj,Kosovo,2001-07-20,1.8,Mittelstürmer,
284020,Florian Kamberi,Albanien,1995-03-08,1.89,Mittelstürmer,
931149,Florian Schuler,Schweiz,2005-01-11,1.9,Innenverteidiger,6.8073025
807899,Florian Wyss,Schweiz,2004-01-10,,Rechtsaußen,
583043,Florian van der Werff,Schweiz,2003-02-15,,Defensives Mittelfeld,
524865,Floriant Zubaku,Schweiz,1999-09-21,,Rechtsaußen,
655629,Fotios Pseftis,Griechenland,2003-01-19,1.91,Torwart,7.123791
49521,Francesco Bolzoni,Italien,1989-05-07,1.83,Defensives Mittelfeld,
167734,Francesco Gazo,Italien,1992-02-29,1.74,Zentrales Mittelfeld,
803786,Francesco Nicastri,Schweiz,2002-07-05,,Linker Verteidiger,
895589,Francesco Sam Ballistreri,Schweiz,2005-05-21,1.85,Torwart,
525925,Francesco Sergi,Schweiz,1999-06-10,1.85,Innenverteidiger,
1145251,Francisco Bessa Pinto,Portugal,2006-07-07,,Zentrales Mittelfeld,6.763272
227967,Francisco Rodríguez,Schweiz,1995-09-14,1.77,Zentrales Mittelfeld,6.9215584
442080,Franck Koré,Frankreich,1995-05-16,1.87,Mittelstürmer,
427069,Franck Nioby,Kongo,1996-06-24,1.75,Zentrales Mittelfeld,6.877308
87268,François Affolter,Schweiz,1991-03-13,1.86,Innenverteidiger,
583052,François Guidotti,Schweiz,2003-04-28,1.62,Innenverteidiger,
33718,François Marque,Frankreich,1983-07-31,,Innenverteidiger,
667456,Fred Annor-Mensah,Schweiz,2004-08-26,,Zentrales Mittelfeld,6.848825
862733,Freddy Bomo,Schweiz,2005-10-02,1.86,Zentrales Mittelfeld,
134618,Freddy Mveng,Schweiz,1992-05-29,1.77,Defensives Mittelfeld,6.880525
40064,Frédéric Nimani,Zentralafrikanische Republik,1988-10-08,1.91,Mittelstürmer,
410601,Fuad Rahimi,Schweiz,1998-04-11,1.87,Innenverteidiger,6.829028
507395,Fábian Gloor,Kuba,2002-08-12,1.84,Rechter Verteidiger,6.8348355
670526,Fábio Delgado,Portugal,2002-09-27,1.84,Mittelstürmer,6.7748756
423407,Fábio Gomes,Schweiz,1999-07-16,1.87,Zentrales Mittelfeld,
390176,Fábio Quintoles,Schweiz,1999-02-28,1.64,Offensives Mittelfeld,
499205,Gabriel Di Noto,Schweiz,2001-02-23,,Zentrales Mittelfeld,6.8421035
698228,Gabriel Passi,Schweiz,2002-02-07,1.85,Innenverteidiger,6.82953
633846,Gabriel Pereira,Portugal,2001-12-17,1.75,Rechter Verteidiger,6.7405896
496166,Gabriel Pereira Caldas,Portugal,1998-06-15,1.83,Torwart,
1353564,Gabriel Roskovic,Serbien,2009-01-21,1.84,Linker Verteidiger,
807869,Gabriel Selmanaj,Schweiz,2004-06-08,,Linkes Mittelfeld,6.713341
1085689,Gabriele Cettolin,Italien,2006-08-06,1.88,Torwart,
310735,Gabriele D'Ovidio,Italien,1996-01-07,1.87,Torwart,
507398,Gabriele De Donno,Schweiz,2002-02-16,1.93,Rechtes Mittelfeld,
499202,Gabriele Levante,Frankreich,2001-06-22,1.71,Linker Verteidiger,6.8463416
1380413,Gabriele Razzetti,Italien,2007-05-21,,Mittelfeld,
992966,Gael Batadikio,Schweiz,2006-08-22,,Defensives Mittelfeld,6.732999
70972,Gastón Magnetti,Argentinien,1985-01-19,1.82,Mittelstürmer,6.637097
187597,Genc Krasniqi,Schweiz,1994-02-12,1.84,Mittelstürmer,
1111073,Gennaro van der Sluis,Niederlande,2008-07-08,,Mittelstürmer,6.685685
805702,Gent Rexhepi,Kosovo,2004-10-14,1.91,Innenverteidiger,
927541,Gent Shala,Schweiz,2005-10-04,1.75,Linksaußen,
270009,Gentian Bunjaku,Schweiz,1993-02-26,,Mittelstürmer,
324251,Gentian Demolli,Schweiz,1996-07-26,1.88,Innenverteidiger,
521449,Gentrim Uka,Schweiz,2002-04-06,1.8,Mittelstürmer,
944830,Gentrit Muslija,Schweiz,2006-01-19,1.88,Torwart,
478426,Genís Montolio,Spanien,1996-07-23,1.83,Innenverteidiger,
921612,Georges Gomis,Spanien,2004-09-15,1.89,Innenverteidiger,6.7944355
698105,Gerson Rebelo,Portugal,2003-02-07,1.77,Rechter Verteidiger,6.7919397
342825,Gezim Pepsi,Kosovo,1998-07-12,1.81,Defensives Mittelfeld,
1138255,Giacomo Koloto,Schweiz,2008-01-31,1.8,Mittelstürmer,7.062548
1079276,Giacomo Sacino,Schweiz,2005-04-18,,Torwart,
1061228,Gian Stork,Schweiz,2007-03-12,1.87,Innenverteidiger,6.8366075
347096,Giancarlo Negro,Schweiz,1997-09-15,1.8,Mittelstürmer,
334694,Giandomenico Tanzillo,Schweiz,1996-06-06,1.79,Mittelstürmer,
698026,Gianluca Pizzagalli,Italien,2003-03-10,1.77,Rechtes Mittelfeld,6.7823186
583036,Gianni De Nitti,Schweiz,2003-04-09,1.86,Torwart,7.0917654
1138259,Gil Zufferey,Schweiz,2008-03-02,1.88,Innenverteidiger,6.799547
700223,Gilles Richard,Schweiz,2003-02-23,1.86,Innenverteidiger,
365094,Gillian Chavanne,Schweiz,2001-12-22,,Torwart,
1046492,Gioele Salvadore,Schweiz,2006-02-23,,Hängende Spitze,
1188561,Giorgio Amberg,Schweiz,2006-05-16,,Torwart,
634019,Giosue Capozzi,Schweiz,2003-04-22,1.84,Innenverteidiger,6.790984
658270,Giovani Yapi,Elfenbeinküste,2002-09-11,,Zentrales Mittelfeld,6.8698206
992432,Giovanni D'Agostino,Vereinigte Staaten,2004-08-27,,Mittelstürmer,6.8758225
818159,Giovanni D'Aprile,Italien,2005-07-01,1.89,Innenverteidiger,6.637637
284768,Giovanni Italo,Schweiz,1994-08-03,1.75,Rechtes Mittelfeld,
349532,Giovanni La Rocca,Brasilien,1997-06-06,1.75,Mittelstürmer,6.758034
934577,Giuseppe Macario,Italien,2003-02-03,,Rechtes Mittelfeld,
1015809,Gjan Ajdin,Schweden,2007-01-13,1.87,Defensives Mittelfeld,6.8366623
940199,Glenn Manga Tabi,Kamerun,1998-03-21,1.88,Mittelstürmer,
536511,Gobé Gouano,Frankreich,2000-12-10,1.85,Mittelstürmer,
149490,Gonzalo Soto,Argentinien,1990-04-03,1.9,Innenverteidiger,
587106,Gonçalo Cardoso,Portugal,2000-10-21,1.89,Innenverteidiger,
925724,Gonçalo Figueiredo,Portugal,2003-11-21,,Mittelstürmer,6.8848896
33337,Goran Karanovic,Schweiz,1987-10-13,1.85,Mittelstürmer,
944743,Graigy-Adams Innocent,Frankreich,2000-03-12,1.79,Linksaußen,
916486,Granit Islami,England,2001-09-19,1.94,Innenverteidiger,6.767183
895748,Guilherme Estevam,Portugal,2001-01-29,,Torwart,
160453,Guillaume Golay,Schweiz,1991-10-28,,Innenverteidiger,
23934,Guillaume Hoarau,Frankreich,1984-03-05,1.92,Mittelstürmer,
1103038,Guillem Moreno Vinas,Schweiz,2007-12-26,,Innenverteidiger,6.7889786
320834,Guillermo Padula,Uruguay,1997-09-16,1.81,Innenverteidiger,
236089,Guto,Portugal,1989-11-08,1.82,Offensives Mittelfeld,
329816,Guy Tapé,Elfenbeinküste,1992-05-13,1.87,Defensives Mittelfeld,
1095373,Guyna Ntambu Mpemba,DR Kongo,1996-07-27,,Mittelstürmer,
944871,Guélor Samba,Schweiz,2004-04-20,,Rechter Verteidiger,6.805795
574871,Gürkan Özdemir,Schweiz,2001-01-08,1.78,Rechter Verteidiger,
698224,Hajdar Munishi,Schweiz,2002-07-26,1.83,Linksaußen,6.996966
728395,Hakija Canoski,Nordmazedonien,2005-03-31,1.86,Mittelstürmer,
334534,Hamza Kari,Algerien,1995-03-19,1.85,Mittelstürmer,
1161940,Hannes Knaak,Deutschland,2007-01-31,1.81,Zentrales Mittelfeld,6.9800215
932172,Haris Kozarac,Bosnien-Herzegowina,2006-10-01,1.85,Innenverteidiger,
599830,Hariz Osmanbasic,Schweiz,1997-10-07,,Mittelstürmer,
829696,Hassen Haddad,Italien,2000-10-12,1.93,Mittelstürmer,
685581,Helder Moises,Angola,2001-09-08,,Torwart,
507495,Henri Koide,Schweiz,2001-04-06,1.8,Mittelstürmer,
572351,Henrique Soares,Schweiz,2000-05-09,,Mittelstürmer,6.833041
63449,Henry Acosta,Schweiz,1988-12-20,1.76,Linksaußen,
968820,Hermann Daha,England,2006-08-15,,Rechtsaußen,6.8832912
198369,Hermann-Dieter Baka,Frankreich,1992-08-14,1.95,Zentrales Mittelfeld,
698107,Hervé Matondo,Angola,2003-08-06,1.85,Defensives Mittelfeld,6.8415956
344610,Hicham Mahou,Frankreich,1999-07-02,1.79,Rechtsaußen,
607916,Higor Kolua,Angola,2001-03-08,1.77,Linker Verteidiger,6.7261653
863405,Hozan Osman,Syrien,2003-05-16,1.78,Linksaußen,7.055952
1266693,Hugo Allo Mouzo,Spanien,2007-10-11,,Sturm,
499211,Hugo Casano,Frankreich,2001-03-29,,Rechtsaußen,7.191858
192676,Hugo Fargues,Frankreich,1992-04-16,1.78,Offensives Mittelfeld,
866285,Hugo Parra,Schweiz,2005-09-13,1.8,Mittelstürmer,
743519,Hugo Vogel,Frankreich,2004-01-04,1.77,Linker Verteidiger,
618487,Hussayn Touati,Frankreich,2001-10-03,1.76,Rechtsaußen,
900953,Hussein Attifi,Irak,1999-02-11,,Torwart,
1407702,Ian Tiraboschi,Schweiz,2010-06-01,,Rechtsaußen,6.8390613
492014,Idriz Bega,Schweiz,1999-09-26,,Zentrales Mittelfeld,6.935493
338864,Ifeanyi Mathew,Nigeria,1997-01-20,1.75,Zentrales Mittelfeld,
604616,Ignacio Aliseda,Argentinien,2000-03-14,1.68,Linksaußen,
815645,Ignacio Manzo,Argentinien,1997-07-06,1.75,Defensives Mittelfeld,
507491,Igor Andrejevic,Schweiz,2001-01-04,,Rechtsaußen,
639705,Igor Pavlov,Russland,2003-03-13,,Rechtes Mittelfeld,
507484,Ilan Sauter,Schweiz,2001-02-06,1.86,Innenverteidiger,6.8190293
743531,Ilann Petrisot,Frankreich,2004-09-14,1.82,Rechtsaußen,
1172217,Ilias Chakor,Schweiz,2007-02-07,,Rechter Verteidiger,6.706633
159305,Ilija Kovacic,Kroatien,1992-06-02,,Torwart,7.0927887
1015812,Ilija Maslarov,Nordmazedonien,2007-01-02,1.85,Defensives Mittelfeld,6.9610734
695036,Ilion Ssebunya,Belgien,2001-06-03,1.77,Linksaußen,6.897014
991331,Ilir Selmani,Schweiz,2002-05-17,1.85,Innenverteidiger,
45173,Ilker Tugal,Schweiz,1988-10-04,1.91,Innenverteidiger,
342230,Ilyes Chaïbi,Frankreich,1996-10-12,1.76,Mittelstürmer,
485964,Isaac Matondo,Frankreich,1999-03-24,1.72,Linksaußen,
713874,Isaac Monti,Argentinien,1998-01-30,1.86,Innenverteidiger,
688613,Isaiah Okafor,Schweiz,2005-04-22,1.87,Defensives Mittelfeld,6.8612514
688389,Isla Huggel,Schweiz,2004-07-07,,Innenverteidiger,
929055,Islem Chouik,Schweiz,2003-08-27,1.85,Linksaußen,6.7729487
1380422,Ismael Aguilar Martinez,Spanien,2006-07-31,,Mittelfeld,
805012,Ismael Mpambani,Angola,2002-09-14,,Rechtsaußen,6.7002063
357313,Ismael Santos,Schweiz,2000-04-20,1.7,Rechtsaußen,6.903232
452560,Ismajl Beka,Kosovo,1999-10-31,1.97,Innenverteidiger,6.822605
810969,Issa Kaloga,Schweiz,2004-02-27,1.85,Rechter Verteidiger,
74128,Ivan Audino,Schweiz,1991-07-13,1.78,Offensives Mittelfeld,
526695,Ivan Facchin,Schweiz,2000-05-07,1.8,Offensives Mittelfeld,
311690,Ivan Harambasic,Kroatien,2000-12-09,1.94,Innenverteidiger,6.8491273
911218,Ivan Kovacevic,Schweiz,2005-02-03,1.94,Innenverteidiger,6.7884493
322497,Ivan Lurati,Schweiz,1997-10-05,1.9,Innenverteidiger,
73048,Ivan Martic,Schweiz,1990-10-02,1.84,Rechter Verteidiger,
900981,Ivan Quintela Tornay,Spanien,2001-12-30,,Mittelfeld,
346884,Ivann Strohbach,Schweiz,2000-01-25,1.92,Innenverteidiger,
1016964,Iven Cornacchini,Schweiz,2004-11-03,,Rechtes Mittelfeld,6.7259636
572377,Ivo Wüthrich,Schweiz,2000-03-27,,Torwart,
608188,Iwan Hegglin,Schweiz,2002-06-26,1.84,Zentrales Mittelfeld,6.8893266
677432,Izzane Haroun,Schweiz,2002-02-01,1.8,Rechter Verteidiger,
707662,Jacel Rhodes,Schweiz,2003-01-10,,Linker Verteidiger,6.709526
602439,Jahaim Kissling,Schweiz,2001-06-12,1.85,Linker Verteidiger,
677382,Jahnoah Markelo,Suriname,2003-01-04,1.81,Rechtsaußen,
809837,Jak Mesto,Syrien,2001-08-20,,Rechtsaußen,6.781884
1268994,Jake Rowse,England,2007-07-07,,Torwart,
681740,Jakob Löpping,Deutschland,2003-06-20,1.78,Zentrales Mittelfeld,
654543,Jakob Pálsson,Island,2003-01-07,1.87,Rechter Verteidiger,
925200,Jamal Camcı,Türkei,2006-05-27,1.85,Mittelstürmer,6.751651
1079275,Jamie Buntschu,Schweiz,2005-09-12,,Mittelstürmer,6.7054114
289875,Jan Bamert,Schweiz,1998-03-09,1.84,Innenverteidiger,
933756,Jan Gehrig,Schweiz,1995-05-15,1.87,Innenverteidiger,6.6843624
534499,Jan Kalt,Schweiz,2002-01-08,,Zentrales Mittelfeld,6.908352
236416,Jan Loosli,Schweiz,1995-05-10,1.83,Defensives Mittelfeld,6.883797
869101,Jan Luca Krause,Deutschland,2002-07-30,,Rechter Verteidiger,
1237875,Jan Meister,Schweiz,2004-04-16,,Abwehr,
529185,Jan Muzangu,Schweiz,2000-05-31,1.75,Rechtsaußen,6.8105936
1016908,Jan Tröster,Österreich,2006-06-06,,Mittelstürmer,6.6963077
1126548,Jan Uebersax,Schweiz,2007-06-18,,Torwart,7.0808206
507465,Jan Wörnhard,Schweiz,2001-04-23,1.75,Linker Verteidiger,6.8545327
927407,Janis Lüthi,Schweiz,2005-03-31,1.88,Mittelstürmer,6.907251
543476,Janis Truniger,Schweiz,2001-02-06,,Torwart,
620762,Janis Wyss,Schweiz,2002-12-27,,Defensives Mittelfeld,6.7447615
1268410,Jann Fanzun,Schweiz,2006-09-07,,Torwart,
625368,Jannik Nikaj,Schweiz,2003-04-10,,Mittelstürmer,
633194,Jannis Link,Deutschland,2003-02-15,1.84,Torwart,
425460,Jared Khasa,Frankreich,1997-11-04,1.89,Linksaußen,
810971,Jarell Njiké Simo,Schweiz,2004-01-12,1.8,Zentrales Mittelfeld,
862734,Jasha Bracher,Schweiz,2005-01-14,1.84,Torwart,6.9917502
864371,Jashar Dema,Schweiz,2005-08-10,,Zentrales Mittelfeld,6.940135
700224,Jason Marques Nunes,Portugal,2003-03-21,1.73,Offensives Mittelfeld,
932164,Jason Parente,Schweiz,2006-06-10,1.8,Linkes Mittelfeld,6.9682283
707534,Javin Nopper,Schweiz,2003-01-27,,Linkes Mittelfeld,
735706,Jean Assui,Italien,1999-09-11,1.96,Innenverteidiger,
345067,Jean Ruiz,Frankreich,1998-04-06,1.88,Innenverteidiger,
718052,Jeffry Kikanda,Frankreich,1995-12-22,1.82,Innenverteidiger,6.5811462
254961,Jens Hofer,Liechtenstein,1997-10-01,1.85,Innenverteidiger,
711283,Jeremias Nicolas Gimenez,Argentinien,2000-03-14,,Rechtes Mittelfeld,
1042075,Jeremy Bruce,Schweiz,2001-04-24,,Zentrales Mittelfeld,
1061073,Jeremy Chukwudum,Schweiz,2006-07-09,,Mittelfeld,6.7753158
521440,Jeton Dauti,Nordmazedonien,2001-08-03,1.88,Defensives Mittelfeld,
708394,Jeton Dushi,Kosovo,1996-03-06,,Zentrales Mittelfeld,6.922116
941149,Jibril Bouameur,Frankreich,2003-09-02,,Defensives Mittelfeld,6.9437065
1138250,Jill Stiel,Schweiz,2008-05-01,1.79,Zentrales Mittelfeld,6.948878
374256,Jimmy Tchaoulé,Elfenbeinküste,1997-10-19,1.78,Defensives Mittelfeld,6.7907424
1060509,Jirlain Pouomo,Schweiz,2006-04-27,1.83,Defensives Mittelfeld,6.7807746
287490,Joao Castanheira,Schweiz,1998-02-23,1.81,Torwart,
509830,Joaquim Bitz,Schweiz,2002-11-25,1.72,Defensives Mittelfeld,
906390,Joaquin Gimenez,Argentinien,2001-08-13,1.84,Rechtsaußen,
620834,Joel Bichsel,Schweiz,2002-03-04,1.94,Innenverteidiger,
667461,Joel Campbell,Schweiz,2004-02-05,,Mittelstürmer,6.7732754
322509,Joel Fuhrer,Schweiz,1998-10-18,1.82,Mittelstürmer,6.74379
1303666,Joel Matuanana,Angola,2008-01-11,1.82,Linker Verteidiger,
342097,Joel Miranda,Schweiz,1998-07-21,,Defensives Mittelfeld,6.809144
429989,Joel Russo,Schweiz,2000-01-13,,Torwart,
581140,Joelson Fernandes,Portugal,2003-02-28,1.72,Linksaußen,
607914,Johan Kury,Schweiz,2001-10-07,1.78,Linksaußen,
535761,Johan Nkama,Nigeria,1998-01-07,1.89,Defensives Mittelfeld,
583045,Johann Angstmann,Vereinigte Staaten,2003-01-16,1.87,Linksaußen,6.9493294
233646,Johnny Dias,Portugal,1994-11-12,,Defensives Mittelfeld,
922262,Jon Art Idrizi,Deutschland,2005-05-05,1.9,Torwart,
734676,Jonas Adjetey,Ghana,2003-12-13,1.88,Innenverteidiger,
659285,Jonas Helg,Schweiz,2004-01-20,1.82,Rechter Verteidiger,
627021,Jonas Mayingi,Schweiz,2002-03-23,1.78,Defensives Mittelfeld,6.7688446
507333,Jonathan De Donno,Schweiz,2002-02-16,1.93,Mittelstürmer,
622021,Jonathan Fontana,Schweiz,2003-05-15,1.79,Linker Verteidiger,
421787,Jonathan Grossrieder,Schweiz,1999-04-24,,Innenverteidiger,
1063764,Jonathan Semedo,Portugal,2003-11-15,,Linker Verteidiger,6.732523
993784,Jonathan de Freitas,Schweiz,2006-01-07,,Rechter Verteidiger,6.675966
531909,Jordan Gele,Frankreich,1992-09-16,1.92,Mittelstürmer,
682571,Jordan Perrony,Frankreich,1999-10-28,,Innenverteidiger,6.8248467
684214,Jordan Tawaba,Frankreich,1994-05-22,1.88,Innenverteidiger,
183021,Jordi Nsiala,Schweiz,1994-05-04,1.88,Mittelstürmer,6.8880067
862735,Jorge Facal,Spanien,2004-09-12,,Zentrales Mittelfeld,6.84252
435131,Jorge Oliveira,Portugal,1998-12-29,1.86,Offensives Mittelfeld,
944574,Jorge Rans,Spanien,2006-12-23,1.76,Rechtsaußen,6.8552246
303406,Joris Correa,Frankreich,1993-12-25,1.71,Zentrales Mittelfeld,6.967707
346905,Joschua Neuenschwander,Schweiz,2000-06-28,1.83,Torwart,7.1167502
1378176,Jose Higueros Anguita,Spanien,2005-03-15,,Mittelfeld,
698223,Joseph Ambassa,Kamerun,2002-02-18,1.81,Rechter Verteidiger,
1111660,Joseph Sabobo,Sambia,2005-12-17,1.67,Linksaußen,
1044411,Joseph Taktouk,England,2003-06-26,,Mittelfeld,
992902,Joshua Dénervaud,Schweiz,2005-08-24,,Offensives Mittelfeld,6.735854
193817,Joshua Ochsenbein,Schweiz,2000-07-30,1.82,Zentrales Mittelfeld,6.717476
687046,Josiah Daniel,Deutschland,2000-10-24,1.75,Linksaußen,6.880354
1302662,Josiah Seyfu,Schweiz,2008-03-10,1.8,Rechtsaußen,6.8144445
632281,Josip Lovakovic,Mexiko,1996-02-09,1.67,Defensives Mittelfeld,
624229,Josip Tustonja,Kroatien,1998-02-26,,Innenverteidiger,
372608,Josué Schmidt,Deutschland,1999-02-13,1.74,Rechtes Mittelfeld,
413428,José Aguilar,Spanien,2001-02-05,1.72,Zentrales Mittelfeld,6.8922205
20460,José Gonçalves,Portugal,1985-09-17,,Innenverteidiger,
421809,Jozef Pukaj,Kosovo,2000-02-13,1.92,Torwart,
514624,Jozo Cancar,Schweiz,1999-12-27,,Mittelfeld,
727774,João Pedro Da Silva Lopes,Portugal,2004-04-08,,Torwart,7.0313263
467122,Joël Bonorand,Schweiz,2002-02-11,,Torwart,7.0779815
583022,Joël Brack,Schweiz,2003-04-30,1.76,Linkes Mittelfeld,6.779067
678842,Joël Mandaka,Schweiz,2004-03-12,1.7,Zentrales Mittelfeld,6.863559
539794,Joël Ribeiro,Schweiz,2003-02-14,1.79,Offensives Mittelfeld,
590096,Joël Ris,Schweiz,2001-01-16,1.79,Linkes Mittelfeld,6.886475
322517,Joël Schmied,Schweiz,1998-09-23,1.88,Innenverteidiger,
847283,Juan Carlos Gauto,Argentinien,2004-06-02,1.72,Rechtsaußen,7.1235824
911257,Jules Cavin,Schweiz,2005-02-01,1.83,Torwart,
917201,Jules Desportes,Frankreich,1999-12-02,1.88,Innenverteidiger,
484742,Jules Liardet,Schweiz,2000-09-03,,Offensives Mittelfeld,
1051588,Jules Matuvunu,Schweiz,2001-12-16,,Linkes Mittelfeld,6.8961396
693636,Jules Sylvestre-Brac,Frankreich,1998-08-18,1.89,Innenverteidiger,
870300,Jules Tomas,Schweiz,2005-12-25,,Torwart,7.091032
912834,Julian Bock,Deutschland,2004-05-29,1.91,Torwart,7.0506334
310113,Julian Hermann,Schweiz,2001-05-26,1.79,Rechter Verteidiger,6.8234396
603895,Julian Neumeister,Schweiz,2001-02-10,,Offensives Mittelfeld,
500762,Julian Von Moos,Schweiz,2001-04-01,1.81,Rechtsaußen,
244705,Julian Wüest,Schweiz,1993-07-16,1.91,Innenverteidiger,
479482,Julien Bühler,Schweiz,1999-05-20,,Zentrales Mittelfeld,
237145,Julien Manière,Schweiz,1995-05-14,,Torwart,
804935,Julien Mégier,Frankreich,2000-02-16,1.83,Innenverteidiger,
793722,Julind Selmonaj,Kosovo,2004-11-05,1.92,Innenverteidiger,
383601,Julio Teixeira,Schweiz,1996-05-17,1.7,Zentrales Mittelfeld,6.812186
531186,Junior Eyamba,Schweiz,2001-06-27,1.94,Mittelstürmer,
870127,Junior Jordan Selé,Frankreich,1998-10-26,1.91,Rechtsaußen,
862744,Junior Ligue,Schweiz,2005-03-21,1.86,Linker Verteidiger,6.7771554
701315,Junior Nzila,Frankreich,2001-04-17,1.9,Defensives Mittelfeld,
925199,Junior Zé,Schweiz,2006-03-22,1.78,Linksaußen,
639580,Justin Janitzek,Deutschland,2004-02-10,1.92,Innenverteidiger,
663291,Justin Serifoski,Schweiz,2000-11-16,,Abwehr,
602982,Jérémy Mizrahi,Schweiz,2000-05-30,1.74,Rechter Verteidiger,
365110,Jérôme Baeriswyl,Schweiz,2001-06-27,1.81,Defensives Mittelfeld,
1015754,Jérôme Bieler,Schweiz,2007-07-21,,Torwart,
236305,Kaan Sevinc,Deutschland,1994-09-21,1.83,Innenverteidiger,
86030,Kacper Przybylko,Polen,1993-03-25,1.92,Mittelstürmer,
1000225,Kademain Yao,Elfenbeinküste,2002-04-03,1.68,Defensives Mittelfeld,
548713,Kader Abubakar,Elfenbeinküste,1999-09-28,1.88,Torwart,
658835,Kader Keita,Elfenbeinküste,2000-11-06,1.78,Defensives Mittelfeld,
807988,Kai Bucher,Schweiz,2004-01-23,,Innenverteidiger,
428375,Kai Stampfli,Schweiz,1998-07-01,,Torwart,
1223857,Kaio Eduardo,Brasilien,2005-04-29,1.88,Mittelstürmer,6.86699
625816,Kaly Sène,Senegal,2001-05-28,1.8,Mittelstürmer,
380130,Karim Bertelli,Schweiz,1999-03-27,1.85,Zentrales Mittelfeld,
389438,Karim Ghomrani,Algerien,1994-01-23,1.82,Innenverteidiger,
810689,Karwan Khoshekdaman,Schweiz,2000-07-19,,Mittelstürmer,
918149,Kassim Hadji,Komoren,2000-03-23,1.77,Rechtes Mittelfeld,
469957,Kastriot Imeri,Schweiz,2000-06-27,1.78,Zentrales Mittelfeld,
390119,Katriel Islamaj,Italien,1998-10-07,1.89,Zentrales Mittelfeld,
1059334,Kay Palma Villagra,Schweiz,2001-11-21,1.83,Abwehr,
357871,Kedus Haile-Selassie,Schweiz,2002-01-07,1.76,Linkes Mittelfeld,
1061046,Keeto Thermoncy,Haiti,2006-03-29,,Innenverteidiger,6.837323
1157943,Kelio Martella,Italien,2007-06-16,,Linkes Mittelfeld,6.683778
333161,Kemal Ademi,Schweiz,1996-01-23,1.97,Mittelstürmer,
370920,Kemil Festic,Bosnien-Herzegowina,1996-12-06,1.83,Mittelstürmer,6.9013357
410645,Kenan Heric,Schweiz,1998-11-19,1.83,Linkes Mittelfeld,
389515,Kenan Morina,Schweiz,1991-03-28,1.89,Torwart,
421785,Kenith Catari,Schweiz,1999-05-11,,Zentrales Mittelfeld,6.7495956
805512,Kenzo Ganaj,Schweiz,2004-04-06,1.84,Offensives Mittelfeld,6.879812
410612,Kenzo Schällibaum,Schweiz,1998-09-27,1.77,Linker Verteidiger,
165872,Kerim Badertscher,Schweiz,1992-08-15,1.8,Torwart,
603252,Kerim Haddaji,Schweiz,1998-12-16,,Linker Verteidiger,
1051737,Kevin Barcella,Italien,2006-06-17,,Rechtsaußen,
746589,Kevin Bemanga,Frankreich,1998-04-20,1.76,Rechtsaußen,
387156,Kevin Derivaz,Schweiz,1995-12-19,,Mittelstürmer,6.959006
725541,Kevin Guidotti,Schweiz,2003-02-02,1.74,Mittelstürmer,
204313,Kevin Halabaku,Schweiz,2001-11-29,1.81,Linksaußen,
500749,Kevin Iodice,Schweiz,2001-01-12,1.83,Innenverteidiger,
499348,Kevin Jakob,Schweiz,2002-05-30,1.75,Rechtes Mittelfeld,6.784089
870270,Kevin Krasniqi,Kosovo,2005-07-20,1.83,Mittelstürmer,7.124503
192618,Kevin Malula,Schweiz,1996-10-29,1.75,Defensives Mittelfeld,6.971997
284695,Kevin Martin,Schweiz,1995-06-13,1.8,Torwart,
439100,Kevin Mvele,Frankreich,1995-04-09,,Linker Verteidiger,
370392,Kevin Quintas,Schweiz,1997-08-11,1.71,Rechtes Mittelfeld,6.928533
334566,Kevin Röthlisberger,Schweiz,1996-06-14,1.82,Rechter Verteidiger,
290032,Kevin Rüegg,Schweiz,1998-08-05,1.73,Rechter Verteidiger,6.78284
794663,Kevin Schreiber,Schweiz,2000-12-14,,Offensives Mittelfeld,
925197,Kevin Tröndle,Deutschland,2006-02-09,,Linker Verteidiger,6.8136683
1142601,Khadim Ndiaye,Schweiz,2006-11-14,1.74,Linksaußen,
192652,Kilian Pagliuca,Schweiz,1996-09-02,1.88,Offensives Mittelfeld,6.7125707
501201,Killian Ropraz,Schweiz,2000-03-24,,Torwart,7.085004
937515,Kilyan Vieira Correia,Schweiz,2006-03-26,,Innenverteidiger,6.7285404
444960,Kim Zaugg,Schweiz,1998-07-23,,Innenverteidiger,
992965,Kiswend Tologo,Schweiz,2006-03-28,1.81,Rechter Verteidiger,
607915,Koray Tasbicen,Schweiz,2001-02-06,1.87,Torwart,
500764,Kosta Makripodis,Schweiz,2002-03-26,,Torwart,
933782,Kris Lüthi,Schweiz,1996-02-26,,Linker Verteidiger,
312607,Kristijan Ivanov,Nordmazedonien,1995-05-21,1.85,Defensives Mittelfeld,6.9091163
616281,Kruno Basic,Kroatien,1999-11-07,1.87,Torwart,7.080361
716687,Kumel Al-Rekabe,Irak,2004-08-19,1.93,Torwart,
481725,Kévin Djacko,Frankreich,1993-01-31,1.78,Linker Verteidiger,
819306,Labinot Bajrami,Schweiz,2005-06-04,1.87,Mittelstürmer,
122834,Lakdar Boussaha,Frankreich,1987-07-18,1.78,Mittelstürmer,
499163,Landrit Ejupi,Schweiz,2000-03-26,,Offensives Mittelfeld,7.1195045
608196,Lars Huggler,Schweiz,2002-01-05,,Torwart,
390162,Lars Hunn,Schweiz,1999-05-25,1.82,Torwart,7.097677
363590,Lars Rapold,Schweiz,1997-11-04,1.79,Rechter Verteidiger,
390174,Lars Schädeli,Schweiz,1999-06-16,1.78,Torwart,
521438,Lars Traber,Liechtenstein,2000-06-12,1.86,Innenverteidiger,6.8097005
707759,Lars Villiger,Schweiz,2003-04-29,1.9,Mittelstürmer,
286437,Laurant Sadiki,Schweiz,1997-09-24,1.85,Innenverteidiger,
805583,Laurin Vögele,Schweiz,2004-08-21,1.8,Mittelstürmer,6.820101
464196,Lavdim Zumberi,Schweiz,1999-11-27,1.78,Zentrales Mittelfeld,6.7709284
354128,Lavdrim Rexhepi,Kosovo,1998-02-12,1.75,Offensives Mittelfeld,
1164222,Lazar Damnjanovic,Schweiz,2007-01-17,,Innenverteidiger,6.844741
620769,Leandro Aversa,Schweiz,2002-06-12,1.84,Zentrales Mittelfeld,
659279,Leandro Bötschi,Schweiz,2004-01-26,1.95,Torwart,
499188,Leandro Gaudiano,Schweiz,2000-11-21,1.77,Linkes Mittelfeld,
994781,Leandro Schödler,Schweiz,2006-05-27,1.91,Innenverteidiger,6.8347416
1021727,Leandro Stutzer,Schweiz,2003-07-15,,Mittelstürmer,
507524,Leandro Zbinden,Schweiz,2002-07-30,1.86,Torwart,7.096012
290498,Leart Iberdemaj,Schweiz,1997-07-06,1.83,Innenverteidiger,
699100,Leart Zeqiri Kabashi,Schweiz,2003-05-25,1.88,Mittelstürmer,6.7423267
927514,Leart Zuka,Albanien,2005-08-27,1.79,Linker Verteidiger,6.8440747
659270,Lendrit Shala,Kosovo,2004-05-04,1.89,Innenverteidiger,6.816038
620808,Lenny Janko,Schweiz,2002-02-05,1.86,Rechter Verteidiger,
678843,Leny Meyer,Schweiz,2004-07-01,1.82,Linker Verteidiger,
807897,Leo Buljan,Schweiz,2004-03-01,1.94,Defensives Mittelfeld,6.7985873
625369,Leo Peric,Schweiz,2002-03-01,,Mittelstürmer,
500785,Leo Stuker,Schweiz,2001-03-29,,Torwart,
608171,Leo Suta,Kroatien,2001-07-02,,Rechter Verteidiger,
688611,Leon Asllani,Schweiz,2005-02-26,,Innenverteidiger,6.8154864
667457,Leon Avdullahu,Kosovo,2004-02-23,1.85,Defensives Mittelfeld,
805584,Leon Duong,Schweiz,2003-08-12,,Linkes Mittelfeld,6.745964
688620,Leon Frokaj,Kosovo,2005-04-23,1.83,Zentrales Mittelfeld,
1156788,Leon Gjikollaj,Schweiz,2004-03-31,1.85,Rechtsaußen,
932171,Leon Grando,Schweiz,2006-09-04,1.8,Zentrales Mittelfeld,6.9005594
1077011,Leon Luli,Schweiz,2004-06-18,,Abwehr,
1138285,Leon Ramadani,Schweiz,2008-09-24,1.8,Zentrales Mittelfeld,6.753979
927561,Leon Rüeger,Schweiz,2005-11-08,1.8,Linker Verteidiger,6.6830506
341018,Leon Separautzki,Deutschland,1998-06-07,,Torwart,
605937,Leonar Makolli,Frankreich,2000-09-27,,Mittelstürmer,
499212,Leonardo Gubinelli,Schweiz,2000-08-27,1.8,Defensives Mittelfeld,
135560,Leonardo Melazzi,Uruguay,1991-02-04,1.76,Rechtsaußen,
804786,Leonardo Meroni,Schweiz,2004-02-22,,Zentrales Mittelfeld,
297649,Leonardo Rivoira,Italien,1998-02-03,1.83,Innenverteidiger,
628274,Leonardo Rustemi,Serbien,2003-07-27,,Torwart,
572133,Leonhard Münst,Deutschland,2002-01-22,1.83,Offensives Mittelfeld,
620806,Leonid Srdic,Bosnien-Herzegowina,2002-01-23,1.85,Innenverteidiger,
625776,Leonit Sahitaj,Schweiz,2002-01-11,1.82,Offensives Mittelfeld,
807914,Leonot Bajrami,Kosovo,2003-10-15,1.75,Offensives Mittelfeld,
575858,Levin Nay,Schweiz,2001-11-23,1.76,Offensives Mittelfeld,
684606,Levin Winkler,Schweiz,2003-08-13,1.84,Zentrales Mittelfeld,6.9591923
604826,Levy Maltet,Schweiz,2004-06-27,1.8,Linksaußen,6.767963
507455,Lewin Blum,Schweiz,2001-07-27,1.81,Rechter Verteidiger,
704412,Liam Bollati,Schweiz,2003-11-09,1.74,Rechter Verteidiger,6.7871566
604780,Liam Chipperfield,Schweiz,2004-02-14,1.78,Zentrales Mittelfeld,
678844,Liburn Azemi,Schweiz,2004-09-23,1.83,Zentrales Mittelfeld,6.962555
464190,Lindrit Kamberi,Schweiz,1999-10-07,1.84,Innenverteidiger,
445326,Lino Lang,Schweiz,2000-05-23,1.74,Rechtsaußen,
923084,Lion de Oliveira,Schweiz,2003-02-06,1.92,Innenverteidiger,
1344253,Lionel Gerard Alonzo,Kamerun,2005-02-15,,Sturm,6.718351
1015811,Lionel Huwiler,Schweiz,2007-02-17,1.94,Torwart,7.061146
499213,Lirik Vishi,Schweiz,2001-06-13,1.81,Offensives Mittelfeld,6.740618
565872,Lirim Hoxha,Kosovo,2002-03-04,1.93,Mittelstürmer,
359089,Lirim Shala,Kosovo,1999-12-12,,Offensives Mittelfeld,6.847869
1262551,Livio Vonesch,Schweiz,2005-04-10,,Innenverteidiger,
728347,Livio von Holzen,Schweiz,2004-08-09,,Linker Verteidiger,
312049,Loan Bueche,Schweiz,2000-05-27,1.8,Mittelstürmer,6.72819
1208616,Loan Guignard,Schweiz,2006-10-02,,Linker Verteidiger,6.741907
461850,Logan Clément,Schweiz,2000-05-04,1.91,Mittelstürmer,6.724605
91271,Loic Chatton,Schweiz,1991-02-26,1.81,Mittelstürmer,
805486,Lois Ndema,Schweiz,2004-10-03,1.79,Zentrales Mittelfeld,
312057,Londrit Hamidi,Kosovo,2000-07-12,1.71,Rechtsaußen,6.8640924
1162281,Lorenz Coninx,Japan,2007-03-12,1.85,Torwart,
1188562,Lorenzo Cuoco,Italien,2006-02-21,,Mittelstürmer,
1191731,Lorenzo Del Piero,Italien,2007-03-05,1.82,Mittelstürmer,
66055,Lorenzo Loiero,Schweiz,1988-03-10,1.85,Innenverteidiger,6.838271
357178,Lorenzo Valeau,Italien,1999-03-05,1.8,Linker Verteidiger,
910811,Lorik Xheladini,Kosovo,2001-01-21,1.8,Defensives Mittelfeld,
1004918,Lorin Beck,Liechtenstein,2006-06-27,1.87,Torwart,
940390,Lorin Jetzer,Schweiz,2006-01-24,,Innenverteidiger,6.802288
633198,Lorin Rohner,Schweiz,2003-08-12,,Rechter Verteidiger,
538631,Lorin Wyss,Schweiz,1999-07-04,,Linker Verteidiger,
119085,Loris Benito,Schweiz,1992-01-07,1.86,Innenverteidiger,
1056093,Loris Brunner,Schweiz,2005-02-16,1.8,Offensives Mittelfeld,6.738978
223652,Loris Lüthi,Schweiz,1994-06-07,,Rechter Verteidiger,6.8520746
1015763,Loris Macumi,Schweiz,2007-01-04,,Linksaußen,6.897014
449526,Loris Mettler,Schweiz,1998-12-14,1.73,Offensives Mittelfeld,
797696,Loris Saliji,Schweiz,2000-04-11,1.87,Zentrales Mittelfeld,
925212,Loris Schreiber,Schweiz,2006-05-26,1.77,Linker Verteidiger,
620755,Lou Furrer,Schweiz,2002-04-13,1.82,Rechtes Mittelfeld,
499324,Louis Lurvink,Schweiz,2002-01-24,1.87,Innenverteidiger,
1060904,Louis Passavant,Schweiz,2006-03-06,,Innenverteidiger,6.802905
450247,Louis Spindler,Deutschland,2000-06-06,1.85,Innenverteidiger,
999886,Loun Srdanovic,Schweiz,2006-08-04,1.8,Rechter Verteidiger,
399959,Loïc Devenoge,Schweiz,1999-01-12,,Torwart,
583054,Loïc Lüthi,Schweiz,2003-09-30,1.89,Innenverteidiger,6.7553024
363270,Loïc Ombala,Kamerun,1997-03-31,1.76,Rechter Verteidiger,6.69347
1046335,Loïc Rumo,Schweiz,2006-08-29,,Defensives Mittelfeld,6.8485994
800249,Loïc Socka Bongué,Frankreich,1998-09-05,1.93,Mittelstürmer,
583034,Luan Abazi,Nordmazedonien,2002-01-19,1.82,Mittelstürmer,6.9998736
1162286,Luan Campos,Schweiz,2007-10-29,1.73,Rechter Verteidiger,
928762,Luan Idrizi,Schweiz,2005-06-06,,Mittelstürmer,
885241,Luca Benacquista,Italien,2004-02-05,,Linker Verteidiger,6.800003
925215,Luca Bühlmann,Schweiz,2006-06-26,,Zentrales Mittelfeld,
862766,Luca Campagnani,Schweiz,2005-06-30,,Torwart,7.0821624
792061,Luca Chatelain,Schweiz,1998-07-23,1.94,Innenverteidiger,
389767,Luca Gazzetta,Schweiz,1997-10-29,1.74,Rechter Verteidiger,
910810,Luca Ingold,Schweiz,2002-02-22,,Mittelfeld,
707454,Luca Innocenti,Italien,2003-02-21,,Zentrales Mittelfeld,
521446,Luca Jaquenoud,Schweiz,2002-05-21,1.81,Rechter Verteidiger,
539798,Luca Jaquez,Schweiz,2003-06-02,1.87,Innenverteidiger,
66048,Luca Ladner,Schweiz,1989-04-26,1.82,Zentrales Mittelfeld,
110882,Luca Lavorato,Schweiz,1989-02-16,1.7,Linkes Mittelfeld,
805771,Luca Manzolini,Italien,2004-08-07,,Rechter Verteidiger,
698024,Luca Molino,Schweiz,2003-10-07,1.82,Linker Verteidiger,6.836362
238609,Luca Quadri,Schweiz,1994-11-03,1.75,Defensives Mittelfeld,
59241,Luca Radice,Italien,1987-04-09,1.77,Linkes Mittelfeld,
659269,Luca Romano,Schweiz,2004-04-13,,Defensives Mittelfeld,6.941825
901157,Luca Scandurra,Schweiz,2005-12-14,1.78,Linker Verteidiger,6.818868
365122,Luca Schneeberger,Schweiz,2000-12-17,,Innenverteidiger,6.770227
583027,Luca Sestito,Schweiz,2003-01-22,1.8,Mittelstürmer,
1060506,Luca Van den Heuvel,Schweiz,2006-09-29,,Linksaußen,6.9442754
355253,Lucas Brochas,Portugal,2000-04-17,,Mittelstürmer,6.756556
904706,Lucas Marin,Frankreich,2003-04-16,1.77,Linkes Mittelfeld,
537821,Lucas Monteiro,Schweiz,2001-05-25,1.78,Rechter Verteidiger,
992306,Lucas Peres,Brasilien,2002-04-27,1.87,Innenverteidiger,
417895,Lucas Pos,Kanada,1998-02-16,1.87,Innenverteidiger,
677310,Lucas Ribeiro,Portugal,2003-09-18,,Zentrales Mittelfeld,7.0860543
1201822,Lucas Silva,Portugal,2006-11-25,1.85,Offensives Mittelfeld,
183326,Lucas Thöni,Schweiz,1995-01-25,1.73,Rechter Verteidiger,
498881,Luciano Covella,Schweiz,1999-11-15,,Offensives Mittelfeld,
507450,Lucio Soldini,Schweiz,2001-04-05,1.79,Torwart,
507338,Ludovic Delley,Schweiz,2002-06-29,,Linker Verteidiger,6.738803
217081,Ludovic Zwahlen,Schweiz,1992-11-16,,Torwart,
410651,Luftëtar Mushkolaj,Kosovo,1998-04-30,1.85,Mittelstürmer,
251668,Luigi Milicaj,Schweiz,1994-01-26,1.78,Linksaußen,
504610,Luigi Spataro,Italien,1999-04-25,1.83,Torwart,
1237877,Luis Aellig,Schweiz,2007-03-13,,Hängende Spitze,6.73677
467136,Luis Mestre,Schweiz,2003-03-05,1.74,Linker Verteidiger,6.835024
235479,Luiyi Lugo,Dominikanische Republik,1994-02-21,1.89,Mittelstürmer,
203942,Luka Deronjic,Schweiz,2002-03-11,1.88,Torwart,
602447,Luka Frei,Schweiz,2001-01-07,,Offensives Mittelfeld,
262270,Luka Sliskovic,Schweiz,1995-04-04,1.8,Linksaußen,7.0929127
346895,Luka Stevic,Schweiz,2000-07-22,1.8,Offensives Mittelfeld,
467148,Lukas Bolzli,Schweiz,2000-03-15,,Torwart,
688388,Lukas Hipp,Schweiz,2004-03-16,,Torwart,7.097486
345780,Lukas Mai,Deutschland,2000-03-31,1.88,Innenverteidiger,
728422,Lukas Miranda,Schweiz,2004-10-07,1.77,Linksaußen,
342095,Lukas Riedmann,Schweiz,1997-03-24,1.73,Rechtsaußen,6.8779593
18706,Lukas Schenkel,Schweiz,1984-04-01,1.83,Innenverteidiger,
679239,Lukas Steiner,Schweiz,2004-01-10,,Torwart,
401598,Lukasz Lakomy,Polen,2001-01-18,1.83,Defensives Mittelfeld,
1399285,Luljan Azizi,Schweiz,2007-10-22,,Abwehr,6.718355
371552,Lulzim Aliu,Nordmazedonien,1998-02-01,1.7,Linksaußen,
183022,Lulzim Salija,Schweiz,1994-04-17,,Offensives Mittelfeld,
1074130,Lutfi Dalipi,Schweiz,2006-05-23,1.83,Offensives Mittelfeld,7.0186276
244371,Luther-King Adjei,Schweiz,1992-04-13,1.82,Mittelstürmer,
678847,Luuk Breedijk,Schweiz,2004-02-20,1.87,Mittelstürmer,
1145619,Luís Reis,Portugal,2004-07-11,,Torwart,
628380,Léo Besson,Kosovo,2002-10-27,1.87,Torwart,
311687,Léo Farine,Schweiz,1996-07-11,1.93,Innenverteidiger,
363617,Léo Lécureux,Schweiz,1998-11-10,1.86,Torwart,7.105728
239434,Léonard Joliat,Schweiz,1995-05-23,1.82,Torwart,7.126114
653483,Madyen El Jaouhari,Frankreich,1999-03-16,1.81,Offensives Mittelfeld,
876629,Mahamadou Kanouté,Frankreich,2004-01-24,1.9,Mittelstürmer,6.9062214
902107,Mahir Rizvanovic,Schweiz,2005-09-28,1.9,Innenverteidiger,6.783784
1399296,Maico Knaus,Schweiz,2001-03-20,,Mittelfeld,
326090,Maik Hauswirth,Schweiz,1997-11-15,,Rechtes Mittelfeld,
932173,Maksim Milovanovic,Schweiz,2006-06-14,,Offensives Mittelfeld,6.762935
805772,Malik Deme,Schweiz,2005-03-16,1.82,Rechtsaußen,
805519,Malko Sartoretti,Schweiz,2004-07-23,1.86,Mittelstürmer,
1255271,Mamoudou Berte,Frankreich,2001-07-09,1.8,Rechter Verteidiger,6.6623006
1406833,Manuel Aiello,Italien,2003-01-08,,Mittelfeld,
199459,Manuel Fäh,Schweiz,1993-06-15,1.83,Innenverteidiger,6.8718877
213160,Manuel Kubli,Schweiz,1995-04-09,1.72,Offensives Mittelfeld,6.8403244
371071,Manuel Schwarz,Schweiz,1996-12-13,1.9,Linker Verteidiger,
659317,Marc Giger,Schweiz,2004-03-27,1.86,Mittelstürmer,
1069821,Marc Jungi,Schweiz,2004-11-19,,Mittelfeld,
912739,Marc Kramer,Schweiz,2001-06-16,,Offensives Mittelfeld,6.8716955
526070,Marcel Krnjic,Österreich,2002-11-08,1.94,Defensives Mittelfeld,
945133,Marcel Lapierre,Schweiz,2006-04-07,,Torwart,
671910,Marcelo Miranda,Schweiz,1999-09-28,,Defensives Mittelfeld,
86788,Marco Aratore,Schweiz,1991-06-04,1.77,Linkes Mittelfeld,
949275,Marco Bragotto,Italien,2005-01-20,,Torwart,
68452,Marco Delley,Schweiz,1988-07-19,1.73,Rechtes Mittelfeld,
203436,Marco Hurter,Schweiz,1993-12-18,,Linker Verteidiger,6.773796
889721,Marco Meissner,Schweiz,1999-12-11,,Mittelfeld,
1053238,Marco Pellegrini,Schweiz,2004-02-19,,Rechter Verteidiger,
334605,Marco Peterhans,Schweiz,1993-03-01,,Torwart,
342096,Marco Rüedi,Schweiz,1997-11-04,1.75,Offensives Mittelfeld,6.756077
1190738,Marco Saborío,Costa Rica,2000-06-10,1.88,Torwart,
203935,Marco Stauffiger,Schweiz,1996-01-23,1.76,Rechter Verteidiger,6.8471804
192645,Marco Trachsel,Schweiz,1996-08-02,1.8,Linker Verteidiger,6.7552505
382032,Marculino Ninte,Guinea-Bissau,1997-07-01,1.83,Linksaußen,
127468,Marijan Urtic,Kroatien,1991-01-16,1.82,Rechter Verteidiger,6.7207
529612,Marin Cavar,Schweiz,1999-06-18,1.93,Innenverteidiger,6.8600755
499194,Marin Martinovic,Kroatien,2000-05-13,,Mittelstürmer,
534840,Marin Wiskemann,Schweiz,1997-11-06,,Mittelstürmer,6.8530054
166375,Mario Bühler,Schweiz,1992-01-05,1.94,Innenverteidiger,6.8280606
932193,Mario Greco,Schweiz,2006-09-22,1.81,Hängende Spitze,6.950834
70782,Mario Machado,Schweiz,1994-04-27,,Offensives Mittelfeld,
685434,Marius Kaiser,Deutschland,2003-07-12,,Torwart,7.053518
794336,Marius Linke,Schweiz,2002-08-31,,Innenverteidiger,
310066,Mark Marleku,Kosovo,2000-04-27,1.85,Mittelstürmer,6.789302
341438,Mark Sifneos,Griechenland,1996-11-24,1.92,Mittelstürmer,
432478,Markeljan Sema,Italien,1998-12-13,,Mittelstürmer,
46017,Marko Basic,Kroatien,1988-05-25,1.88,Zentrales Mittelfeld,
192647,Marko Dangubic,Schweiz,1996-02-04,1.88,Mittelstürmer,6.67341
1139350,Marko Djordjic,Bosnien-Herzegowina,2005-12-24,,Abwehr,
620830,Marko Kuzmanovic,Bosnien-Herzegowina,2002-04-23,1.83,Innenverteidiger,6.810628
238246,Marko Misic,Kroatien,1992-09-08,,Linksaußen,
514621,Marko Obradovic,Schweiz,2002-07-07,1.85,Innenverteidiger,6.871623
897152,Marko Torlakovic,Schweiz,2003-12-28,,Abwehr,
195374,Markus Hubacher,Schweiz,1990-05-12,1.75,Innenverteidiger,
603892,Markus Wenger,Schweiz,2002-01-11,,Innenverteidiger,6.841034
925245,Marlon Jann,Schweiz,2005-01-07,,Torwart,
927734,Martim Marques,Portugal,2004-02-11,1.73,Linker Verteidiger,
290607,Martin François,Frankreich,1996-12-23,1.8,Zentrales Mittelfeld,6.9708123
911242,Martino Novaresi,Schweiz,2005-10-12,1.8,Mittelstürmer,6.9989543
251777,Martín Bueno,Uruguay,1991-07-19,1.92,Mittelstürmer,
795096,Marveen Moreira,Frankreich,1999-09-08,1.78,Linksaußen,
1015823,Marvin Akahomen,Schweiz,2007-07-15,1.88,Innenverteidiger,6.7959585
681739,Marvin Bieri,Schweiz,2003-04-21,,Rechtsaußen,6.9293404
93710,Marvin Hezel,Deutschland,1992-01-18,,Innenverteidiger,
539804,Marvin Hübel,Schweiz,2003-03-01,1.86,Torwart,
500763,Marvin Keller,Schweiz,2002-07-03,1.89,Torwart,
344594,Marvin Louisius,Frankreich,1999-08-19,1.71,Rechtsaußen,6.857962
874337,Marvin Lyoth,Schweiz,2003-02-23,1.86,Torwart,7.086237
211700,Marvin Meresi,Schweiz,1995-05-31,1.79,Rechter Verteidiger,6.8005776
192653,Marvin Spielmann,Schweiz,1996-02-23,1.8,Linkes Mittelfeld,
951660,Marwan Aubert,Schweiz,2006-02-12,1.86,Torwart,7.07713
807690,Marwane Hajij,Frankreich,2001-11-02,1.76,Offensives Mittelfeld,
633195,Mateo Marinovic,Kroatien,2003-09-01,,Zentrales Mittelfeld,6.867171
449528,Matheus Vieira,Schweiz,1998-08-07,1.83,Linksaußen,
864383,Mathis Giordano,Schweiz,2005-09-09,,Rechtsaußen,6.910548
507469,Mathis Holcbecher,Schweiz,2001-01-21,1.85,Zentrales Mittelfeld,6.927749
1121276,Mathis Hounkponou,Frankreich,2006-08-28,1.75,Offensives Mittelfeld,6.771225
537825,Mathis Magnin,Schweiz,2001-09-24,1.9,Innenverteidiger,
43561,Matias Vitkieviez,Schweiz,1985-05-16,1.78,Rechtsaußen,
691357,Mats Hanke,Schweiz,2003-09-29,1.77,Offensives Mittelfeld,6.852848
902987,Mats Seiler,Schweiz,2005-08-04,1.93,Innenverteidiger,6.7019577
807600,Matteo Biner,Schweiz,2004-08-18,,Zentrales Mittelfeld,
922678,Matteo Büeler,Schweiz,2005-07-13,,Linker Verteidiger,6.7260537
931720,Matteo Dell'Aquila,Italien,2005-04-08,1.73,Rechter Verteidiger,
111438,Matteo Fedele,Schweiz,1992-07-20,1.85,Zentrales Mittelfeld,7.0073314
850337,Matteo Frigerio,Kolumbien,1996-10-03,1.8,Rechtsaußen,
698030,Matteo Lape,Italien,2003-10-15,1.72,Rechter Verteidiger,6.7770534
1059660,Matteo Martina,Schweiz,2006-08-24,1.78,Innenverteidiger,6.66106
507423,Matteo Martorana,Schweiz,2002-02-24,1.68,Rechtsaußen,
900960,Matteo Montefusco,Italien,1999-01-24,,Sturm,
534043,Matteo Ortolani,Italien,2000-08-15,1.81,Sturm,
371512,Matteo Pasquarelli,Schweiz,1998-11-09,1.8,Offensives Mittelfeld,6.9789686
1014503,Matteo Pizza,Schweiz,2002-04-30,,Torwart,
924796,Matteo Puthiot,Schweiz,2005-10-22,1.88,Torwart,7.106552
509829,Matteo Regillo,Schweiz,2002-04-24,1.71,Mittelstürmer,7.172141
284797,Matteo Rezzonico,Schweiz,1996-02-08,,Defensives Mittelfeld,
486775,Matthew Mäder,Schweiz,1998-05-09,1.8,Innenverteidiger,6.85307
271467,Matthias Collard,Schweiz,1997-03-26,1.85,Zentrales Mittelfeld,
539792,Matthias Grob,Schweiz,2003-02-20,1.88,Torwart,7.098969
1194677,Mattia Bellino,Schweiz,2007-09-09,,Mittelstürmer,6.677631
150939,Mattia Cinquini,Italien,1990-05-11,1.84,Innenverteidiger,
531370,Mattia Comisetti,Schweiz,2002-07-11,,Mittelstürmer,
602329,Mattia Perissinotto,Italien,2003-04-20,,Zentrales Mittelfeld,
1049473,Mattia Pomponio,Schweiz,2007-05-31,,Torwart,
996683,Mattia Ren,Schweiz,2006-04-24,,Innenverteidiger,
948735,Mattia Rizzo,Schweiz,2006-10-07,,Rechter Verteidiger,6.597527
662083,Mattia Salvatore,Schweiz,2002-07-31,,Linksaußen,
430588,Mattia Schneeberger,Schweiz,2000-01-06,,Innenverteidiger,
865986,Mattia Walker,Schweiz,2005-02-11,1.84,Defensives Mittelfeld,
342407,Mattias Andersson,Schweden,1998-03-13,1.88,Innenverteidiger,
1046521,Mattéo Anselme,Frankreich,2007-04-25,1.77,Zentrales Mittelfeld,6.8054595
844112,Mattéo Cesca,Frankreich,1998-09-23,,Innenverteidiger,6.8337398
1049477,Matéo Jungo,Schweiz,2006-05-18,,Rechter Verteidiger,
590273,Matías Martínez,Argentinien,2000-06-13,1.9,Defensives Mittelfeld,
621370,Matías Palacios,Argentinien,2002-05-10,1.71,Offensives Mittelfeld,
107784,Maurice Brunner,Schweiz,1991-01-29,1.79,Rechtes Mittelfeld,
354381,Maurice Gomis,Guinea-Bissau,1997-11-10,1.93,Torwart,
539797,Mauricio Willimann,Mexiko,2003-01-16,1.83,Innenverteidiger,6.862869
342058,Mauro Bender,Schweiz,1997-05-26,,Rechter Verteidiger,
514623,Mauro Rodrigues,Guinea-Bissau,2001-04-15,1.78,Rechtsaußen,
1048363,Max Conti,Italien,2003-05-16,,Sturm,
608158,Max Melly,Schweiz,2001-10-25,,Zentrales Mittelfeld,6.834037
119627,Max Veloso,Schweiz,1992-03-27,1.77,Zentrales Mittelfeld,
618408,Maxen Kapo,Frankreich,2001-01-19,1.92,Defensives Mittelfeld,
1046520,Maxim Leclercq,Schweiz,2005-05-21,1.78,Zentrales Mittelfeld,
284665,Maxime Afonso,Schweiz,1996-01-30,1.86,Linker Verteidiger,
155406,Maxime Brenet,Frankreich,1992-03-01,1.82,Torwart,7.1211796
805763,Maxime Dubosson,Schweiz,2004-11-24,1.84,Innenverteidiger,6.8082857
470132,Maxime Moinon,Schweiz,2000-03-19,,Torwart,7.0875688
802328,Maxime Parisod,Schweiz,2002-11-26,,Innenverteidiger,
901661,Maxime Peiry,Schweiz,2002-04-26,1.88,Torwart,
83182,Maximilian Dreier,Deutschland,1991-06-19,,Innenverteidiger,
583015,Mayka Okuka,Schweiz,2003-05-13,1.86,Defensives Mittelfeld,
1043549,Maé Clavel,Frankreich,2002-01-23,1.82,Linker Verteidiger,
443428,Maël Zaugg,Schweiz,2001-03-15,,Torwart,7.0802155
811399,Maël Zogba,Frankreich,2000-01-19,1.9,Innenverteidiger,
583046,Medon Berisha,Albanien,2003-10-21,1.86,Zentrales Mittelfeld,
147279,Mehmed Begzadic,Bosnien-Herzegowina,1993-01-05,1.8,Linksaußen,6.9372797
488196,Mehmet Güneş,Türkei,1998-06-07,1.77,Rechtsaußen,6.8545914
499221,Mehmet Manış,Türkei,2001-04-11,1.8,Rechtsaußen,
1161674,Melvin Frei,Schweiz,2007-09-26,1.84,Torwart,
534398,Melvin Mastil,Algerien,2000-02-19,1.94,Torwart,
1435235,Melwane Zaidi,Frankreich,2009-06-19,1.89,Offensives Mittelfeld,6.8338695
98031,Mergim Ahmeti,Kosovo,1994-12-02,,Linksaußen,
346886,Mergim Bajrami,Schweiz,2000-05-02,1.71,Offensives Mittelfeld,
284280,Mergim Qarri,Schweiz,1995-06-10,1.79,Offensives Mittelfeld,
607919,Meris Talovic,Schweiz,2001-10-20,,Mittelstürmer,
888796,Meriton Iseni,Schweiz,2000-05-09,1.7,Rechter Verteidiger,
397622,Merlin Hadzi,Schweiz,1998-09-17,1.77,Linksaußen,
404029,Mersim Asllani,Kosovo,1999-06-07,1.78,Rechtsaußen,7.028484
245533,Metin Bahtiyari,Schweiz,2001-06-25,1.75,Mittelstürmer,6.7670074
927410,Mica Zimmermann,Schweiz,2004-02-22,1.86,Mittelstürmer,6.7085023
534418,Micael Barroqueiro,Portugal,1997-05-31,1.85,Torwart,
928775,Micha Ziegler,Schweiz,2005-02-01,,Torwart,
198184,Michael Erzinger,Schweiz,1992-06-12,,Zentrales Mittelfeld,
1048611,Michael Izunwanne,Polen,2007-04-04,1.92,Mittelstürmer,6.7425723
183448,Michael Kempter,Philippinen,1995-01-12,1.81,Linker Verteidiger,
525339,Michael Müller,Schweiz,1998-01-21,,Zentrales Mittelfeld,
196319,Michael Schär,Schweiz,1995-07-01,1.81,Zentrales Mittelfeld,6.885635
147059,Michael Weber,Schweiz,1994-06-06,1.73,Zentrales Mittelfeld,6.907278
926356,Michel Fohouo,Schweiz,2001-08-31,1.86,Torwart,7.1004896
47544,Michel Morganella,Schweiz,1989-05-17,1.83,Rechter Verteidiger,
491279,Michel Oberlin,Schweiz,1999-12-23,1.92,Innenverteidiger,6.7967257
435047,Michel de Jesus,Schweiz,2001-03-22,1.76,Rechtsaußen,6.885393
705075,Michele Bennati,Italien,2001-05-03,,Zentrales Mittelfeld,6.8517437
395741,Michele Foglia,Italien,1998-01-30,1.82,Linksaußen,
128459,Michele Monighetti,Schweiz,1991-05-03,1.78,Innenverteidiger,
607600,Michele Zinnà,Schweiz,2002-07-27,1.75,Rechtes Mittelfeld,
79392,Mickaël Facchinetti,Schweiz,1991-02-15,1.83,Linker Verteidiger,
183309,Miguel Castroman,Schweiz,1995-03-17,1.75,Offensives Mittelfeld,6.9240117
956604,Miguel Chaiwa,Sambia,2004-06-07,1.79,Defensives Mittelfeld,
344156,Miguel Futa,Angola,2001-02-24,,Rechtes Mittelfeld,
539809,Miguel Reichmuth,Schweiz,2003-10-26,1.71,Zentrales Mittelfeld,6.7832932
287549,Miguel Rodrigues,Schweiz,1996-12-07,1.83,Innenverteidiger,6.8497505
1002718,Miguel Ángel Montes,Spanien,2004-11-06,,Offensives Mittelfeld,
1060991,Mihael Cavar,Schweiz,2006-01-20,1.75,Defensives Mittelfeld,6.694145
692200,Mihail Stefanovic,Serbien,2004-01-26,,Offensives Mittelfeld,
499330,Mihailo Stevanovic,Serbien,2002-01-04,1.86,Zentrales Mittelfeld,
1197585,Mihajlo Veselinovic,Serbien,2006-05-24,,Mittelstürmer,6.885864
691368,Mijo Jakovljevic,Kroatien,2003-02-03,1.8,Linker Verteidiger,6.7503757
606689,Mika Mettler,Schweiz,2001-02-07,1.74,Rechter Verteidiger,6.660757
1287411,Mikail Akdemir,Schweiz,2006-05-16,1.9,Zentrales Mittelfeld,6.7509685
636691,Miki Juanola,Spanien,2003-03-04,1.81,Rechter Verteidiger,
964281,Milad Amirzade,Afghanistan,2006-01-01,1.78,Zentrales Mittelfeld,7.004722
187474,Mile Vukelic,Schweiz,2003-02-25,1.89,Innenverteidiger,6.801401
99337,Mileta Matovic,Schweiz,1991-02-06,1.8,Innenverteidiger,
334643,Miljan Dangubic,Bosnien-Herzegowina,1996-09-16,,Rechter Verteidiger,
499341,Milorad Stajic,Bosnien-Herzegowina,2002-02-07,1.8,Defensives Mittelfeld,
1015772,Mio Zimmermann,Schweiz,2007-08-08,1.83,Zentrales Mittelfeld,6.8267775
64629,Miodrag Mitrović,Schweiz,1991-07-14,1.85,Torwart,7.0953956
391402,Miran Maksuti,Nordmazedonien,1993-07-15,1.88,Mittelstürmer,6.707125
691301,Mirco Mazzeo,Schweiz,1999-12-15,1.91,Torwart,
1517991,Miris Berisha,Bulgarien,1999-10-07,1.83,Mittelstürmer,6.68003
154587,Mirko Facchinetti,Schweiz,1992-05-31,1.85,Defensives Mittelfeld,
893976,Mirko Milic,Bosnien-Herzegowina,2002-06-18,,Sturm,
265208,Mirlind Kryeziu,Kosovo,1997-01-26,1.96,Innenverteidiger,
1054222,Mirnes Mujkanovic,Schweiz,2002-05-10,,Mittelfeld,
889703,Miro Ischi,Schweiz,2003-07-15,,Torwart,
924726,Miro Soldo,Schweiz,2002-04-16,1.87,Zentrales Mittelfeld,6.7508874
156628,Miroslav Konopek,Kroatien,1991-03-28,1.86,Mittelstürmer,
395326,Mirza Mujdzic,Schweiz,1998-12-06,1.91,Innenverteidiger,6.815738
667458,Mischa Beeli,Schweiz,2004-02-05,1.82,Innenverteidiger,
1029571,Modibo Camara,Frankreich,2003-06-22,1.92,Innenverteidiger,6.865163
688622,Modou Minteh,Schweiz,2006-11-04,,Mittelstürmer,
500983,Mohamad Alshikh,Syrien,2001-01-01,1.77,Zentrales Mittelfeld,
694172,Mohamed Akessi,Elfenbeinküste,1993-10-25,,Mittelstürmer,
593280,Mohamed Ali Gueddar,Frankreich,1998-11-25,1.76,Offensives Mittelfeld,6.953071
1289190,Mohamed Bangoura,Guinea,2006-02-18,1.77,Defensives Mittelfeld,6.9138107
698377,Mohamed Bangoura,Frankreich,1995-08-18,1.85,Mittelstürmer,6.721092
290601,Mohamed Boukaoui,Frankreich,1996-01-27,1.87,Zentrales Mittelfeld,6.732931
426723,Mohamed Camara,Guinea,1997-08-28,1.93,Innenverteidiger,
600884,Mohamed Camara,Guinea,1996-03-27,1.87,Mittelstürmer,
994652,Mohamed Essakkati,Niederlande,2005-04-25,,Rechtsaußen,6.916966
1154339,Mohamed Mahily Gassama,Frankreich,2001-08-10,1.74,Rechter Verteidiger,6.5133963
1468607,Mohammad Bahmad,Schweiz,2005-12-10,,Abwehr,6.7189093
849090,Mohammad Mahmoud,Deutschland,2005-02-13,1.92,Mittelstürmer,
1390890,Mohd Hossain Razai,Afghanistan,2006-03-29,,Abwehr,
866284,Mohsen Abdeljaoued,Schweiz,2005-02-06,,Rechtes Mittelfeld,6.7351584
539800,Momodou Jaiteh,Schweiz,2004-11-27,1.75,Mittelstürmer,
268801,Moritz Hischier,Schweiz,1997-04-20,,Innenverteidiger,
274971,Mouez Aboud,Tunesien,1996-07-18,1.85,Defensives Mittelfeld,
825652,Mouhamed Coulibaly,Senegal,1997-12-25,1.87,Defensives Mittelfeld,
450390,Moussa Diallo,Frankreich,1997-01-27,1.87,Rechter Verteidiger,
706953,Moussa Toure Diaby,Spanien,1995-02-18,1.86,Innenverteidiger,
938753,Moustapha Trousseau,Frankreich,1997-12-13,,Mittelstürmer,6.7621098
392152,Moyo-Ola Uruejoma,Schweiz,1997-12-24,1.84,Defensives Mittelfeld,6.95109
166957,Muamer Zeneli,Schweiz,1991-03-31,,Mittelstürmer,
1138246,Muhamed Kurtishi,Schweiz,2008-08-24,,Linksaußen,7.057221
477681,Musah Nuhu,Ghana,1997-01-17,1.95,Innenverteidiger,
455762,Mussa Diallo,Schweiz,2000-06-01,1.93,Torwart,
19279,Mustafa Sejmenovic,Bosnien-Herzegowina,1986-01-03,1.85,Innenverteidiger,
166401,Mylord Kasai,Schweiz,1992-07-08,1.87,Mittelstürmer,
688392,Naim Djaoudi,Schweiz,2004-11-09,,Offensives Mittelfeld,6.9487715
864377,Nando Rüegg,Schweiz,2004-09-14,,Zentrales Mittelfeld,7.0196447
728338,Nando Toggenburger,Schweiz,2004-03-17,1.8,Mittelstürmer,6.905853
620757,Nando Zimmermann,Schweiz,2002-07-27,1.8,Linker Verteidiger,6.8114963
531356,Nasser Aboudou,Frankreich,1998-02-26,1.75,Rechter Verteidiger,
862297,Nasser Djiga,Burkina Faso,2002-11-15,1.92,Innenverteidiger,
682814,Nassim L'Ghoul,Algerien,1997-07-30,1.78,Offensives Mittelfeld,
800416,Nassim Titebah,Marokko,1998-01-13,1.76,Rechter Verteidiger,
628618,Nassim Zoukit,Schweiz,2001-04-30,1.88,Defensives Mittelfeld,
567678,Nathan Aymon,Schweiz,2003-01-12,,Torwart,7.0782933
443425,Nathan Garcia,Schweiz,1999-11-22,1.76,Mittelstürmer,
911256,Nathan Heller,Schweiz,2005-05-03,1.94,Innenverteidiger,
431507,Nathan Jaton,Schweiz,1997-04-17,1.81,Zentrales Mittelfeld,6.819527
556915,Nathan Kisisa,Frankreich,1998-07-10,,Mittelstürmer,6.7400055
659325,Nathan Mbengi,Schweiz,2004-04-30,1.84,Zentrales Mittelfeld,6.778952
1087431,Nathan Pellanda,Schweiz,2007-07-06,,Torwart,
488171,Nathan Senerine,DR Kongo,2001-02-17,1.85,Innenverteidiger,6.7655563
1050757,Nathan Spari-Ramos,Deutschland,2000-10-25,,Offensives Mittelfeld,
926212,Nathan Tayey,Frankreich,1997-07-26,,Linksaußen,7.039128
667470,Nathan Wicht,Schweiz,2004-02-20,1.85,Zentrales Mittelfeld,
585950,Nathanaël Saintini,Guadeloupe,2000-05-30,1.88,Innenverteidiger,6.5472803
421791,Nedim Omeragic,Schweiz,1999-02-01,1.85,Mittelstürmer,
154834,Nedzad Plavci,Deutschland,1988-11-04,1.67,Offensives Mittelfeld,
630747,Neel Kissling,Schweiz,2003-07-29,,Torwart,6.964072
1015824,Neil Volken,Schweiz,2007-04-23,1.71,Linker Verteidiger,6.775975
1248303,Nelo Aloise,Schweiz,2007-05-04,1.85,Linksaußen,6.73677
994512,Nemanja Zaric,Schweiz,2005-03-26,1.85,Zentrales Mittelfeld,6.9399085
1199982,Nenad Pejic,Deutschland,2007-09-28,1.94,Mittelstürmer,6.7642093
507419,Nenad Zivkovic,Schweiz,2002-03-19,1.78,Mittelstürmer,6.756556
910807,Nestor Carrasco,Schweiz,2005-05-27,,Mittelstürmer,
921610,Nestorly Lumbu,Frankreich,1998-01-05,1.95,Innenverteidiger,
195371,Neto,Brasilien,1993-02-14,1.72,Rechtsaußen,6.899396
922291,Nevio Di Giusto,Schweiz,2005-03-18,1.65,Offensives Mittelfeld,7.241431
64792,Nezir Kurtic,Schweiz,1989-10-06,,Rechter Verteidiger,
805768,Niccoló Spinelli,Schweiz,2004-04-08,,Rechtsaußen,6.819385
387984,Nicholas Ammeter,Schweiz,2000-12-11,1.88,Torwart,
1282595,Nick Aningwu,Schweiz,2006-03-24,,Rechter Verteidiger,
608192,Nick Berger,Schweiz,2002-06-05,,Linksaußen,6.738665
1163576,Nick Rimann,Schweiz,2007-11-10,,Torwart,
254974,Nick Rothen,Schweiz,1996-11-30,,Rechter Verteidiger,6.8294077
59247,Nick von Niederhäusern,Schweiz,1989-09-28,1.78,Rechter Verteidiger,
576712,Nicky Clescenco,Moldawien,2001-07-23,1.78,Linksaußen,
866269,Nico Ammann,Schweiz,2004-05-22,1.85,Torwart,7.123961
1138253,Nico Lazri,Schweiz,2008-01-29,1.79,Offensives Mittelfeld,6.9219236
346904,Nico Maier,Schweiz,2000-07-02,1.73,Rechtsaußen,
110358,Nico Siegrist,Schweiz,1991-06-09,1.8,Rechtsaußen,6.9781375
365125,Nico Stucki,Schweiz,2001-06-29,1.82,Torwart,7.08725
1015820,Nico Wenger,Schweiz,2007-07-08,1.78,Torwart,
1046467,Nicola Gamba,Schweiz,2006-07-10,1.81,Innenverteidiger,6.79394
203920,Nicola Nilovic,Montenegro,1996-08-06,1.88,Innenverteidiger,
147053,Nicola Peter,Schweiz,1994-09-06,1.78,Defensives Mittelfeld,6.8974285
947156,Nicola Salgado,Schweiz,2000-01-05,,Torwart,
346897,Nicola Suter,Schweiz,2000-02-02,1.84,Offensives Mittelfeld,7.0543733
355538,Nicola Turi,Italien,1998-02-05,1.82,Rechter Verteidiger,
824121,Nicola Zagaria,Italien,2002-09-09,,Zentrales Mittelfeld,
165903,Nicola Zuffi,Schweiz,1992-02-19,,Defensives Mittelfeld,
479481,Nicolas Boss,Schweiz,1999-06-25,,Linksaußen,
203895,Nicolas Bürgy,Schweiz,1995-08-07,1.85,Innenverteidiger,
390171,Nicolas Eberle,Schweiz,1999-11-04,1.74,Mittelstürmer,
499319,Nicolas Glaus,Schweiz,2002-05-10,1.87,Torwart,
347884,Nicolas Grivot,Frankreich,1994-02-04,1.84,Torwart,
129642,Nicolas Gétaz,Schweiz,1991-06-11,1.82,Linker Verteidiger,
404026,Nicolas Herter,Schweiz,1999-03-24,1.77,Defensives Mittelfeld,
807852,Alessio Vuitel,Schweiz,2004-07-19,,Torwart,
573321,Nicolas Künzli,Schweiz,2000-03-06,,Innenverteidiger,6.8267045
493703,Nicolas Laghi,Italien,2002-02-19,1.83,Hängende Spitze,
1177003,Nicolas Pasquier,Schweiz,2005-11-19,,Abwehr,
927368,Nicolas Popovich,England,2005-05-30,,Innenverteidiger,6.802782
192621,Nicolas Stettler,Schweiz,1996-04-28,1.76,Rechter Verteidiger,6.7946944
578924,Nicolo Abazi,Albanien,2001-04-12,1.86,Torwart,7.0375495
698028,Nicolò Di Benedetto,Schweiz,2003-08-18,1.88,Innenverteidiger,
1164444,Nicolò Puddu,Schweiz,2007-09-19,1.78,Hängende Spitze,6.8747454
1158992,Nicolò Urbano,Italien,2007-03-28,1.94,Mittelstürmer,6.8577995
925258,Niels Chirao,Frankreich,2006-01-18,,Rechter Verteidiger,6.8005295
631846,Nik Dubler,Schweiz,2004-04-02,1.71,Offensives Mittelfeld,7.1420164
510898,Nikita Vlasenko,Schweiz,2001-03-20,1.9,Innenverteidiger,
496237,Niklas Steffen,Schweiz,2001-01-19,1.87,Torwart,
371550,Nikola Maksimovic,Schweiz,1998-04-12,1.78,Linker Verteidiger,
449603,Nikola Marinkovic,Schweiz,1998-12-19,1.77,Linker Verteidiger,6.6959295
388752,Nikola Mijatovic,Schweiz,1997-12-29,1.84,Linker Verteidiger,6.811787
317835,Nikola Milosavljevic,Schweiz,1996-04-24,1.8,Zentrales Mittelfeld,6.9955115
303845,Nikola Sukacev,Schweiz,1998-02-24,1.78,Rechtes Mittelfeld,
708381,Nikola Vasic,Schweiz,2003-05-13,,Innenverteidiger,6.6237435
700351,Nikolai Maurer,Schweiz,2003-06-06,1.85,Defensives Mittelfeld,6.8643255
507482,Nils Pédat,Schweiz,2001-07-12,1.85,Rechtsaußen,7.0950127
507412,Nils Reichmuth,Schweiz,2002-02-22,1.75,Offensives Mittelfeld,
680037,Nils Wyssen,Schweiz,1999-07-18,,Innenverteidiger,
499195,Nils de Mol,Schweiz,2001-05-03,1.83,Torwart,
192622,Nils von Niederhäusern,Schweiz,1996-01-10,1.8,Rechter Verteidiger,
926440,Nino Schuppisser,Schweiz,2003-08-28,,Torwart,
806305,Noa Dundas,Niederlande,2004-04-13,1.93,Zentrales Mittelfeld,
816724,Noa Mateus,DR Kongo,2004-04-03,,Innenverteidiger,6.5029955
937514,Noa Testa,Schweiz,2006-01-04,,Linksaußen,6.832589
567679,Noa Toma,Schweiz,2003-07-11,1.79,Zentrales Mittelfeld,6.8752804
1125690,Noa Yesua Boum Boum,Kamerun,2005-07-14,,Abwehr,
396361,Noah Blasucci,Schweiz,1999-06-19,1.75,Zentrales Mittelfeld,
357860,Noah De Queiroz,Schweiz,2002-12-10,1.85,Innenverteidiger,6.7356257
728398,Noah Epting,Schweiz,2005-02-08,,Defensives Mittelfeld,
365096,Noah Falk,Schweiz,2001-12-08,1.86,Torwart,7.060074
500369,Noah Flühmann,Schweiz,2000-11-09,,Offensives Mittelfeld,6.9422593
388604,Noah Frick,Liechtenstein,2001-10-16,1.88,Offensives Mittelfeld,
1082081,Noah Gabriel,Schweiz,2003-11-12,,Mittelfeld,
625405,Noah Godwin,Schweiz,2003-07-18,1.89,Torwart,
507340,Noah Henchoz,Schweiz,2002-02-22,1.82,Innenverteidiger,
924793,Noah Herder,Frankreich,2006-12-31,1.83,Offensives Mittelfeld,6.6890345
583010,Noah Jakob,Schweiz,2003-01-14,1.83,Zentrales Mittelfeld,7.0244775
508960,Noah Jones,Vereinigte Staaten,2002-03-18,1.85,Mittelstürmer,
1407672,Noah Kakor,Schweiz,2010-07-08,,Innenverteidiger,6.700662
321663,Noah Kamé,Deutschland,1996-09-21,1.79,Innenverteidiger,
900972,Noah Kunz,Schweiz,2003-11-19,1.87,Torwart,
692192,Noah Leao Muata,Schweiz,2004-07-31,1.75,Linker Verteidiger,6.681276
464186,Noah Lovisa,Schweiz,2000-06-21,1.82,Linker Verteidiger,
992914,Noah Makaya,Schweiz,2006-05-24,,Linker Verteidiger,6.68008
622023,Noah Rupp,Schweiz,2003-08-13,1.84,Zentrales Mittelfeld,
688614,Noah Streit,Schweiz,2005-10-11,1.83,Rechtsaußen,
862767,Noah Vaudan,Schweiz,2005-07-19,,Torwart,
1142218,Noah Zuberbühler,Schweiz,2006-09-22,,Torwart,
719784,Noe Holenstein,Schweiz,2004-03-25,1.79,Linkes Mittelfeld,6.705613
927499,Noe Pfäuti,Schweiz,2005-07-23,1.86,Innenverteidiger,
700281,Noel Gemperle,Schweiz,2003-07-18,,Linksaußen,6.8983126
484995,Noha Ndombasi,Frankreich,2001-04-28,1.74,Mittelstürmer,
290488,Noha Sylvestre,Schweiz,1997-12-29,1.73,Defensives Mittelfeld,6.9318447
939935,Noham Nekcha,Schweiz,2005-11-15,1.85,Linksaußen,
334132,Nolan Erard,Schweiz,1996-07-21,1.84,Rechter Verteidiger,6.8134093
334408,Nolan Nuzzolo,Schweiz,1996-08-14,1.78,Mittelstürmer,
1138247,Norbu Lhakpa,Schweiz,2008-06-27,1.81,Rechtsaußen,6.7002063
278365,Norman Peyretti,Frankreich,1994-02-06,1.83,Offensives Mittelfeld,
521083,Noussayr Batbout,Tunesien,2001-05-26,1.83,Mittelstürmer,6.7141676
183308,Novem Baumann,Schweiz,1995-12-04,1.85,Torwart,
728428,Noé Boum,Schweiz,2004-12-30,1.78,Zentrales Mittelfeld,6.842661
807896,Noé Kauer,Schweiz,2003-05-25,,Zentrales Mittelfeld,
944856,Noé Philipona,Schweiz,2005-08-10,1.84,Mittelstürmer,6.750633
1061051,Noë Tschanz,Schweiz,2006-07-21,1.83,Linkes Mittelfeld,6.8127317
365124,Noël Wetz,Schweiz,2001-02-08,1.83,Rechter Verteidiger,6.7882915
538633,Nuno Pina,Portugal,1999-03-31,1.84,Zentrales Mittelfeld,6.813306
371088,Néhemie Lusuena,Schweiz,1998-04-29,1.75,Defensives Mittelfeld,
373967,Oan Djorkaeff,Frankreich,1997-04-30,1.78,Linkes Mittelfeld,
539332,Olatunde Olaniyi,Schweiz,2000-05-24,1.85,Innenverteidiger,6.6969595
1142213,Oliver Nicolier,Schweiz,2006-05-03,,Torwart,
1053938,Olivier Cassange,Frankreich,2001-08-08,1.87,Mittelstürmer,6.8233166
1138260,Olivier Mambwa,Schweiz,2008-12-05,1.87,Linker Verteidiger,6.7137847
926336,Omar Daf,Frankreich,2002-12-23,1.82,Rechtsaußen,
260163,Omer Dzonlagic,Schweiz,1995-05-25,1.83,Linksaußen,7.1551976
499214,Orges Bunjaku,Schweiz,2001-07-05,1.8,Zentrales Mittelfeld,
345235,Oscar Correia,Schweiz,1997-09-28,1.8,Rechtsaußen,
1021728,Oscar Hibbett,England,2004-12-04,,Innenverteidiger,
1137193,Oscar Renovales,Schweiz,2007-10-24,,Mittelstürmer,6.820101
676641,Ottavio Garau,Italien,2002-12-09,1.71,Rechtsaußen,
905926,Oumar Sarr,Frankreich,2001-08-03,1.83,Innenverteidiger,
905925,Ousseynou Sene,Schweiz,2002-09-17,1.79,Linksaußen,
805952,Owen Lewis,England,2004-09-04,,Linkes Mittelfeld,6.904912
1306215,Ozan Sahingöz,Schweiz,2005-02-02,,Torwart,7.0985236
539328,Pablo Londono,Schweiz,1999-07-23,,Rechter Verteidiger,6.7957497
896101,Pablo Perera,Schweiz,2005-08-09,,Innenverteidiger,
1072998,Panagioti Papavasiliou,Kanada,2005-09-13,1.86,Torwart,7.068759
377431,Paolo Arrivas,Belgien,1998-04-12,1.77,Linksaußen,6.8390613
421783,Pascal Brügger,Schweiz,1999-03-10,1.86,Torwart,
1172723,Pascal Geisselhardt,Schweiz,2001-08-06,1.92,Innenverteidiger,6.716859
667462,Pascal Hammer,Schweiz,2004-01-20,1.84,Innenverteidiger,
583038,Pascal Loretz,Schweiz,2003-06-01,1.91,Torwart,
1073417,Conor Keenan,England,2002-01-31,,Abwehr,
311799,Pascal Schüpbach,Schweiz,2000-04-11,1.78,Linker Verteidiger,
283986,Pascal Stump,Schweiz,1994-12-02,,Linker Verteidiger,
1177459,Pascal Utz,Schweiz,2007-02-02,1.74,Rechtsaußen,
159146,Patric Gasser,Schweiz,1987-02-18,,Mittelstürmer,
391742,Patric Pfeiffer,Ghana,1999-08-20,1.96,Innenverteidiger,
878116,Patrice Kissling,Schweiz,2005-04-20,1.84,Mittelstürmer,
927412,Patrice Tinguely,Schweiz,2005-12-12,,Innenverteidiger,
284760,Patrick Berera,Schweiz,1995-10-18,1.75,Linkes Mittelfeld,
388591,Patrick Karrer,Schweiz,1991-01-08,1.9,Torwart,
518676,Patrick Luan,Brasilien,1998-10-31,1.79,Mittelstürmer,
235483,Patrick Muff,Schweiz,1994-04-22,1.84,Linker Verteidiger,6.8196087
1019619,Patrick Piantino,Schweiz,1999-10-04,,Torwart,
33771,Patrick Rossini,Schweiz,1988-04-02,1.79,Mittelstürmer,
410617,Patrick Sutter,Schweiz,1999-01-18,1.72,Rechter Verteidiger,
810972,Patrick Weber,Schweiz,2004-04-07,1.83,Zentrales Mittelfeld,
692185,Patrick Zajac,Deutschland,2004-06-26,1.86,Torwart,7.1180964
388681,Patrick da Costa,Schweiz,1997-04-20,1.7,Rechtsaußen,
276757,Patrik Gjidoda,Schweiz,1994-11-17,1.78,Mittelstürmer,6.7950034
795761,Paul König,Deutschland,2004-08-30,,Innenverteidiger,
631890,Paul Rocha,Frankreich,1992-08-01,,Offensives Mittelfeld,
429807,Paul Villano,Schweiz,1997-06-12,1.89,Innenverteidiger,
291887,Paulo Moreira,Portugal,1993-11-17,,Torwart,
192585,Pedro Martín,Spanien,1992-01-16,1.89,Mittelstürmer,
583056,Pedro Mbunga,Schweiz,2003-03-29,,Rechter Verteidiger,
617883,Pedro Obama,Spanien,1996-08-15,1.81,Linksaußen,6.854308
433189,Pedro Teixeira,Schweiz,1998-09-07,1.78,Linkes Mittelfeld,6.7686973
922627,Perceval Essay,Schweiz,2004-06-17,,Zentrales Mittelfeld,6.693457
346907,Perrault Tokam,Schweiz,2000-05-23,1.81,Defensives Mittelfeld,
384933,Petar Pavlovic,Österreich,1997-07-28,1.74,Rechtsaußen,
286942,Philip Faderl,Deutschland,1994-02-02,1.9,Torwart,7.1190424
639966,Philip Näf,Schweiz,2004-02-17,,Rechter Verteidiger,
667467,Philipp Novakovic,Schweiz,2004-02-23,,Defensives Mittelfeld,
751033,Pierrick Moulin,Schweiz,2003-03-06,1.82,Offensives Mittelfeld,
1057531,Pietro Souza Bregant,Italien,2007-06-01,,Abwehr,6.7635164
692198,Pirosch Fischer,Schweiz,2004-07-23,1.75,Rechtsaußen,6.7704268
310270,Premtim Gashi,Schweiz,2001-04-10,1.9,Torwart,6.989701
620839,Presley Pululu,Frankreich,2002-07-25,,Linksaußen,6.92854
692193,Péter Sebők,Ungarn,2004-07-26,1.8,Defensives Mittelfeld,6.9128866
419628,Quentin Fouley,Frankreich,1994-01-04,1.9,Offensives Mittelfeld,
126503,Quentin Gaillard,Schweiz,1994-01-20,1.73,Zentrales Mittelfeld,
308300,Quentin Guyon,Frankreich,1990-03-22,1.83,Defensives Mittelfeld,
274498,Quentin Maceiras,Schweiz,1995-10-10,1.8,Rechter Verteidiger,
958638,Quentin Manteau,Frankreich,2002-06-13,1.83,Torwart,7.0773454
461587,Quentin Vieira,Portugal,1999-05-10,1.84,Innenverteidiger,
691363,Rachad Ganiyou,Schweiz,2003-06-23,1.75,Offensives Mittelfeld,6.6985445
515767,Rachid Ramdani,Frankreich,1994-09-28,,Linksaußen,
1059638,Rafael Frizzi,Schweiz,2006-11-02,,Mittelstürmer,6.8099647
927376,Rafael Garcia,Portugal,2005-05-18,,Rechter Verteidiger,6.7145953
310115,Rafael Muff,Schweiz,2000-01-12,,Defensives Mittelfeld,
483766,Raffael Sablatnig,Schweiz,1999-06-02,1.84,Innenverteidiger,6.84109
145872,Rafhinha,Österreich,1992-03-02,,Linkes Mittelfeld,
215652,Rafidine Abdullah,Komoren,1994-01-15,1.79,Defensives Mittelfeld,
543518,Raiyan Puntel,Schweiz,2000-03-21,,Innenverteidiger,6.8197293
371011,Rajmond Laski,Schweiz,1997-09-24,,Innenverteidiger,6.8822956
704411,Ramon Garbani Nerini,Schweiz,2003-12-01,1.82,Torwart,
659313,Ramon Guzzo,Schweiz,2004-07-05,1.8,Linker Verteidiger,
500758,Randy Schneider,Philippinen,2001-08-27,1.7,Offensives Mittelfeld,
659450,Rangin Rigal,Syrien,2004-01-01,,Linksaußen,
923434,Ranjan Neelakandan,Schweiz,2005-01-20,1.82,Mittelstürmer,
243878,Raoul Petretta,Italien,1997-03-24,1.76,Linker Verteidiger,
128466,Raphael Ferreira,Schweiz,1991-03-19,1.75,Linker Verteidiger,
64972,Raphael Kehrli,Schweiz,1977-09-14,1.84,Innenverteidiger,
507392,Raphael Radtke,Schweiz,2002-03-04,1.9,Torwart,7.1032557
1376732,Raphaël Coulibaly,Schweiz,2010-01-12,1.84,Zentrales Mittelfeld,6.840778
334735,Raphaël Glauser,Schweiz,1998-04-23,,Rechter Verteidiger,6.793212
1162227,Ras Chamsoudinov,Frankreich,2003-04-02,1.85,Mittelstürmer,
1344407,Raul Ratcliffe,Schweiz,2006-07-28,,Rechtes Mittelfeld,6.753173
927352,Rayan Benammar,Frankreich,2005-08-10,,Zentrales Mittelfeld,
519619,Rayan Kadima,Frankreich,1997-12-15,1.87,Innenverteidiger,
677131,Reda Laidouci,Algerien,2000-11-14,,Mittelstürmer,6.902172
680142,Rejan Thaci,Kosovo,2003-11-07,1.82,Linker Verteidiger,6.6247063
341724,Relu,Spanien,1998-02-09,1.83,Zentrales Mittelfeld,
65593,Remo Burri,Schweiz,1991-02-22,,Torwart,
312050,Remo Kilchhofer,Schweiz,2000-11-12,,Torwart,7.113956
1141521,Renato Widmer D’Autilia,Italien,2008-04-18,,Torwart,
33724,Renatus Njohole,Tansania,1980-06-16,1.8,Defensives Mittelfeld,
56309,Reto Scherer,Schweiz,1989-08-28,,Mittelstürmer,
1061048,Rhodri Smith,Schweiz,2006-09-09,1.85,Linker Verteidiger,6.7886853
507466,Ricardo Alves,Schweiz,2001-12-02,1.77,Zentrales Mittelfeld,
122090,Ricardo Colamartino,Schweiz,1991-01-24,1.82,Innenverteidiger,
160275,Ricardo Farinha,Portugal,1991-12-16,1.83,Innenverteidiger,6.8202353
713210,Riccardo Galletti,Italien,2003-05-09,1.87,Torwart,
64663,Ridge Mobulu,DR Kongo,1991-06-29,1.78,Rechtes Mittelfeld,7.192759
390170,Rijad Saliji,Schweiz,1999-04-05,1.79,Offensives Mittelfeld,
396822,Rilind Nivokazi,Kosovo,2000-01-26,1.88,Mittelstürmer,
862732,Rinis Beqaj,Schweiz,2004-07-07,1.78,Linksaußen,
427125,Rinjala Raherinaivo,Madagaskar,1998-05-25,1.7,Rechtsaußen,6.970043
583020,Rion Xhemaili,Schweiz,2003-03-05,1.81,Zentrales Mittelfeld,6.798823
507421,Robert Colaj,Schweiz,2002-11-13,,Rechter Verteidiger,6.707262
934384,Robert Kukeli,Schweiz,2005-06-24,,Torwart,
68021,Roberto Rodriguez,Schweiz,1990-07-28,1.8,Offensives Mittelfeld,6.8508134
433880,Roberto Strechie,Italien,2000-07-16,1.74,Defensives Mittelfeld,
243869,Robin Adamczyk,Deutschland,1997-02-07,1.77,Zentrales Mittelfeld,6.96634
421810,Robin Busset,Madagaskar,2000-02-25,1.86,Linker Verteidiger,
195340,Robin Enrico,Schweiz,1994-01-22,,Torwart,7.1322827
479486,Robin Golliard,Schweiz,1999-08-12,1.78,Mittelstürmer,
999480,Robin Handermann,Schweiz,2006-03-27,1.95,Torwart,7.09605
1266692,Robin Hushi,Schweiz,2007-12-25,,Offensives Mittelfeld,6.8550086
611740,Robin Hänggi,Schweiz,2000-03-22,,Mittelstürmer,
1145994,Robin Liechti,Schweiz,2007-02-03,,Torwart,
691359,Robin Riedi,Schweiz,2003-02-28,,Torwart,
1195624,Robin Taillefert,Schweiz,2005-07-21,,Torwart,
507418,Robin Wildhaber,Schweiz,2002-01-30,1.77,Linker Verteidiger,6.789663
607923,Rocco Keller,Schweiz,2002-04-02,1.81,Zentrales Mittelfeld,
1060759,Rodolfo Lippo,Finnland,2004-05-13,1.86,Innenverteidiger,6.820778
284247,Rolling Iyeti,Schweiz,1995-01-22,1.85,Linker Verteidiger,
591690,Romain Baume,Schweiz,1999-05-09,,Defensives Mittelfeld,6.903512
240348,Romain Kursner,Schweiz,1996-06-23,1.75,Linker Verteidiger,
1430681,Romain Risse,Schweiz,2004-11-06,,Mittelfeld,6.8201847
452556,Roman Heini,Schweiz,1999-03-31,1.77,Rechter Verteidiger,
591693,Roman Huber,Schweiz,1998-01-12,,Offensives Mittelfeld,
583013,Romeo Morandi,Schweiz,2003-10-08,1.84,Zentrales Mittelfeld,6.9390593
700479,Roméo Beney,Schweiz,2005-01-19,1.87,Linksaußen,
1164189,Ron Isa,Albanien,2007-04-20,,Rechtsaußen,
678846,Ronaldo Dantas Fernandes,Schweiz,2004-12-13,1.69,Offensives Mittelfeld,
1061737,Ronan Opoku,Schweiz,2006-01-23,,Mittelstürmer,
76055,Ronny Rodelin,Frankreich,1989-11-18,1.93,Rechtsaußen,
479711,Rosario Rizzitano,Italien,1999-01-31,1.87,Torwart,
322512,Rrezart Hoxha,Schweiz,1998-05-26,1.81,Mittelstürmer,7.0463147
1046466,Rron Krueziu,Schweiz,2006-01-07,,Innenverteidiger,6.7428517
365103,Ruben Correia,Schweiz,2000-01-06,1.82,Linker Verteidiger,
500770,Ruben Correia,Schweiz,2002-01-06,1.66,Rechter Verteidiger,
335694,Ruben Fernandez,Schweiz,1996-04-01,1.76,Zentrales Mittelfeld,
897151,Ruben Mpondani,Angola,2003-07-02,,Mittelfeld,
618386,Ruben Pousa,Schweiz,2001-12-04,1.73,Rechter Verteidiger,
1061045,Ruben Salchli,Niederlande,2006-02-03,,Torwart,7.0978713
620832,Ryan Fosso,Kamerun,2002-06-17,1.83,Defensives Mittelfeld,
707699,Ryan Guillaume,Schweiz,2003-08-11,1.81,Offensives Mittelfeld,
583039,Rúben Dantas Fernandes,Schweiz,2003-05-19,1.8,Linker Verteidiger,6.7165146
1063426,Rúben José da Silva,Schweiz,2003-07-21,,Torwart,
869096,Rúben Valente,Portugal,2002-08-02,,Zentrales Mittelfeld,6.8489013
587289,Sabir Agougil,Niederlande,2002-01-18,1.82,Zentrales Mittelfeld,6.8896475
882653,Sacha Guevara,Bolivien,2002-08-02,,Zentrales Mittelfeld,
964300,Sacha Tavares,Schweiz,2006-02-26,1.86,Innenverteidiger,
620835,Sadin Crnovrsanin,Schweiz,2002-02-04,1.87,Innenverteidiger,
443424,Safet Alic,Schweiz,1999-02-04,1.85,Rechter Verteidiger,6.7121754
196435,Saidy Janko,Gambia,1995-10-22,1.81,Rechter Verteidiger,
1162081,Sajawal Mahar,Schweiz,2007-06-14,1.74,Linksaußen,6.828019
511143,Salah Aziz Binous,Schweiz,2000-08-04,1.92,Mittelstürmer,
196220,Saleh Chihadeh,Palästina,1994-08-25,1.8,Mittelstürmer,
923029,Salem Tubic,Schweiz,2005-02-03,1.9,Innenverteidiger,6.7950015
147049,Salim Khelifi,Tunesien,1994-01-26,1.72,Rechtes Mittelfeld,
707421,Saliou Thioune,Italien,2004-02-07,1.79,Mittelstürmer,
99682,Sally Sarr,Mauretanien,1986-05-06,1.81,Innenverteidiger,
129676,Salvatore Guarino,Schweiz,1989-06-09,1.7,Linkes Mittelfeld,6.8681316
1026014,Samba Diba,Senegal,2003-12-24,1.95,Defensives Mittelfeld,
1124302,Samba Só,Portugal,2000-08-19,1.85,Mittelstürmer,
659281,Samet Cicek,Schweiz,2004-02-12,,Offensives Mittelfeld,6.939313
925224,Sami Bashaj,Schweiz,2006-06-13,1.85,Innenverteidiger,
165599,Samir Naili,Schweiz,1993-04-17,1.76,Zentrales Mittelfeld,
582019,Samuel Alabi,Ghana,2000-05-06,1.7,Offensives Mittelfeld,
816722,Samuel Baumann,Schweiz,2004-05-27,,Innenverteidiger,6.7262487
171603,Samuel Blättler,Schweiz,1994-03-08,1.8,Torwart,
340256,Samuel Delli Carri,Schweiz,1997-11-26,,Innenverteidiger,6.812656
824008,Samuel Fankhauser,Schweiz,2004-02-06,1.92,Innenverteidiger,
264153,Samuel Gomis,Frankreich,1988-05-01,,Defensives Mittelfeld,
507422,Samuel Kasongo,Schweiz,2002-08-07,1.75,Zentrales Mittelfeld,
286444,Samuel Taveira,Portugal,1997-05-31,,Linksaußen,
1056995,Samuele Rutigliano,Italien,2006-08-09,1.95,Torwart,7.0718217
925196,Samuele Tomeo,Schweiz,2006-01-19,,Linker Verteidiger,
128465,Sandro Christen,Schweiz,1989-02-20,,Rechtsaußen,
507335,Sandro Di Nucci,Schweiz,2002-01-18,1.71,Offensives Mittelfeld,6.821627
254965,Sandro Lauper,Schweiz,1996-10-25,1.85,Defensives Mittelfeld,
421820,Sandro Theler,Schweiz,2000-12-15,1.75,Rechter Verteidiger,6.7991695
1138268,Sandro Wyss,Schweiz,2008-05-03,1.78,Mittelstürmer,6.8475785
332862,Sanijel Kucani,Schweiz,1996-03-14,1.74,Rechter Verteidiger,6.8425055
388216,Santiago Brunner,Schweiz,2001-07-31,1.82,Innenverteidiger,6.8296866
704076,Santiago Miranda,Schweiz,2001-06-01,1.84,Innenverteidiger,6.825591
667469,Santiago Pedrazzini,Schweiz,2004-04-04,1.86,Innenverteidiger,
918071,Sarosh Azizkhodjaev,Usbekistan,1999-04-23,,Abwehr,
932187,Sascha Britschgi,Schweiz,2006-08-27,1.82,Rechter Verteidiger,
922770,Sascha Meyer,Schweiz,2006-04-21,1.86,Mittelstürmer,6.970888
1061733,Sasha Blaser,Schweiz,2006-02-17,1.8,Torwart,
388220,Sayfallah Ltaief,Tunesien,2000-04-22,1.78,Linkes Mittelfeld,
557219,Sebas Cid,Schweiz,1999-03-26,1.77,Zentrales Mittelfeld,6.8275337
707659,Sebastian Löpfe,Schweiz,2003-06-24,,Offensives Mittelfeld,
199453,Sebastian Osigwe,Nigeria,1994-03-26,1.85,Torwart,
911244,Sebastian Walker,Schweiz,2005-10-01,1.8,Linkes Mittelfeld,6.8309255
797697,Sebastien Rosenblatt,Frankreich,2002-11-05,,Torwart,
654949,Sekou Diawara,Belgien,2004-02-08,1.87,Mittelstürmer,6.7732897
586678,Selim Turping,Luxemburg,2004-11-12,1.78,Rechtsaußen,6.718351
691356,Selmin Hodza,Schweiz,2003-05-24,1.78,Rechter Verteidiger,6.707018
491278,Semih Ocakli,Frankreich,1999-12-23,1.84,Defensives Mittelfeld,
980663,Senad Cosic,Bosnien-Herzegowina,2007-01-11,1.76,Mittelstürmer,6.7415667
413438,Seo Mattei,Schweiz,1998-05-22,1.7,Rechter Verteidiger,
175863,Sergio Cortelezzi,Uruguay,1994-09-09,1.85,Mittelstürmer,
135471,Serif Berbic,Schweiz,2001-11-25,1.94,Torwart,
391917,Serkan Polat,Schweiz,2001-02-26,1.91,Torwart,
693029,Setigui Karamoko,Frankreich,1999-10-10,1.96,Innenverteidiger,
1119165,Théo Badan,Schweiz,2001-03-31,,Torwart,
311493,Severin Freiburghaus,Schweiz,1997-07-01,1.8,Offensives Mittelfeld,
583026,Severin Ottiger,Schweiz,2003-04-20,1.83,Rechter Verteidiger,6.483543
800258,Seydina Doumbia,Schweiz,2001-07-31,1.93,Innenverteidiger,
601544,Seydou Kiendrebeogo,Burkina Faso,1998-06-05,,Rechtes Mittelfeld,6.815345
482666,Shaban Kuquku,Kosovo,2001-09-18,1.94,Torwart,7.092302
172989,Shaho Maroufi,Iran,1993-02-16,1.79,Zentrales Mittelfeld,
1080170,Shaka Mayi,Frankreich,1996-08-19,1.9,Mittelstürmer,
814018,Shakur Omar,Schweden,2004-03-31,1.86,Mittelstürmer,
184381,Shani Tarashaj,Schweiz,1995-02-07,,Hängende Spitze,
608201,Shayan Maroufi,Iran,2002-10-30,1.77,Mittelstürmer,
1325624,Shedrach Ogbodu,Schweiz,2009-03-26,,Mittelstürmer,6.6825233
183324,Shpetim Sulejmani,Schweiz,1995-06-02,,Mittelstürmer,
147029,Signori Antonio,Angola,1994-07-25,1.87,Torwart,
862748,Silas Huber,Schweiz,2005-07-10,1.97,Torwart,7.071768
479269,Silvan Diaz,Schweiz,2000-07-07,,Linkes Mittelfeld,
691375,Silvan Schiess,Liechtenstein,2003-07-11,,Rechtsaußen,
629390,Silvan Schwegler,Schweiz,2003-09-04,1.75,Defensives Mittelfeld,
602443,Silvan Wallner,Schweiz,2002-01-15,1.85,Innenverteidiger,
263413,Silvano Kessler,Schweiz,1995-11-14,1.83,Torwart,
536792,Silvano Nater,Portugal,2000-02-27,1.78,Linksaußen,6.7611413
285017,Simon Affentranger,Schweiz,1998-05-18,,Innenverteidiger,6.817411
1061038,Simon Caillet,Schweiz,2006-07-05,1.93,Torwart,7.0737906
507394,Simon Geiger,Schweiz,2002-03-16,1.84,Innenverteidiger,
357874,Simon Loosli,Schweiz,2002-03-30,1.8,Rechter Verteidiger,6.772272
165695,Simon Läderach,Schweiz,1991-08-27,,Zentrales Mittelfeld,
332863,Simon Rohrbach,Schweiz,1996-10-11,1.79,Innenverteidiger,
608199,Simon Tschopp,Schweiz,2001-04-14,1.83,Rechter Verteidiger,6.796613
631838,Simon Zalokar,Schweiz,2004-02-20,1.93,Torwart,
192607,Simone Belometti,Schweiz,1996-06-12,,Innenverteidiger,6.813199
414608,Simone Mazzoletti,Schweiz,2000-05-16,1.85,Innenverteidiger,
1048369,Simone Molinaro,Italien,2004-08-15,1.77,Offensives Mittelfeld,
804249,Simone Musumeci,Italien,2001-11-03,1.83,Mittelstürmer,6.8809943
583235,Simone Piazza,Italien,1999-06-17,,Linksaußen,6.8396564
1060995,Sinan Ulu,Schweiz,2006-03-21,,Mittelstürmer,6.7329507
521447,Sinan Özcelik,Schweiz,2001-02-06,,Linkes Mittelfeld,6.704502
395354,Sinclair Baddy Dega,Schweiz,1998-07-15,1.79,Zentrales Mittelfeld,6.9121404
346888,Siyar Doldur,Schweiz,2000-01-29,1.75,Offensives Mittelfeld,
1068317,Slimane Alaoui,Frankreich,2004-04-19,1.79,Offensives Mittelfeld,
286602,Slobodan Mihajlovic,Österreich,1997-03-15,1.77,Rechtes Mittelfeld,
487418,Sofian Domoraud Operi,Frankreich,1996-05-13,1.8,Mittelstürmer,6.700517
533630,Sofiane Achour,Frankreich,1997-09-21,1.82,Mittelstürmer,6.848988
389503,Soheil Arghandewall,Deutschland,2001-08-19,,Zentrales Mittelfeld,
700478,Sonny Henchoz,Schweiz,2005-01-03,1.88,Innenverteidiger,6.704956
157505,Souleymane Sangaré,Frankreich,1994-02-03,1.81,Rechter Verteidiger,
44661,Stefan Glarner,Schweiz,1987-11-21,1.77,Innenverteidiger,
544354,Stefan Jovanovic,Schweiz,2001-01-10,,Linkes Mittelfeld,
312060,Stefan Vidović,Schweiz,2001-03-25,1.85,Torwart,
192631,Stefano Cirelli,Schweiz,1996-04-04,1.75,Zentrales Mittelfeld,6.804558
582994,Stefano Cossu,Schweiz,2002-02-04,1.8,Rechter Verteidiger,
396405,Stefano Guidotti,Schweiz,1999-06-16,1.85,Zentrales Mittelfeld,6.84638
625406,Stefano Marzullo,Italien,2002-01-09,,Innenverteidiger,
610884,Stefano Pani,Italien,2002-01-12,1.87,Innenverteidiger,
59991,Stephan Andrist,Schweiz,1987-12-12,1.76,Rechtes Mittelfeld,7.22652
421819,Stephan Seiler,Schweiz,2000-09-16,1.74,Zentrales Mittelfeld,
388223,Stevan Lujic,Schweiz,2002-03-25,1.8,Linker Verteidiger,6.691289
1137189,Stevan Raicevic,Schweiz,2007-04-10,1.91,Innenverteidiger,6.8656163
352788,Steve Coelho,Portugal,1991-04-03,1.79,Zentrales Mittelfeld,6.953756
421815,Steve Schmidhäusler,Schweiz,2000-10-18,1.84,Innenverteidiger,
987483,Steven Havales,Australien,2003-02-16,1.92,Innenverteidiger,
161794,Steven Oberle,Schweiz,1992-06-21,,Torwart,7.060801
61361,Steven Ukoh,Nigeria,1991-06-19,1.81,Zentrales Mittelfeld,6.9607863
916960,Stiljan Gegaj,Kosovo,2003-11-30,,Linker Verteidiger,6.8047404
66061,Stéphane Nater,Tunesien,1984-01-20,1.86,Defensives Mittelfeld,
728341,Sven Haag,Schweiz,2004-10-26,,Rechter Verteidiger,6.719048
691364,Sven Kunz,Schweiz,2003-07-21,,Rechter Verteidiger,6.7488217
603893,Sylvain Moser,Schweiz,2001-02-22,,Innenverteidiger,
285768,Sébastien Le Neün,Frankreich,1988-01-28,1.86,Innenverteidiger,6.8666325
507410,Sébastien Moulin,Schweiz,2002-05-23,1.77,Offensives Mittelfeld,6.8574815
659282,Sérgio Correia,Schweiz,2004-05-11,1.75,Zentrales Mittelfeld,
825746,Séroj Titizian,Armenien,2000-02-01,1.75,Offensives Mittelfeld,6.9348044
931526,Sócrates,Kap Verde,1987-06-02,1.78,Torwart,
243883,Süleyman Türkeş,Deutschland,1997-10-19,1.78,Mittelstürmer,
917120,Tanguy Zoukrou,Frankreich,2003-05-07,1.89,Innenverteidiger,
692196,Tariq Blake,Schweiz,2004-11-14,1.94,Mittelstürmer,6.7573123
1289792,Teodor Popov,Schweiz,2005-09-20,,Defensives Mittelfeld,6.7299504
507411,Theophilious Opoku-Mensah,Schweiz,2002-04-26,1.73,Zentrales Mittelfeld,6.8891
807848,Thibaud Clerc,Schweiz,2004-10-04,,Zentrales Mittelfeld,6.76456
575610,Thibault Klidjé,Togo,2001-07-10,1.7,Mittelstürmer,
1051021,Thierno Diallo,Schweiz,2003-08-14,,Rechter Verteidiger,6.7924147
653025,Thimo Laisa,Schweiz,2002-01-21,,Mittelstürmer,
608154,Thoma Monney,Schweiz,2002-02-26,1.88,Innenverteidiger,6.718622
421788,Thomas Kargbo,Schweiz,1999-06-02,,Innenverteidiger,6.7038774
583534,Thomas Perchaud,Frankreich,1998-01-05,1.83,Mittelstürmer,
676183,Thomas Steiner,Schweiz,2000-06-17,1.82,Torwart,
608160,Théo Berdayes,Schweiz,2002-05-23,1.87,Rechtsaußen,
507407,Théo Golliard,Schweiz,2002-09-27,1.74,Offensives Mittelfeld,
507343,Théo Gradaille,Schweiz,2002-06-24,1.72,Linker Verteidiger,
539808,Théo Magnin,Schweiz,2003-08-09,1.71,Rechter Verteidiger,
525923,Théo Rochat,Schweiz,1999-08-12,1.81,Offensives Mittelfeld,7.188515
708380,Théophil Bachmann,Schweiz,2003-04-02,1.87,Linksaußen,6.8091063
322520,Tiago Vilaranda,Schweiz,1998-09-14,1.78,Rechter Verteidiger,6.799154
402056,Tiago-Marti Escorza,Frankreich,1997-08-25,1.77,Linksaußen,
507499,Tician Tushi,Schweiz,2001-04-02,,Mittelstürmer,6.745127
1047100,Tidiane Diallo,Frankreich,2006-05-28,1.76,Offensives Mittelfeld,6.7749734
897461,Tiemoko Ouattara,Schweiz,2005-05-25,1.78,Linksaußen,6.9413404
1060996,Till Frey,Schweiz,2006-06-09,1.77,Offensives Mittelfeld,6.778425
539793,Till Mühlethaler,Schweiz,2003-08-07,1.8,Mittelstürmer,6.72819
807894,Tim Bühlmann,Schweiz,2004-08-23,1.86,Innenverteidiger,6.8030443
524863,Tim Frey,Schweiz,1999-07-22,,Zentrales Mittelfeld,6.9104214
620766,Tim Keller,Schweiz,2002-01-02,,Rechter Verteidiger,
620809,Tim Kägi,Schweiz,2002-06-21,,Mittelstürmer,
608200,Tim Neziri,Schweiz,2001-06-29,,Innenverteidiger,
688605,Tim Pfeiffer,Deutschland,2005-05-12,1.87,Torwart,7.0756507
604817,Tim Spycher,Schweiz,2004-04-13,1.87,Torwart,7.0773506
807898,Tim Willener,Schweiz,2004-01-05,,Rechtes Mittelfeld,
1132180,Timeo Berndt,Schweiz,2003-06-11,,Torwart,
65255,Timm Klose,Schweiz,1988-05-09,1.95,Innenverteidiger,
500784,Timo Harperink,Schweiz,2002-05-04,1.95,Innenverteidiger,6.816866
990853,Timo Sollberger,Schweiz,2006-04-10,1.83,Mittelstürmer,6.7711573
391936,Timon Hunziker,Schweiz,1995-12-28,,Torwart,7.134597
927426,Timon Näpfer,Schweiz,2005-02-18,1.85,Offensives Mittelfeld,
402057,Timothie Zali,Schweiz,1998-01-23,1.93,Innenverteidiger,
541420,Timothy Fayulu,DR Kongo,1999-07-24,1.92,Torwart,
603314,Timothée Mbaki,Schweiz,2001-01-10,,Innenverteidiger,6.776155
284738,Tiziano Lanza,Schweiz,1995-05-03,1.76,Innenverteidiger,
178020,Tiécoro Keita,Mali,1994-04-13,1.78,Linker Verteidiger,
1086994,Tobia Donnini,Schweiz,2006-01-30,,Rechtes Mittelfeld,6.7008677
65420,Tobias Kurz,Schweiz,1980-12-25,,Abwehr,
1057527,Tobias Mauch,Schweiz,2007-02-15,1.9,Torwart,
300869,Tobias Mumenthaler,Schweiz,1996-07-31,,Rechter Verteidiger,6.8101516
1054060,Tobias Okafor,Schweiz,2006-10-11,1.85,Linker Verteidiger,6.826498
237679,Tobias Schättin,Schweiz,1997-06-05,1.85,Linker Verteidiger,
816680,Tom Murith,Schweiz,2005-04-04,,Rechter Verteidiger,6.771208
370128,Tom Perracino,Schweiz,1997-06-21,1.75,Innenverteidiger,6.8108892
607927,Tommaso Centinaro,Italien,2002-10-01,1.7,Zentrales Mittelfeld,6.931634
1432335,Tommaso Gerosa,Italien,2009-05-13,,Torwart,
620795,Tresor Samba,Schweiz,2002-06-08,1.83,Linksaußen,
1188684,Tristan Cantaluppi,Schweiz,2004-11-16,,Mittelstürmer,6.7449713
607588,Tristan Diaz,Schweiz,2002-09-24,1.87,Innenverteidiger,6.823132
1074132,Tristan Jost,Schweiz,2006-12-19,,Zentrales Mittelfeld,
246553,Tristan Matkovic Torrecillas,Deutschland,2002-08-24,,Innenverteidiger,6.826063
961956,Tristan Matuba,Frankreich,1994-10-15,1.9,Mittelstürmer,
245783,Tristan Zesiger,Schweiz,2002-04-11,1.85,Torwart,
154573,Tunahan Cicek,Schweiz,1992-05-12,1.79,Offensives Mittelfeld,7.118175
923056,Twain Bachmann,Schweiz,2005-01-06,1.76,Linksaußen,6.7942657
1186785,Tyrese Pinthus,Schweiz,2008-09-30,1.85,Torwart,7.1024976
583055,Tyron Owusu,Schweiz,2003-06-08,1.83,Zentrales Mittelfeld,
791504,Uchenna Anioke,Schweiz,2000-06-27,,Mittelstürmer,6.8099647
1262545,Ulises Villalba,Schweiz,2004-07-15,,Mittelfeld,
192846,Ulisse Pelloni,Schweiz,1994-02-07,1.82,Torwart,7.104808
192616,Ulisses Garcia,Schweiz,1996-01-11,1.82,Linker Verteidiger,
1068245,Umeh Emmanuel,Nigeria,2004-08-31,1.76,Linksaußen,
507487,Uros Vasic,Schweiz,2001-10-25,1.72,Linksaußen,7.05411
766839,Usman Simbakoli,Zentralafrikanische Republik,2001-12-12,1.89,Mittelstürmer,
862758,Valdet Kerimoski,Nordmazedonien,2004-11-02,,Zentrales Mittelfeld,6.7664447
499159,Valentin Kaufmann,Schweiz,2000-04-12,,Defensives Mittelfeld,6.9269443
608153,Valentin Nushi,Schweiz,2001-10-02,1.82,Rechtsaußen,6.808961
456268,Valmir Rahimi,Schweiz,1997-07-24,,Offensives Mittelfeld,7.003541
197261,Valmir Sallaj,Schweiz,1993-08-08,1.84,Torwart,
65627,Valon Selmani,Schweiz,1989-05-01,,Defensives Mittelfeld,
816702,Valton Behrami,Kosovo,2004-03-16,1.82,Linker Verteidiger,6.758015
927354,Vasco Tritten,Schweiz,2005-08-29,1.8,Rechtes Mittelfeld,
265254,Vasilije Janjicic,Schweiz,1998-11-02,1.8,Zentrales Mittelfeld,
68030,Vaso Vasic,Serbien,1990-04-26,1.87,Torwart,
237682,Vedad Efendic,Schweiz,1997-01-07,,Linkes Mittelfeld,6.6679277
801591,Veljko Maksimovic,Schweiz,2000-11-04,,Torwart,7.1461186
590394,Veljko Vukasinovic,Schweiz,2001-05-11,1.91,Mittelstürmer,6.879408
644127,Vincent Felder,Frankreich,1996-04-09,1.82,Innenverteidiger,
708434,Vincent Nvendo,Schweiz,2003-07-27,1.94,Mittelstürmer,6.8280954
23874,Vincent Rüfli,Schweiz,1988-01-22,1.8,Rechter Verteidiger,
659452,Vincent Spari,Österreich,2004-01-03,1.8,Offensives Mittelfeld,6.805843
284830,Walter Rossi,Schweiz,1974-09-30,,Torwart,
627626,Wilfried Gnonto,Italien,2003-11-05,1.7,Rechtsaußen,
1027757,Wilfried Étienne,Frankreich,1996-06-22,1.79,Linksaußen,
126514,William Le Pogam,Frankreich,1993-03-03,1.83,Linker Verteidiger,
149797,Willy Pizzi,Liechtenstein,1994-12-28,1.67,Hängende Spitze,6.8367863
500782,Willy Vogt,Schweiz,2002-06-01,1.81,Rechtsaußen,
603773,Yago Gomes,Schweiz,2001-09-08,1.83,Zentrales Mittelfeld,
507485,Yama Sherzad,Afghanistan,2001-01-01,1.74,Offensives Mittelfeld,
657624,Yamato Wakatsuki,Japan,2002-01-18,1.7,Mittelstürmer,
902683,Yan Britschgi,Schweiz,2003-10-19,,Zentrales Mittelfeld,6.7984066
479525,Yanick Hochuli,Schweiz,2000-03-01,,Linker Verteidiger,6.6597133
500980,Yanik Keller,Schweiz,2000-04-08,,Innenverteidiger,
928781,Yanik Kunz,Schweiz,2005-05-03,,Rechter Verteidiger,6.7376184
521452,Yanik Wiedermann,Schweiz,2001-03-22,,Innenverteidiger,
382477,Yanique Edoh,Schweiz,1998-05-29,1.78,Rechter Verteidiger,
681296,Yanis Ayad,Schweiz,2003-03-13,,Zentrales Mittelfeld,
427065,Yanis Lahiouel,Frankreich,1995-04-18,1.81,Mittelstürmer,
991355,Yanis Pellaton,Schweiz,2005-06-09,1.86,Rechter Verteidiger,6.7730265
390122,Yann Kasai,Schweiz,1998-04-14,1.92,Zentrales Mittelfeld,
809242,Yann Massombo,Frankreich,2000-02-12,1.86,Zentrales Mittelfeld,
927405,Yanni Rufener,Schweiz,2005-06-03,,Torwart,
679657,Yannic Jungo,Schweiz,2003-09-28,,Rechtes Mittelfeld,6.7659616
911245,Yannick Bettkober,Deutschland,2005-03-18,1.9,Innenverteidiger,6.8310075
471140,Yannick Cotter,Schweiz,2002-01-03,1.76,Linksaußen,6.7189574
346882,Yannick Marchand,Schweiz,2000-02-09,1.83,Zentrales Mittelfeld,
707658,Yannick Nussbaum,Thailand,2003-08-30,1.78,Rechter Verteidiger,
354152,Yannick Pauli,Schweiz,1998-04-21,1.83,Linker Verteidiger,6.800346
500757,Yannick Scheidegger,Schweiz,2001-05-03,1.72,Defensives Mittelfeld,
499344,Yannick Schweizer,Schweiz,2002-10-01,,Innenverteidiger,6.809759
421824,Yannick Toure,Schweiz,2000-09-29,1.84,Mittelstürmer,
986665,Yannis Kali,Frankreich,1999-03-26,,Linksaußen,6.8952513
883347,Yannis Pala,Schweiz,2004-03-22,,Torwart,
688617,Yannis Ryter,Schweiz,2005-11-15,1.87,Zentrales Mittelfeld,
631400,Yannis Sghaier,Tunesien,2001-07-10,1.86,Offensives Mittelfeld,6.938965
927413,Yannis Studer,Schweiz,2005-07-29,,Linker Verteidiger,6.746244
507396,Yasha Schärer,Schweiz,2002-04-18,,Zentrales Mittelfeld,
891657,Yasin Uzakgider,Türkei,2005-02-03,1.78,Linksaußen,
1136225,Yassin Boughanem,Schweiz,2007-09-03,1.83,Zentrales Mittelfeld,6.781704
342878,Yassin Fortuné,Haiti,1999-01-30,1.86,Mittelstürmer,
806037,Yassin Sbai,Schweiz,2003-07-14,1.81,Linker Verteidiger,6.847877
539294,Yaël Yohans,Eritrea,2000-04-26,1.84,Mittelstürmer,
1282597,Ydris Regaia,Schweiz,2006-05-17,,Mittelstürmer,6.736955
334747,Yessin Sdiri,Tunesien,1997-04-29,1.8,Rechter Verteidiger,6.8857207
1162282,Yevgen Morozov,Ukraine,2007-02-15,1.88,Torwart,7.081225
987476,Yiftach Cats,Israel,1998-02-10,1.94,Zentrales Mittelfeld,
290504,Ylber Mejdi,Schweiz,1997-04-23,1.78,Rechtsaußen,
620836,Yll Avdyli,Albanien,2002-09-07,,Innenverteidiger,6.682406
471142,Yohan Aymon,Schweiz,2002-03-12,1.81,Linksaußen,6.816138
1187726,Yohann Bopaka,DR Kongo,2006-01-10,2.0,Torwart,
728421,Yorby Fondeur,Schweiz,2004-08-23,,Innenverteidiger,
1307030,Younes Hansal,Algerien,2007-04-24,,Rechtsaußen,6.7058487
631844,Younes Oussadit,Schweiz,2004-03-09,,Rechtsaußen,
579458,Ysias Hummel,Schweiz,2003-03-26,1.8,Torwart,
233660,Yunis Mohamed Ali,Schweiz,1994-02-23,,Mittelstürmer,
1164449,Yuri Peverelli,Schweiz,2007-05-08,1.85,Linkes Mittelfeld,6.9030743
507448,Yuri-Gino Klein,Schweiz,2001-01-25,1.93,Torwart,
862739,Yuro Bohon Diet,Schweiz,2005-01-04,1.76,Rechter Verteidiger,6.7619324
534493,Yvan Alounga,Schweiz,2002-02-05,1.89,Mittelstürmer,6.7955737
1061050,Yvann Martins,Portugal,2006-01-12,,Linksaußen,
421812,Yves Jankowski,Schweiz,2000-06-04,,Linker Verteidiger,6.8458376
1021726,Yves Meier,Schweiz,2003-07-23,1.83,Linkes Mittelfeld,
501198,Yves Seeger,Schweiz,2000-12-06,1.9,Innenverteidiger,6.812343
135547,Yves Weilenmann,Schweiz,1996-03-13,1.8,Rechter Verteidiger,
1406070,Zacarias Gaspar,Portugal,2005-07-16,,Mittelfeld,
343949,Zakaria Hamadi,Italien,1998-03-21,1.82,Linker Verteidiger,
182903,Zakarie Labidi,Frankreich,1995-02-08,1.78,Offensives Mittelfeld,
689616,Zayd Ait Jloulat,Frankreich,2003-05-12,1.81,Rechtes Mittelfeld,
365117,Zemerart Lekaj,Schweiz,2000-10-19,1.87,Mittelstürmer,6.782566
178277,Zivko Kostadinovic,Schweiz,1992-04-10,1.96,Torwart,7.0472555
68278,Zlatko Hebib,Schweiz,1990-12-28,1.86,Innenverteidiger,
978245,Zsolt Szilvási,Ungarn,2002-11-02,1.9,Mittelstürmer,
648895,Zsombor Gruber,Ungarn,2004-09-07,1.8,Mittelstürmer,
142007,Átila,Brasilien,1990-04-11,1.88,Innenverteidiger,
431991,Abdallah Manai,Schweiz,1998-12-31,1.74,Rechter Verteidiger,
864101,Abdel Zagrè,Burkina Faso,2004-03-09,1.87,Mittelstürmer,
483594,Abdelaziz Kebbal,Algerien,1991-04-11,1.84,Offensives Mittelfeld,
197263,Abdelkarim Seddiq,Schweiz,1993-04-09,1.77,Defensives Mittelfeld,
1060668,Abdellah Bouhazama,Frankreich,1997-02-01,,Sturm,
178019,Abdoulaye Keita,Mali,1994-01-05,1.75,Defensives Mittelfeld,6.9054866
460646,Abdoulaye Koté,Frankreich,1999-01-05,,Innenverteidiger,6.824286
215914,Abduljabbar Al Abbadie,Schweiz,1994-07-21,1.75,Zentrales Mittelfeld,
393769,Abdullah Dzafo,Bosnien-Herzegowina,2000-02-16,1.85,Hängende Spitze,
1140543,Adel Bouri,Algerien,2005-03-21,,Torwart,
802325,Adil Benchagra,Frankreich,2000-11-29,1.8,Mittelstürmer,
646523,Adin Selimovic,Schweiz,1998-06-11,1.9,Torwart,
950152,Adrian Chaka,Spanien,1998-04-01,,Torwart,
1082116,Adrian Gomez,Schweiz,2005-01-31,,Innenverteidiger,
1208617,Adriano Suver,Kroatien,2005-12-16,,Mittelstürmer,6.7051015
1114747,Adrien Curdy,Frankreich,2002-11-12,,Mittelfeld,
957172,Adrien Fernandes,Schweiz,2005-09-26,,Rechter Verteidiger,6.712443
395227,Adrien L'Heritier,Frankreich,2000-02-11,1.82,Torwart,
1153297,Adrien Llukes,Schweiz,2008-07-21,1.76,Mittelstürmer,6.762903
712109,Adrien Mathorel,Frankreich,1999-08-08,,Torwart,
944477,Adrien Remy,Schweiz,2006-01-26,,Torwart,
1120101,Adriàn Orellana,Schweiz,2006-11-07,,Mittelstürmer,
581780,Adrián Sahibeddine,Frankreich,1994-08-19,1.79,Offensives Mittelfeld,
233663,Afan Ul-Haq,Schweiz,1993-03-30,,Zentrales Mittelfeld,
995366,Aghiles Bettouche,Frankreich,2003-08-09,1.8,Zentrales Mittelfeld,
309809,Agonis Ukëhaxhaj,Kosovo,1996-05-01,,Offensives Mittelfeld,6.831983
917479,Ailton Barbosa,Kap Verde,1993-09-01,,Mittelstürmer,
603494,Akrame Al Jabouri,Schweiz,2002-03-13,1.8,Defensives Mittelfeld,
1120071,Akson da Costa,Portugal,1998-12-14,,Rechtes Mittelfeld,
460808,Alain Albouy,Schweiz,2000-11-27,1.77,Defensives Mittelfeld,
334646,Alan Cavin,Schweiz,1996-04-16,,Torwart,
507425,Alan Rodriguez,Schweiz,2002-07-12,1.78,Zentrales Mittelfeld,
950155,Alan Saiz,Spanien,2003-04-06,,Innenverteidiger,6.747694
541483,Alassane Meïté,Frankreich,2000-06-09,1.74,Mittelstürmer,
88106,Alban Arifi,Schweiz,1991-04-21,1.83,Innenverteidiger,
287038,Alban Mulaj,Kosovo,1993-09-12,1.75,Zentrales Mittelfeld,
660052,Albert Makoubé,Zentralafrikanische Republik,1995-02-13,1.9,Defensives Mittelfeld,6.966875
128472,Albert Spahiu,Schweiz,1990-08-03,1.76,Mittelstürmer,
1163717,Albin Deva,Schweiz,2002-01-23,,Mittelfeld,
267547,Albin Oyono,Kamerun,1994-04-15,,Innenverteidiger,
657038,Alejandro Arrese,Schweiz,1993-04-14,,Innenverteidiger,
484741,Alejandro Cuba,England,1997-06-24,,Mittelstürmer,
388873,Aleksandar Stojanovic,Schweiz,1998-02-14,,Offensives Mittelfeld,
65215,Alessandro Albii,Italien,1987-10-02,,Rechtsaußen,
1306212,Alessandro Carraturo,Schweiz,2005-10-17,1.74,Linksaußen,6.9040236
1264649,Alessandro De Angelis,Frankreich,2003-12-14,,Offensives Mittelfeld,
620803,Alessandro Fallisi,Schweiz,2002-06-12,1.83,Innenverteidiger,
1078446,Alessandro Gomez,Schweiz,2005-12-15,,Torwart,
944508,Alessandro Nisci,Italien,2006-01-23,,Linkes Mittelfeld,6.8248568
923089,Alessandro Valente,Schweiz,2004-09-29,,Zentrales Mittelfeld,6.706516
697623,Alessio Russo,Italien,2001-01-27,,Offensives Mittelfeld,
700480,Alessio Schürmann,Schweiz,2004-05-27,,Defensives Mittelfeld,
539330,Alex Gonçalves,Schweiz,2000-07-05,,Mittelstürmer,
805508,Alex Hofmann,Schweiz,2004-03-17,1.75,Rechter Verteidiger,6.6989136
899812,Alex Paraïso,Schweiz,2005-07-16,,Innenverteidiger,
1408694,Alexander Golay,Schweiz,2009-08-26,1.85,Abwehr,
389749,Alexandre Baqueiro,Schweiz,1997-01-03,1.74,Innenverteidiger,
33748,Alexandre Barroso,Schweiz,1987-09-26,1.82,Innenverteidiger,
1042979,Alexandre Landry,Schweiz,2001-03-21,,Mittelfeld,
1159640,Alexandre Lonfat,Schweiz,2006-10-06,,Rechtes Mittelfeld,6.835225
65140,Alexandre Pereira Maciel,Portugal,1989-08-20,,Offensives Mittelfeld,
920094,Alexandre Perrot,Frankreich,1991-03-21,1.82,Innenverteidiger,6.7867193
33634,Alexandre Valente,Frankreich,1987-05-07,1.77,Linksaußen,
454466,Alexandre Varela,Portugal,1998-09-28,1.75,Mittelstürmer,
1139008,Alexandre Vaz Leal,Portugal,2002-04-30,,Mittelfeld,
575185,Alexandru Pogaci,Rumänien,2001-07-27,,Linkes Mittelfeld,
1137597,Alexis Antony Collin,Schweiz,2002-09-22,,Sturm,
1173328,Alexis Marolany,Frankreich,2002-09-26,,Rechter Verteidiger,6.795877
280258,Alexis Meva,Kamerun,1997-09-16,1.73,Linkes Mittelfeld,
1140538,Alexis Smania,Schweiz,2005-08-19,,Mittelfeld,
1124303,Alexis Voirol,Schweiz,2003-07-13,,Torwart,
1000037,Alexy Martins,Frankreich,1999-04-15,1.75,Linksaußen,
1381123,Ali Erritouni,Vereinigte Staaten,2006-03-08,,Linker Verteidiger,
426815,Alioune Ndiaye,Mali,1997-01-01,,Zentrales Mittelfeld,
494412,Alioune Ndiaye,Senegal,1996-05-28,,Offensives Mittelfeld,
805762,Almin Omerovic,Schweiz,2004-07-07,,Linksaußen,6.8545914
1177477,Alonzo Vincent,Schweiz,2008-10-06,1.81,Zentrales Mittelfeld,6.7806726
620827,Altin Zymberi,Schweiz,2002-06-07,1.77,Rechtsaußen,
927500,Alton Kadriu,Schweiz,2005-01-13,,Innenverteidiger,6.701799
583058,Alvyn Sanches,Schweiz,2003-02-12,1.83,Offensives Mittelfeld,
741054,Amadou Diakhaté,Frankreich,1997-04-27,1.82,Zentrales Mittelfeld,6.8737965
531694,Amadou Diouf,Schweiz,1999-04-04,1.91,Defensives Mittelfeld,
364810,Amadou Mbaye,Senegal,1996-11-27,,Mittelstürmer,
1179444,Amar Buric,Frankreich,2004-10-18,,Rechtes Mittelfeld,
902926,Amin Zahi,Frankreich,2002-07-18,,Torwart,
805015,Aminallah Djebali,Frankreich,1991-01-30,,Torwart,
1291812,Amine Aebi,Schweiz,2007-11-18,1.91,Torwart,7.0541725
530405,Amine El-Bargui,Frankreich,1998-02-12,,Linker Verteidiger,
334541,Amine Mohamed Erroutbi,Schweiz,1997-07-30,1.8,Linker Verteidiger,
1304496,Anasse Chihab,Marokko,2004-11-10,1.93,Mittelstürmer,6.7010827
543517,Anasse Mehraz,Marokko,2000-06-18,,Linksaußen,
189413,Anderson Banvo,Frankreich,1994-02-04,1.85,Mittelstürmer,
623368,Anderson Gonçalves,Portugal,2001-09-23,,Linker Verteidiger,6.841969
660705,Andi Jasari,Schweiz,2001-03-29,,Rechtsaußen,6.7929707
1133716,Andi Kuquku,Schweiz,2004-07-12,1.96,Torwart,
244406,Andoni Guede,Schweiz,1993-10-07,1.71,Offensives Mittelfeld,
273519,Andrea Diana,Italien,1998-02-12,,Rechter Verteidiger,
1142307,Andrea Ivaldi,Schweiz,2004-02-20,,Mittelfeld,
249505,Andreas Soos,Schweiz,1988-04-21,,Linksaußen,
1060689,Andrej Maslac,Serbien,2004-04-23,,Sturm,
1193030,Andrew Giannone,Schweiz,2004-06-16,,Torwart,
753619,Andriy Firman,Ukraine,2005-03-01,1.8,Rechter Verteidiger,
1019499,André Cutler,Puerto Rico,2003-05-20,1.85,Innenverteidiger,
1267376,André Filipe Ribeiro Moreira,Portugal,2003-02-18,,Mittelfeld,
611117,André Romão,Portugal,1993-10-14,1.78,Offensives Mittelfeld,
1021369,André Teixeira Lopes,Portugal,2003-04-16,,Mittelfeld,
1172165,Ange Curtis N Dri,Elfenbeinküste,2005-09-10,,Linksaußen,6.9355955
166950,Ange Nsilu,DR Kongo,1986-02-17,1.83,Mittelstürmer,
382474,Angelo Meneses-Araujo,Schweiz,1997-01-10,1.88,Torwart,
1163718,Angelo Ruberintwari,Burundi,1999-11-25,,Rechtes Mittelfeld,
507415,Angelo Volken,Schweiz,2002-01-17,,Rechtes Mittelfeld,
695069,Anis Hadrovic,Schweiz,2003-05-17,,Mittelfeld,
451428,Annouar Aïachi,Frankreich,1992-03-01,,Innenverteidiger,6.863893
195120,Anthon Yenni,Schweiz,1992-05-29,,Innenverteidiger,
810968,Anthony Baeriswyl,Schweiz,2004-09-12,,Defensives Mittelfeld,
1160567,Anthony Batshoy,Frankreich,2003-01-14,1.72,Mittelstürmer,
805014,Anthony Bron,Schweiz,2001-11-06,,Rechter Verteidiger,
802176,Anthony Cruz Mermy,Frankreich,1993-01-26,,Innenverteidiger,6.8376303
825851,Anthony Marques,Portugal,2001-11-17,,Zentrales Mittelfeld,6.9317613
711018,Anthony Martin,Schweiz,1996-10-27,,Torwart,
343146,Anthony Monin,Frankreich,1996-05-03,1.88,Innenverteidiger,
1015836,Anthony Nwanne,Schweiz,2001-10-05,2.01,Innenverteidiger,6.8710775
372056,Anthony Tomasini,Schweiz,1995-10-24,,Mittelfeld,
318562,Antoine Tissières,Schweiz,1996-03-06,,Rechter Verteidiger,6.851175
707701,Anton Ekstrand,Schweiz,2005-08-28,1.9,Torwart,
807931,Antonin Duvoisin,Schweiz,2004-01-28,1.75,Offensives Mittelfeld,
458786,Antonio Incoronato,Italien,1997-06-09,1.85,Mittelstürmer,
1246850,Antony Avanthay,Schweiz,2004-10-03,,Torwart,
1058175,Antony Salvador,Schweiz,2006-04-26,,Linker Verteidiger,6.7961316
804946,Arb Lulaj,Schweiz,2004-11-05,,Mittelstürmer,
247204,Arbesjan Lekiqi,Schweiz,1990-05-10,,Innenverteidiger,
581329,Archie Brown,England,2002-05-28,1.9,Linker Verteidiger,
344383,Ardian Krasniqi,Albanien,1997-01-03,1.72,Rechter Verteidiger,
922289,Ardonit Selimi,Schweiz,2005-05-10,,Zentrales Mittelfeld,6.8843775
389723,Arianit Cakaj,Kosovo,1993-09-01,,Innenverteidiger,
1084994,Arion Gashaj,Italien,2006-08-13,,Torwart,
265469,Armend Demiri,Kosovo,1991-07-17,,Defensives Mittelfeld,
862752,Armir Jakupi,Italien,2005-04-10,1.86,Zentrales Mittelfeld,6.7826734
698719,Armond Fetahu,Kosovo,2003-02-16,,Torwart,
1140569,Arnaud Dupertuis,Schweiz,2005-10-13,,Abwehr,
182038,Arnaud Golay,Schweiz,1993-08-12,,Innenverteidiger,
488200,Arnaud Kanda,Schweiz,1997-07-09,,Innenverteidiger,
1267377,Arnaud Knäbel,Schweiz,2006-04-03,,Torwart,
814772,Arnaud Lambelet,Schweiz,2002-11-13,,Rechter Verteidiger,
525130,Arnó Nyerges,Ungarn,1999-03-30,1.78,Linksaußen,
1466411,Arsim Rexhepi,Schweiz,2007-04-21,,Zentrales Mittelfeld,6.8171062
991306,Art Hoxha,Kosovo,2001-08-24,,Linker Verteidiger,
1020784,Arthur Bovet,Schweiz,2004-11-07,1.9,Torwart,
425538,Arthur Chazelle,Frankreich,1992-04-14,,Torwart,
1043113,Arthur Leimgruber,Schweiz,2004-12-07,,Innenverteidiger,6.572731
156923,Artrit Ajdini,Schweiz,1991-10-12,1.82,Zentrales Mittelfeld,
939055,Artur Gashaj,Italien,2002-09-16,,Mittelstürmer,
541078,Artur Gjocaj,Schweiz,1997-08-22,,Mittelstürmer,
484745,Ashley Boniface,Botsuana,1999-10-06,,Linksaußen,
507462,Ashvin Rungasamy,Schweiz,2001-08-09,1.72,Offensives Mittelfeld,
209005,Atef Ammari,Schweiz,1992-06-01,,Offensives Mittelfeld,
1206411,Aubain Lachat,Schweiz,2007-07-02,,Mittelfeld,
357300,Augustin Nushi,Schweiz,2000-09-18,1.89,Mittelstürmer,6.6930847
819017,Aurelio Mangisch,Schweiz,2001-02-18,,Abwehr,
1023013,Aurélien Javelle,Frankreich,1999-06-27,1.88,Zentrales Mittelfeld,
534389,Aurélien Rapp,Schweiz,2000-04-03,,Linkes Mittelfeld,
707626,Axel Arm,Schweiz,2003-02-06,1.85,Zentrales Mittelfeld,6.8481665
1186751,Axel Decrenisse,Frankreich,2009-01-25,1.96,Torwart,
1517834,Axel Geiser,Schweiz,2007-12-18,,Torwart,
376643,Axel Saunier,Schweiz,1996-07-17,,Mittelstürmer,
59687,Ayoub Rachane,Marokko,1988-07-12,1.81,Offensives Mittelfeld,
209306,Azad Odabasi,Schweiz,1995-06-17,1.87,Linker Verteidiger,6.780849
149134,Aziz Demiri,Schweiz,1991-07-14,,Offensives Mittelfeld,
585346,Baltazar,Brasilien,2000-05-06,1.78,Zentrales Mittelfeld,
1164819,Baptiste Blombou,Frankreich,2000-09-20,,Mittelstürmer,
917480,Baptiste Dubosson,Schweiz,2004-11-24,,Rechtes Mittelfeld,
543511,Baptiste Gabioud,Schweiz,2000-01-14,,Rechtes Mittelfeld,6.784422
253067,Bardhyl Hajdini,Schweiz,1994-02-04,,Linker Verteidiger,
539327,Bashkim Smajli,Schweiz,1999-07-14,,Linksaußen,
810975,Bastian Martinez,Schweiz,2004-01-04,,Mittelstürmer,
1172164,Bastien Besson,Schweiz,2000-07-08,,Defensives Mittelfeld,6.7499394
1071797,Bastien Ruy,Frankreich,2002-11-08,,Rechtsaußen,
211113,Bastien Varidel,Schweiz,1996-01-04,,Rechter Verteidiger,
1239247,Belmar Joseph,Haiti,2005-10-13,1.87,Defensives Mittelfeld,6.886598
535518,Ben Käser,Schweiz,1999-01-11,,Mittelstürmer,6.72819
603336,Beniamin Hoti,Island,2000-10-24,,Mittelfeld,
682343,Benjamin Joao,Schweiz,2000-06-13,,Innenverteidiger,
1142308,Benjamin Keita,Schweiz,2004-12-10,1.8,Mittelstürmer,6.803258
168746,Benoît Bryand,Schweiz,1992-01-10,,Zentrales Mittelfeld,6.8685026
1174079,Benoît Guignard,Schweiz,2004-10-30,,Abwehr,
1382817,Bernardo Neves,Portugal,2001-07-27,,Zentrales Mittelfeld,
346885,Bertrand Tusiama,Schweiz,2000-09-14,,Rechter Verteidiger,
515450,Besart Tafaj,Schweiz,1998-06-30,,Zentrales Mittelfeld,6.903379
429803,Betim Bilalli,Schweiz,1997-10-14,,Defensives Mittelfeld,
1448359,Betim Ceka,Schweiz,2008-07-05,,Mittelstürmer,6.7361293
807506,Bilaly Diarra,Frankreich,1996-07-16,,Rechtsaußen,
735707,Bilel Badre,Frankreich,2000-01-30,,Offensives Mittelfeld,
917506,Bili Tacchini,Schweiz,2003-03-26,,Linkes Mittelfeld,
729494,Bill Dago,Frankreich,1995-10-20,1.83,Rechter Verteidiger,
1133711,Blendin Abazi,Schweiz,2005-03-06,,Torwart,
87727,Blerim Arifi,Schweiz,1986-06-25,,Rechtes Mittelfeld,
708437,Blerton Kamberi,Schweiz,2003-02-12,,Defensives Mittelfeld,
1142319,Blinor Aliu,Schweiz,2005-06-14,,Mittelfeld,
123017,Bojan Grujicic,Schweiz,1986-10-02,1.87,Torwart,
940821,Boris Fawoubo,Frankreich,2000-02-01,1.82,Rechtsaußen,6.7439547
472344,Boubacar Dembele,Mali,1991-10-01,,Linker Verteidiger,
389523,Brad Mpanzu Mvumbi,DR Kongo,1999-12-29,,Rechtes Mittelfeld,
627428,Brader Luindula,Schweiz,2000-08-06,,Linkes Mittelfeld,
605414,Bradley Pereira Monteiro,Schweiz,2000-01-15,1.72,Rechtes Mittelfeld,6.686324
1208620,Brandon Keller,Schweiz,2000-02-25,1.85,Mittelstürmer,
339032,Brandon Kinkembo,Angola,1995-03-17,,Sturm,
312051,Breston Malula,DR Kongo,2000-10-31,1.94,Innenverteidiger,
724393,Brian Atangana,Schweiz,2004-01-22,1.88,Torwart,
1075360,Bruno Costa Branco,Portugal,2001-07-03,,Abwehr,
1190918,Bruno Da Silva Mirra,Portugal,2002-03-04,,Zentrales Mittelfeld,6.8295245
976961,Bryan Aleme,Frankreich,2001-02-08,1.91,Defensives Mittelfeld,6.821881
729489,Bryan Hilaire,Frankreich,1998-03-13,,Torwart,
470301,Bryan Mattei,Schweiz,1998-05-27,,Innenverteidiger,
541075,Bryan Mukenge,Frankreich,1999-11-15,,Defensives Mittelfeld,6.723871
213164,Bryan Roux,Schweiz,1995-05-22,,Innenverteidiger,
1348742,Bumir Bytyqi,Schweiz,2009-08-06,,Mittelfeld,
284781,Burak Kutlu,Türkei,1994-06-17,,Innenverteidiger,
258301,Burim Avdulahi,Nordmazedonien,1997-02-18,,Defensives Mittelfeld,
496612,Caio Salustiano,Brasilien,1992-04-27,,Innenverteidiger,
920107,Camil Belarbi,Frankreich,1998-08-20,,Linksaußen,6.9671645
633867,Camil Ouarghi,Frankreich,1997-10-15,,Rechtes Mittelfeld,
625795,Carlos Lima,Brasilien,2003-05-31,1.77,Zentrales Mittelfeld,
409433,Carlos Martínez,Venezuela,1999-01-26,,Rechter Verteidiger,
381813,Carlos Oliveira,Portugal,1995-03-18,1.71,Offensives Mittelfeld,
535509,Carlos Souza,Brasilien,2000-05-01,,Mittelstürmer,
530825,Cedric Mast,Schweiz,2000-11-23,,Offensives Mittelfeld,
65314,Cedric Zimmermann,Schweiz,1989-08-02,1.81,Torwart,
274370,Cedrico Franja,Portugal,1988-12-25,1.67,Zentrales Mittelfeld,
1136259,Celestin Steimer,Schweiz,2008-11-18,,Torwart,7.0089355
147190,Cerruti Vuzi,Schweiz,1989-12-26,1.8,Rechtsaußen,
1346743,Chancelier Ifefo,Italien,2007-03-27,,Linksaußen,6.698918
427545,Charles Noundou,Frankreich,1994-05-16,1.78,Innenverteidiger,6.8012595
1378361,Chiara Konaté,Frankreich,2006-05-26,1.76,Rechtsaußen,
316820,Chris Fornerod,Schweiz,1996-08-16,1.88,Innenverteidiger,
1044756,Chris Lauwiner,Schweiz,2006-04-18,,Defensives Mittelfeld,6.7855825
1291820,Christ Golo,Kongo,2002-05-19,,Rechtes Mittelfeld,
539807,Christian Marques,Portugal,2003-01-15,1.88,Innenverteidiger,
334738,Christian Mupudi,Kongo,1994-04-24,,Defensives Mittelfeld,
147208,Christian Schriber,Schweiz,1992-02-19,,Mittelfeld,
670525,Christian Semedo,Portugal,1999-09-11,,Mittelfeld,
245464,Christophe Debluë,Schweiz,1993-01-26,,Rechter Verteidiger,
564266,Christopher Makengo,Frankreich,1994-07-07,1.82,Zentrales Mittelfeld,
406513,Christopher Nwanne,Schweiz,1999-05-05,1.87,Rechtsaußen,6.9071436
103748,Christopher Nzinga,Frankreich,1986-06-03,1.78,Mittelstürmer,
841877,Claude Jacquet,Frankreich,1998-06-14,1.83,Zentrales Mittelfeld,6.8995113
822117,Clement Martenet,Schweiz,2002-11-28,,Linkes Mittelfeld,
453096,Cláudio Tavares,Kap Verde,1997-03-23,1.83,Rechter Verteidiger,
1060667,Clément Lüdi,Schweiz,2003-06-30,,Rechtes Mittelfeld,
802327,Corentin Dupoisot,Frankreich,1994-04-07,,Rechter Verteidiger,
365462,Corentin Tirard,Frankreich,1995-10-18,1.75,Linksaußen,6.835348
298610,Cristian Papa,Schweiz,1998-06-11,1.77,Hängende Spitze,
1402184,Cristiano Carvalho,Portugal,2005-06-16,,Mittelstürmer,
258303,Cyril Dumont,Schweiz,1997-01-24,,Torwart,
700279,Cédric Arnold,Schweiz,2003-05-12,,Innenverteidiger,
802360,Cédric Coovi,Schweiz,2000-03-30,1.88,Rechter Verteidiger,
583050,Cédric Fux,Schweiz,2003-07-30,,Zentrales Mittelfeld,6.9571404
346883,Cédric Mbenza,Schweiz,2000-05-25,1.78,Linker Verteidiger,
436257,Cédric Meier,Schweiz,1992-02-07,,Rechter Verteidiger,
1453907,Cédric Oulaï,Elfenbeinküste,2007-06-04,1.8,Linker Verteidiger,6.7692294
371534,Cédric Proz,Schweiz,1997-08-15,,Rechtes Mittelfeld,6.839155
496525,Cédric Tavares Dos Santos,Schweiz,1994-01-10,,Innenverteidiger,
21339,Cédric Tsimba,Schweiz,1984-08-05,1.77,Rechtsaußen,
724387,Célestin Lilango Nzanga,Frankreich,1997-05-01,,Innenverteidiger,
163350,Dalibor Vasenda,Tschechien,1991-06-02,1.78,Rechter Verteidiger,
632352,Damien Mayagal,Kamerun,1996-12-11,,Innenverteidiger,6.843577
958850,Dani Carvalhais Reboredo,Portugal,1997-12-28,,Innenverteidiger,6.870686
1328999,Daniel Buchmann,Schweiz,2007-03-03,,Defensives Mittelfeld,
505135,Daniel Da Silva Marques,Portugal,2001-06-02,,Torwart,
1237026,Daniel De Figueiredo,Portugal,2003-11-11,,Mittelfeld,
192633,Daniel Dos Santos,Schweiz,1996-02-03,1.73,Zentrales Mittelfeld,
608212,Daniel Dos Santos,Schweiz,2002-12-29,1.76,Offensives Mittelfeld,
943020,Daniel Howard,Tschechien,2004-05-20,,Mittelstürmer,6.72819
1060986,Daniel Mbimbo,Portugal,2006-09-26,,Mittelstürmer,6.790713
602956,Daniel Ribeiro,Portugal,2000-11-27,,Mittelstürmer,
339029,Daniel Seixas,Portugal,1996-01-22,,Defensives Mittelfeld,
677436,Daniel da Silva,Angola,2000-05-06,,Mittelstürmer,
244534,Danny Barbosa Araujo,Portugal,1993-07-30,,Rechtes Mittelfeld,
443423,Dany Cattin,Schweiz,2001-06-10,,Mittelstürmer,6.7446747
169372,Dany Da Silva,Schweiz,1993-03-02,1.88,Torwart,
507424,Daryl Paraiso,Schweiz,2002-03-01,,Mittelstürmer,
1060670,David Blackwell,Schweiz,2002-11-16,,Mittelstürmer,6.8100433
195336,David De Freitas,Schweiz,1993-02-11,,Defensives Mittelfeld,
950156,David Fabrega Reyes,Spanien,1995-10-05,,Torwart,
1291825,David Fradinho,Portugal,2000-07-12,,Mittelfeld,
691731,David Imbert,Frankreich,1997-02-12,,Mittelfeld,
35779,David Jansen,Deutschland,1987-12-04,,Mittelstürmer,
707533,David Krasniqi,Kosovo,2003-04-21,1.79,Zentrales Mittelfeld,6.718771
866283,David Lokofe,Schweiz,2005-02-20,1.83,Zentrales Mittelfeld,6.794955
6659,David Marazzi,Schweiz,1984-09-06,1.77,Linkes Mittelfeld,
1345341,David Ndiaye,Frankreich,2004-01-05,,Mittelfeld,
1292048,David Pereira,Portugal,2007-06-26,,Offensives Mittelfeld,
1304957,David Pereira Goncalves,Schweiz,2001-03-11,,Defensives Mittelfeld,6.734712
608652,David Salan,Schweiz,1994-04-29,,Mittelstürmer,
902888,David Scilipoti,Schweiz,1998-01-08,1.75,Rechtsaußen,
365113,David Staffoni,Schweiz,2001-07-24,,Mittelstürmer,
1208415,David Thiébaud,Schweiz,2005-06-27,,Mittelfeld,
937882,David Vallélian,Schweiz,2002-01-05,,Zentrales Mittelfeld,
1390921,Davide Fonseca,Portugal,1994-02-28,,Mittelfeld,
1056996,Davide Pinto,Portugal,1996-11-12,,Torwart,
389802,Davy Francisco,Schweiz,1993-12-07,,Zentrales Mittelfeld,6.8755555
807853,Dayan Müller,Schweiz,2004-01-06,,Rechter Verteidiger,
967685,Dayan Saholona,Zentralafrikanische Republik,1998-02-21,1.72,Rechter Verteidiger,6.8064137
917072,Dean Roten,Schweiz,2003-01-29,,Zentrales Mittelfeld,6.7177114
491242,Dejan Janjic,Schweiz,1997-10-10,1.93,Innenverteidiger,
147197,Delano Hanson,Jamaika,1990-10-23,,Linkes Mittelfeld,
311431,Denis Alves,Portugal,2000-11-25,,Mittelfeld,
288248,Denis-Will Poha,Frankreich,1997-05-28,1.74,Zentrales Mittelfeld,
249709,Dereck Isabella,Schweiz,1995-10-19,,Linkes Mittelfeld,
1406832,Devin Gerold,Schweiz,2006-10-09,,Torwart,
964292,Devran Cavus,Schweiz,2007-02-21,,Torwart,7.049327
899491,Diamantino Rocha,Portugal,1998-03-07,1.81,Offensives Mittelfeld,6.9246936
565293,Diart Shabani,Kosovo,1996-05-05,,Innenverteidiger,
203888,Diego Berchtold,Schweiz,1996-05-27,1.93,Torwart,
1142317,Diego Diaz,Schweiz,2004-02-13,,Linker Verteidiger,
1017147,Diego Festa,Schweiz,2003-05-14,,Torwart,
922994,Diego Gouveia Da Costa,Portugal,2005-06-15,,Abwehr,
208145,Diego Mutombo,DR Kongo,1989-07-06,1.89,Innenverteidiger,6.678045
262382,Diego Sessolo,Schweiz,1990-07-17,,Innenverteidiger,
1060985,Diego Trillo,Schweiz,2006-01-28,1.75,Linker Verteidiger,6.728027
1444430,Dieudonné Cheubou Ngoun,Kamerun,2005-11-17,,Rechter Verteidiger,6.7290273
374316,Dilan Shala,Schweiz,1997-12-06,1.8,Defensives Mittelfeld,
639493,Dilovan Oksüz,Schweiz,2002-01-16,1.86,Mittelstürmer,
365127,Dimitrije Radovanovic,Schweiz,2000-05-04,1.86,Innenverteidiger,
1302191,Dinan Hasanic,Schweiz,2004-06-16,,Mittelstürmer,
574852,Dino Johic,Schweiz,1999-07-10,,Offensives Mittelfeld,
276708,Diogo Ferreira da Cunha,Portugal,1991-10-18,,Innenverteidiger,
670713,Diogo Monteiro,Portugal,2005-01-28,1.87,Innenverteidiger,
389724,Diogo Teixeira,Portugal,1996-01-08,,Rechtes Mittelfeld,
659352,Dion Kacuri,Schweiz,2004-02-11,1.9,Zentrales Mittelfeld,7.034508
1317732,Dion Pajaziti,Schweiz,2006-10-31,,Zentrales Mittelfeld,
923809,Dircssi Ngonzo,Schweiz,2005-07-31,1.89,Innenverteidiger,6.5229363
1147704,Djaota Maël Luyet,Schweiz,2007-12-09,,Mittelstürmer,6.8196893
236807,Djibril,Senegal,1990-11-08,1.86,Mittelstürmer,
810967,Djibril Camara,Frankreich,2004-11-17,,Linker Verteidiger,
568733,Djibril Diop,Senegal,1999-01-06,1.88,Innenverteidiger,
584617,Djove Ifaso,DR Kongo,1999-01-01,,Linksaußen,6.779652
707632,Domenico Pena,Schweiz,2002-12-31,,Rechtes Mittelfeld,
614259,Dominic Corness,England,2003-05-05,1.74,Defensives Mittelfeld,
1080596,Dominique Boguie,Elfenbeinküste,2004-03-18,,Linker Verteidiger,
229196,Dominique Feldner,Schweiz,1994-11-19,,Rechter Verteidiger,
534395,Dominique Menana,Kamerun,1995-06-16,,Defensives Mittelfeld,
274417,Dominique Quillet,Schweiz,1995-01-19,,Torwart,
65039,Donato D'Andrea,Schweiz,1988-08-31,,Torwart,
986697,Donovan Odier,Schweiz,1999-03-01,,Rechtsaußen,
341366,Dragoș Mucuță,Rumänien,1998-04-14,,Mittelstürmer,
807542,Drice Messelmani,Frankreich,2002-02-27,1.76,Rechtes Mittelfeld,6.6835556
70760,Drilon Paçarizi,Schweiz,1989-08-22,1.82,Offensives Mittelfeld,
202564,Durim Badalli,Schweiz,1990-09-16,1.81,Linker Verteidiger,6.8174434
246265,Dylan De Matos,Portugal,1994-02-27,,Innenverteidiger,
917790,Dylan Dominguès,Frankreich,1996-07-01,1.74,Zentrales Mittelfeld,
1249988,Dylan Michael Oliveira Lourenco,Portugal,1998-12-09,,Mittelfeld,
1005426,Dylan Tchamajieu,Kamerun,2000-07-16,1.71,Linker Verteidiger,6.8253546
354127,Dylann Nyangi,DR Kongo,1998-07-25,,Mittelstürmer,
805759,Edian Gashi,Schweiz,2004-06-16,,Linker Verteidiger,6.801823
1390576,Edilson Da Costa Tomas,Spanien,2007-01-24,,Innenverteidiger,6.7211995
163888,Edin Becirovic,Bosnien-Herzegowina,1987-09-15,,Mittelstürmer,
507391,Edin Omeragic,Schweiz,2002-03-20,1.97,Torwart,
802339,Edison Neziri,Kosovo,2002-06-12,,Offensives Mittelfeld,
901662,Edison Vogliqi,Kosovo,2003-11-11,,Rechter Verteidiger,
539333,Edon Mustafa,Kosovo,2000-07-04,,Offensives Mittelfeld,
526523,Edwin Massucco,Frankreich,1999-07-15,1.83,Zentrales Mittelfeld,
1378330,Eismirt Pena,Schweiz,2005-02-23,,Mittelstürmer,
275356,Eldar Suljicic,Schweiz,1999-08-10,,Mittelstürmer,
290823,Elhadji Ciss,Senegal,1994-06-26,1.88,Innenverteidiger,6.7957273
678688,Elias Babel,Schweiz,2003-06-28,,Torwart,7.0848136
1453908,Elias Jaafri,Schweiz,2007-11-30,,Torwart,
365106,Elias Moraga,Schweiz,2000-04-03,,Zentrales Mittelfeld,
548728,Eliot Halimi,Schweiz,1997-05-11,,Offensives Mittelfeld,6.679395
994800,Eliott Rossi,Schweiz,2005-06-20,1.73,Offensives Mittelfeld,
1268774,Elisio Antunes,Schweiz,2003-07-27,,Offensives Mittelfeld,6.8345737
637887,Elnes Alabashoski,Nordmazedonien,2003-07-05,,Rechter Verteidiger,
805518,Elvis Kouassi,Elfenbeinküste,2004-09-11,1.78,Rechter Verteidiger,
342866,Emanuel Zünd,Liechtenstein,2004-12-29,,Linksaußen,6.7929707
855133,Emilien Grillot,Frankreich,2003-06-18,1.86,Innenverteidiger,
807900,Emilien Marchello,Schweiz,2005-02-11,1.8,Defensives Mittelfeld,
1114718,Emilio Maldonado,Schweiz,2005-01-29,1.88,Zentrales Mittelfeld,
896139,Emir Abrouk,Dänemark,2000-01-24,1.8,Offensives Mittelfeld,
663699,Emre Tastan,Türkei,2002-04-02,,Torwart,
1246613,Enzo Djaraouane,Frankreich,2002-04-05,1.85,Offensives Mittelfeld,
920427,Enzo Iuorio,Frankreich,2003-11-22,,Zentrales Mittelfeld,
805511,Enzo Rustico,Schweiz,2004-07-19,,Mittelstürmer,
994832,Epiphany Okondi,Schweiz,2000-06-12,,Innenverteidiger,6.7812524
249757,Eren Sahingoz,Türkei,1995-01-04,,Torwart,
679218,Eric Jorge,Italien,2004-02-06,,Zentrales Mittelfeld,6.767798
365130,Erik Wyssen,Schweiz,2001-08-19,1.9,Innenverteidiger,
1177476,Erion Avdulli,Kosovo,2007-06-20,,Linksaußen,
707532,Eron Brahimaj,Kosovo,2003-07-06,,Innenverteidiger,
700232,Eron Guri,Schweiz,2003-07-29,,Offensives Mittelfeld,
1015759,Eronis Haxhiu,Schweiz,2007-09-09,,Defensives Mittelfeld,
521441,Ertan Ali,Schweiz,2002-07-22,,Zentrales Mittelfeld,6.9586487
931989,Ertem Bello,Schweiz,2004-12-30,,Torwart,
1082264,Erwan Laverne,Frankreich,2000-02-16,,Innenverteidiger,
750930,Esmir Asani,Schweiz,2003-06-11,1.82,Rechter Verteidiger,6.719343
430379,Esmir Velija,Schweiz,1993-06-16,,Sturm,
805445,Espedi Kungi,Frankreich,2000-11-01,,Zentrales Mittelfeld,6.9034677
1381127,Esteban Beyeler,Schweiz,2008-05-13,1.77,Zentrales Mittelfeld,
431141,Esteban González,Spanien,1999-06-24,,Torwart,
1063928,Esteban Martin,Schweiz,2006-06-21,,Rechter Verteidiger,
237674,Esteban Parra,Schweiz,1997-12-02,,Linker Verteidiger,6.722259
678841,Ethan Brandy,Schweiz,2004-11-10,1.82,Rechter Verteidiger,
1133775,Ethan Fillistorf,Schweiz,2005-09-27,,Mittelfeld,
1142315,Ethan Vuilleumier,Schweiz,2004-01-07,1.68,Zentrales Mittelfeld,
826022,Etnor Salihu,Schweiz,2004-03-22,,Mittelfeld,
1060607,Evan Charles,Frankreich,2002-02-24,1.74,Offensives Mittelfeld,
695037,Evan Massimino,Schweiz,2001-11-26,,Offensives Mittelfeld,
166407,Evan Melo,Schweiz,1993-05-31,1.73,Mittelstürmer,
1140539,Evan Perniceni,Schweiz,2005-06-11,1.83,Defensives Mittelfeld,
449610,Evandeur Nsiala,Schweiz,1998-03-26,1.95,Mittelstürmer,
203801,Ewan Catillaz,Schweiz,2001-03-09,1.85,Torwart,
1195438,Ewan Isaaz,Schweiz,2002-06-20,,Torwart,
389395,Ewembe Lokwa,DR Kongo,1994-09-29,1.86,Mittelstürmer,
679219,Exaucé Luwawa,Schweiz,2004-08-26,1.73,Linker Verteidiger,
507341,Fabian Rieder,Schweiz,2002-02-16,1.79,Offensives Mittelfeld,
613518,Fabiano Dupraz,Schweiz,1995-11-18,,Rechter Verteidiger,
1238003,Fabien Champion,Schweiz,1999-09-02,,Abwehr,
537819,Fabien Lamers,Schweiz,2000-05-13,,Torwart,
905918,Fabien Schellenberg,Schweiz,1995-08-04,,Abwehr,
174390,Fabien Tissot Rosset,Frankreich,1983-11-20,1.77,Innenverteidiger,
907626,Fabien Tshitenga Mutombo,Schweiz,1996-10-17,,Innenverteidiger,
65216,Fabio Albii,Italien,1986-09-06,,Linkes Mittelfeld,
1402078,Fabio Correira,Schweiz,2008-05-21,,Mittelfeld,
252365,Fabio Fonseca,Schweiz,1993-09-30,1.8,Linkes Mittelfeld,6.9837046
1133864,Fabio Karly,Schweiz,2001-01-29,,Mittelfeld,
311575,Fabio Le Rose,Schweiz,2001-05-09,,Zentrales Mittelfeld,
1275674,Fabio Moscariello,Italien,2007-10-29,,Torwart,
901040,Fabio Rinaldo,Italien,2001-10-01,,Offensives Mittelfeld,6.757048
678840,Fabio Titone Marques,Schweiz,2004-02-05,1.75,Torwart,7.1027937
564828,Fabrice Guzel,Frankreich,1990-11-09,1.85,Innenverteidiger,
365118,Fabrice Locher,Schweiz,2001-07-13,,Innenverteidiger,
631353,Fabrice Pantillon,Schweiz,1999-10-27,1.87,Innenverteidiger,6.75879
1022385,Fabricio Oviedo,Argentinien,2004-02-19,1.75,Mittelstürmer,
10060,Fabrizio Zambrella,Schweiz,1986-03-01,1.82,Zentrales Mittelfeld,
1432266,Fadi Ndiyo,Burundi,2007-01-21,,Mittelstürmer,6.7887616
1135115,Fares Toumi,Schweiz,2004-08-10,,Offensives Mittelfeld,6.9065924
607589,Faudel Nicod,Schweiz,2002-02-22,,Linker Verteidiger,
529606,Felix Knörle,Deutschland,2000-08-08,1.85,Mittelstürmer,
147022,Ferid Matri,Schweiz,1994-01-16,1.91,Innenverteidiger,
800359,Fidan Moaremi,Schweiz,2002-03-11,,Defensives Mittelfeld,
957216,Filip Damjanovic,Schweiz,2000-08-12,,Linker Verteidiger,
276410,Filip Korneta,Tschechien,1989-11-30,,Linker Verteidiger,
1140542,Filippo Di Iorio,Schweiz,2003-11-11,,Mittelfeld,
925929,Fionn Bauer,Schweiz,2005-01-10,,Rechtsaußen,6.8254747
691436,Fitim Salihu,Schweiz,2001-12-18,,Rechtes Mittelfeld,
905916,Flakron Haliti,Kosovo,1999-09-08,,Sturm,
193325,Flavio Cassarà,Schweiz,1993-03-30,1.84,Innenverteidiger,
333752,Flavio Pereira,Portugal,1994-07-13,,Linksaußen,
696878,Flavio Saldini,Italien,1997-10-17,,Rechter Verteidiger,
1020151,Florent Ramushi,Schweiz,2006-09-26,,Innenverteidiger,6.8689785
47607,Florian Berisha,Schweiz,1990-01-18,1.7,Offensives Mittelfeld,
451727,Florian Zuber,Schweiz,1992-07-05,,Torwart,
715906,Fode Kebe,Guinea,2000-12-24,,Innenverteidiger,
675919,Francesco Barbieri,Italien,2000-09-15,,Rechter Verteidiger,
1291813,Francis Tonon,Frankreich,2003-01-13,,Innenverteidiger,
1047194,Francisco Duarte Costa,Portugal,2006-02-15,,Mittelfeld,
1453882,Francky Angong,Kamerun,2003-07-11,,Zentrales Mittelfeld,6.8081403
607913,Frank Kamwa,Italien,2001-01-05,,Linker Verteidiger,
1402074,Frank Stämpfli,Schweiz,2006-05-04,,Rechter Verteidiger,
28541,Franklin Anzité,Zentralafrikanische Republik,1985-11-02,1.9,Innenverteidiger,
994813,François Cloarec,Frankreich,1994-08-03,,Mittelstürmer,
566881,François Gomis,Spanien,1997-12-29,1.76,Zentrales Mittelfeld,
235900,François Meuris,Belgien,1990-05-30,,Innenverteidiger,
123021,François Moubandje,Schweiz,1990-06-21,1.8,Linker Verteidiger,
1163719,Frederick Cornu,Schweiz,2002-12-03,,Mittelfeld,
144116,Fábio Monteiro,Portugal,1990-03-04,,Torwart,
919250,Gabriel Chiavuzzo,Schweiz,2002-03-10,1.88,Torwart,
178269,Gabriel Cuénoud,Schweiz,1993-06-10,1.8,Linker Verteidiger,
904819,Gabriel Lauper,Schweiz,2002-12-16,1.85,Zentrales Mittelfeld,6.778811
1121293,Gabriel Manzambi,Angola,2005-05-14,,Rechtsaußen,6.841288
530474,Gabriel Pereira,Portugal,1998-11-20,,Torwart,
1264838,Gabriel Santos,Schweiz,2008-01-23,,Torwart,
567453,Gabriele Mulazzi,Italien,2003-04-01,1.78,Rechter Verteidiger,6.77608
931777,Gaylor Mubiey,DR Kongo,2005-09-19,,Rechtsaußen,
389790,Gaëtan Girardet,Schweiz,1995-10-05,1.81,Defensives Mittelfeld,6.8480535
166400,Gaëtan Karlen,Schweiz,1993-06-07,1.86,Mittelstürmer,
905937,Gedeon Diniz,Angola,2003-12-21,,Rechtes Mittelfeld,6.8316913
427067,Gentrit Ajdini,Schweiz,1996-02-18,,Rechtsaußen,
1060492,Germain Kisembo,DR Kongo,2006-01-17,,Zentrales Mittelfeld,
507461,Gianluca Romano,Schweiz,2001-06-12,1.79,Linker Verteidiger,
1411546,Gianni Colombo,Schweiz,2008-10-06,,Zentrales Mittelfeld,
946831,Gianni Fontana,Frankreich,2003-04-21,,Torwart,
1146311,Gianni Féron,Madagaskar,2004-06-12,,Innenverteidiger,6.8040423
590424,Gilbert De Brito,Portugal,1997-04-21,,Sturm,
33055,Gilberto Reis,Kap Verde,1986-04-18,1.68,Rechter Verteidiger,
704490,Gilles Monti,Schweiz,2000-02-28,1.9,Torwart,7.086602
707666,Giuliano Giuliani,Italien,2003-09-05,,Linker Verteidiger,6.875028
399787,Giulio Imbriaco,Schweiz,1998-02-03,,Offensives Mittelfeld,
1243645,Giuseppe Gangemi,Italien,2005-10-07,,Mittelfeld,
693907,Giuseppe Morello,Italien,2001-09-04,1.7,Rechtsaußen,
660751,Glody Mukwama,Schweiz,2000-12-01,1.87,Innenverteidiger,
922522,Goncalo Esteves,Portugal,2003-11-11,,Mittelfeld,
312064,Gonçalo Ferreira,Portugal,2001-07-22,1.77,Linksaußen,6.8545914
1137615,Gonçalo Miguel Da Fonseca Ferreira,Portugal,2003-01-13,,Torwart,
1049965,Gora Diouf,Senegal,2003-09-20,1.85,Innenverteidiger,
334421,Grace Nzombo Nsabengo,Schweiz,1998-01-30,,Mittelstürmer,6.6923804
1019213,Gradi Nkunga,Deutschland,2003-04-28,,Sturm,
231373,Gregory Whibley,England,1987-07-14,,Rechter Verteidiger,
316351,Grégoire Fumeaux,Schweiz,1997-05-20,,Torwart,7.098565
694292,Grégory Rasca,Schweiz,2000-10-01,,Rechter Verteidiger,
698010,Guilherme De Morais,Portugal,2003-11-25,,Zentrales Mittelfeld,6.8053827
795097,Guilherme Teixeira,Portugal,2004-05-19,1.85,Innenverteidiger,
290538,Guillaume Campos,Frankreich,1995-01-07,,Innenverteidiger,
318539,Guillaume Cotter,Schweiz,1996-05-26,,Linker Verteidiger,
1387978,Guillaume Montangero,Schweiz,2007-09-07,,Torwart,
694353,Guillaume Thiry,Belgien,1999-09-27,1.81,Zentrales Mittelfeld,6.8804817
138588,Gëzim Shalaj,Schweiz,1990-07-28,1.82,Linksaußen,
813871,Günay Cirak,Frankreich,2001-12-27,1.82,Offensives Mittelfeld,
694121,Habib Diakite,Schweiz,1999-03-22,1.8,Rechtsaußen,
906936,Halkan Kiran,Frankreich,2001-04-25,,Defensives Mittelfeld,
548731,Hamdi Arfaoui,Schweiz,1997-12-22,1.82,Rechter Verteidiger,
668259,Hamza Abdallah,Komoren,2003-06-13,1.77,Rechter Verteidiger,6.801647
1387987,Hamza Camará,Portugal,2009-04-18,,Linksaußen,
428355,Harouna Sissoko,Mali,1988-08-21,1.85,Innenverteidiger,
1047195,Harry Hardcastle,England,2004-12-06,,Mittelfeld,
118294,Harry Novillo,Martinique,1992-02-11,1.82,Linksaußen,
244396,Hasib Ferhatovic,Schweiz,1995-07-10,1.81,Defensives Mittelfeld,
691725,Hasim Ismaili,Kosovo,1996-06-08,,Mittelfeld,
825860,Hassan Taleb,Schweiz,2002-09-16,,Torwart,7.096423
901665,Hector Castillo,Schweiz,1989-07-30,,Torwart,
59082,Heinz Lindner,Österreich,1990-07-17,1.87,Torwart,
607584,Henda Antonio,Schweiz,2002-01-16,,Rechter Verteidiger,
901663,Henoch Hounga,Schweiz,2004-05-05,,Mittelstürmer,
454461,Henri Saunié,Zentralafrikanische Republik,1996-04-28,1.81,Rechter Verteidiger,
1378331,Henrique Gregorio,Schweiz,2007-04-06,,Mittelstürmer,6.660597
917927,Herolind Fazliji,Schweiz,2001-09-19,1.93,Innenverteidiger,
1110946,Herry Asante,Schweiz,2007-05-16,,Linkes Mittelfeld,
186298,Hippolyte Réaut,Frankreich,1992-10-05,,Defensives Mittelfeld,
647323,Hiran Ahmed,Irak,2000-04-06,1.78,Offensives Mittelfeld,
195703,Hisham Emurli,Nordmazedonien,1987-01-13,1.78,Rechtsaußen,
923028,Hugo Bigirimana,Schweiz,2005-03-04,1.89,Torwart,7.1185594
741156,Hugo Cervantes,Frankreich,1996-02-05,,Offensives Mittelfeld,
696920,Hugo D'Aquino,Schweiz,1997-09-05,,Mittelstürmer,
1119867,Hugo Dautin,Frankreich,2005-06-22,,Zentrales Mittelfeld,6.7745614
800256,Hugo Jourdan,Schweiz,2001-11-24,,Linker Verteidiger,6.7211766
1042978,Hugo Lopez,Spanien,2005-04-10,,Rechtsaußen,6.9050665
534498,Hugo Moreira,Schweiz,1998-07-08,,Rechter Verteidiger,
970260,Hugo Rodríguez,Spanien,2003-08-02,1.86,Rechtsaußen,
505224,Ibrahim Bamba,Elfenbeinküste,1997-06-29,,Rechter Verteidiger,
87797,Ibrahim Diallo,Senegal,1989-06-23,1.84,Zentrales Mittelfeld,
1297069,Ibrahim Donzo,Schweiz,2008-03-08,,Zentrales Mittelfeld,
1292635,Ibrahim Mendes,Schweiz,2005-11-22,1.8,Rechtsaußen,6.9758825
5397,Ibrahim Tall,Senegal,1981-06-23,1.83,Innenverteidiger,
620709,Ibrahim Yimga,Schweiz,1999-05-01,1.88,Rechter Verteidiger,
187432,Ibrahima Camara,Elfenbeinküste,1988-01-01,,Defensives Mittelfeld,
816351,Ibrahima Diouf,Senegal,1993-06-23,1.73,Mittelstürmer,
1018311,Ibrahima Ndiaye,Senegal,2001-05-20,,Linker Verteidiger,
271123,Ibrahima Sissoko,Frankreich,1998-03-31,,Mittelfeld,
823569,Ibrahima Thiam,Senegal,2000-02-10,1.82,Rechter Verteidiger,
825395,Idir Ahmin,Frankreich,1997-03-06,1.92,Innenverteidiger,
130940,Idris Mandiang,Senegal,1984-12-27,1.89,Zentrales Mittelfeld,
262812,Ignace Ntongo,Schweiz,1993-11-19,1.76,Mittelstürmer,
33756,Igor Djuric,Schweiz,1988-08-30,1.81,Innenverteidiger,
926325,Ilian Borges Da Moura,Frankreich,2002-11-14,,Defensives Mittelfeld,6.7235045
716999,Ilias Tebib,Schweiz,2000-09-24,1.91,Torwart,7.1067376
373686,Ilirjan Mehmetaj,Kosovo,1997-09-02,,Mittelstürmer,
1137592,Iliès Rezgui,Frankreich,1996-09-04,1.78,Innenverteidiger,
1312170,Ilyas Ihsane,Schweiz,2008-01-21,,Innenverteidiger,6.8267946
988278,Ilyes Benlebsir,Frankreich,2005-01-11,1.82,Offensives Mittelfeld,
1063957,Ilyes Litime,Frankreich,2002-01-31,,Linker Verteidiger,
1164759,Indy Duffour,Frankreich,2002-11-01,,Offensives Mittelfeld,
1082252,Ingo Pinto da Conceição,Schweiz,1997-02-17,,Sturm,
275968,Isaac Bamele,Frankreich,1994-03-06,,Rechter Verteidiger,
1300751,Isaac Haïlu,Frankreich,2006-10-16,,Zentrales Mittelfeld,
351812,Isaac Ibongo,Frankreich,1989-05-14,1.87,Mittelstürmer,
905917,Isaac Jr. Pagnoux,Frankreich,2003-05-29,,Offensives Mittelfeld,
1272858,Isaac Lokiru,Kenia,2006-05-24,,Abwehr,6.695479
1163545,Isidore Cattin,Schweiz,2006-07-07,,Rechter Verteidiger,6.806707
927370,Ismail Dia,Schweiz,2005-02-17,,Innenverteidiger,
610123,Itaitinga,Brasilien,1998-10-04,1.81,Rechtsaußen,
1111419,Ivan Parra,Schweiz,2007-07-28,1.79,Linksaußen,7.187203
1011007,Ivann Thélin,Schweiz,2003-01-27,1.95,Innenverteidiger,
284544,Iván Martínez,Schweiz,1994-02-11,,Mittelstürmer,
572150,Iúri Simão,Portugal,2001-01-04,1.81,Linksaußen,
802750,Jacques Mourey,Frankreich,1991-11-15,1.84,Innenverteidiger,
20715,Jacques Zingg,Schweiz,1983-08-13,1.94,Torwart,
1428586,Jambaldorj Enkhtur,Mongolei,2007-10-04,,Linkes Mittelfeld,6.655153
1383492,James Liardet,Schweiz,2008-09-28,,Torwart,
1177475,Jamie Atangana,Schweiz,2007-11-12,1.88,Mittelstürmer,6.810824
1348741,Janilson Ribeiro,Portugal,2008-01-26,,Abwehr,
1087594,Jannic Arnold,Schweiz,2007-07-04,1.93,Torwart,7.0877233
751037,Jari Blaich,Schweiz,2004-01-20,1.82,Torwart,
990484,Jason Almeida,Schweiz,2005-06-23,,Linkes Mittelfeld,6.841938
363554,Jason Arrigoni,Frankreich,1991-09-23,,Linker Verteidiger,
964291,Javier Conforto,Italien,2006-03-22,1.84,Mittelstürmer,6.72819
1164822,Jawan Shaper,Frankreich,2002-01-10,,Abwehr,
837329,Jean N'Guessan,Elfenbeinküste,2003-04-17,1.77,Zentrales Mittelfeld,
1105212,Jean-Barthélémy Mbondi,Frankreich,1996-02-08,1.93,Mittelstürmer,6.677667
585956,Jean-Claude Ntenda,Frankreich,2002-09-03,1.79,Linker Verteidiger,
88115,Jean-Michel Monteiro,Kap Verde,1989-10-17,1.8,Rechter Verteidiger,
727906,Jeevan Stäubli,Schweiz,2003-06-22,,Torwart,
1240766,Jeffrey Kabuya,Schweiz,2006-08-17,,Mittelstürmer,6.756556
500922,Jeremy Ducoli,Schweiz,1998-11-29,,Mittelfeld,
284190,Jeremy Roulier,Schweiz,1997-09-02,,Torwart,
852475,Jessy Mulenda Kasongo,Frankreich,1996-09-05,,Zentrales Mittelfeld,
583042,Jessé Hautier,Schweiz,2003-10-14,1.76,Mittelstürmer,
262237,Jihed Jelassi,Schweiz,1989-02-25,,Innenverteidiger,
389101,Jimmy Cannilla,Schweiz,1999-02-23,,Torwart,
443243,Jimmy Frossard,Frankreich,1994-10-27,,Innenverteidiger,6.831564
1378962,Jimmy Rocca,Schweiz,2006-10-22,,Zentrales Mittelfeld,
1208618,Joan Noël Albrecht,Schweiz,2003-12-24,,Mittelfeld,
195121,Joan Yenni,Schweiz,1992-05-29,,Rechter Verteidiger,
904713,Joao Beni Antonio,Angola,2002-04-04,1.85,Defensives Mittelfeld,6.870659
1119987,Joao Exaucé,Kongo,2005-04-19,,Mittelstürmer,
996592,Joao Paquincha,Portugal,2005-01-08,,Sturm,
262476,Jocelyn Mboso,Frankreich,1993-03-04,,Linkes Mittelfeld,
432280,Joeffrey Tshikomb,DR Kongo,1998-07-02,,Defensives Mittelfeld,6.948141
65123,Joel Ndongabi,Angola,1985-07-08,,Innenverteidiger,
1020795,Joel Wolfensberger,Schweiz,2001-03-14,,Rechter Verteidiger,
448305,Johann Karlen,Schweiz,1997-06-18,,Rechtes Mittelfeld,
798155,Johannes Schwab,Schweiz,1998-06-09,1.75,Linker Verteidiger,
126650,John-Christophe Ayina,Frankreich,1991-04-09,1.81,Linksaußen,
1409279,Jona Roten,Schweiz,2005-08-28,,Zentrales Mittelfeld,
1139016,Jonas Carvalho Kalombo,Portugal,2005-09-02,,Mittelfeld,
694361,Jonatan Lewandrowski,Polen,1999-06-20,1.86,Linker Verteidiger,
335618,Jonathan Galdo,Italien,1995-08-22,,Innenverteidiger,6.855842
370390,Jonathan Lima,Schweiz,1997-10-01,1.85,Linksaußen,6.9185843
316790,Jonathan Mbondo,DR Kongo,1994-09-08,1.79,Defensives Mittelfeld,
543512,Jonathan Monteiro,Portugal,2000-05-18,,Rechter Verteidiger,6.7281585
1006680,Jonathan Santos Serralva,Schweiz,2003-04-10,,Torwart,
410606,Joni de Oliveira,Kap Verde,1999-01-23,1.73,Mittelstürmer,
541073,Jordan Abié,Schweiz,1998-12-31,,Rechtsaußen,6.8086286
712204,Jordan Akwasingi,Schweiz,2004-08-24,1.88,Innenverteidiger,
1018331,Jordan Crameri,Schweiz,2005-06-04,,Torwart,
1172402,Jordan Dubosson,Schweiz,2005-01-25,,Rechter Verteidiger,
770708,Jordan Géa,Frankreich,1994-05-25,,Innenverteidiger,
1074251,Jordan Kouassi,Elfenbeinküste,1998-08-09,1.83,Innenverteidiger,
1188386,Jordane Agodey,Schweiz,2003-03-15,,Rechter Verteidiger,6.756467
1333690,Jordi Nzoao,Schweiz,2002-12-09,,Abwehr,
1390929,Jorge Ribeiro,Portugal,2000-06-12,,Sturm,
922088,Joris Stauffer,Schweiz,2004-01-21,,Torwart,
1267577,Josda Bonga,Schweiz,2006-08-21,,Innenverteidiger,
1028241,Jose Koffi,Italien,2003-10-08,,Mittelfeld,
926323,Joseph Nkodo,Kamerun,2001-06-05,,Innenverteidiger,6.789708
722010,Joshua Mingiedi,Schweiz,2001-11-17,1.85,Innenverteidiger,
449590,Josias Lukembila,Schweiz,1999-09-09,1.81,Linksaußen,
678845,Joss Marques,Schweiz,2004-01-14,,Defensives Mittelfeld,
449598,Josua Sanda,Angola,1999-09-09,1.79,Defensives Mittelfeld,
923087,Jan Bürki,Schweiz,2006-08-27,,Torwart,
366206,José Rafael Garcia,Portugal,1992-06-30,1.75,Defensives Mittelfeld,
603908,Joyprince Sivathas,Schweiz,2001-08-05,,Zentrales Mittelfeld,
902927,João Costa,Portugal,2001-09-21,,Defensives Mittelfeld,6.8969607
608159,João Pedro da Cunha,Portugal,2002-02-10,1.66,Zentrales Mittelfeld,
410928,João dos Santos,Portugal,2002-07-09,1.75,Mittelstürmer,
524397,Joël Leyvraz,Schweiz,1999-04-14,,Rechtes Mittelfeld,
1054590,Joël Lopes,Schweiz,2003-09-29,,Sturm,
410787,Joël Monteiro,Schweiz,1999-08-05,1.91,Linkes Mittelfeld,
284374,Joël Wolfensberger,Schweiz,1991-05-22,,Mittelfeld,
917476,Jules Masciotta,Italien,2004-12-20,,Linker Verteidiger,
1133707,Julian Chassot,Schweiz,2002-11-28,,Torwart,
707940,Julian Erismann,Schweiz,2002-09-15,,Linker Verteidiger,
1060597,Julian Riedo,Schweiz,2006-03-10,,Rechtsaußen,6.78271
963230,Julian Theler,Schweiz,2003-08-08,,Sturm,
851219,Juliano Ramos,Frankreich,1996-06-10,1.69,Linker Verteidiger,
365093,Julien Beausire,Schweiz,2001-03-18,,Innenverteidiger,
877369,Julien Chapit,Frankreich,1994-08-29,,Mittelstürmer,
919449,Julien Joseph,Haiti,2004-08-12,,Defensives Mittelfeld,6.8411837
899510,Julien Kühne,Schweiz,2000-11-22,,Linkes Mittelfeld,
284565,Julien Prétôt,Frankreich,1986-02-17,1.85,Innenverteidiger,
715727,Julien Vannod,Schweiz,2000-07-05,,Rechter Verteidiger,
583021,Julien Zwahlen,Schweiz,2003-05-01,,Innenverteidiger,
862745,Julio Fonseca,Schweiz,2005-01-12,1.79,Rechtsaußen,
1140555,Justin Ambord,Schweiz,2001-01-07,,Linksaußen,
1017148,Jérome Mathieu,Schweiz,1999-05-07,,Mittelfeld,
805760,Jérémie Hostettler,Frankreich,2003-01-26,,Rechtsaußen,6.6935835
924786,Jérémy Biselx,Schweiz,2006-05-14,,Innenverteidiger,6.8147373
238620,Jérémy Vogel,Schweiz,1995-04-20,1.79,Rechter Verteidiger,
994814,Jürgen Cebulla,Deutschland,2003-07-24,,Torwart,
815746,Kacper Dobrogowski,Schweiz,2001-10-27,,Mittelfeld,
664108,Kamil Ziouani,Schweiz,2002-08-14,,Linksaußen,
611105,Kandé Diawara,Frankreich,1990-06-07,,Torwart,7.0568743
917065,Kapinga Ntongo,Italien,2003-08-08,,Zentrales Mittelfeld,6.8125477
694123,Karim Barry,Schweiz,2001-05-18,,Defensives Mittelfeld,
64904,Karim Chentouf,Schweiz,1986-08-20,1.88,Mittelstürmer,
363461,Karim Dafir,Schweiz,1993-04-04,1.76,Linkes Mittelfeld,
270406,Karim Diarra,Frankreich,1994-04-29,,Mittelstürmer,6.7865143
526866,Karim Dzajic,Schweiz,1999-07-19,1.93,Torwart,
150597,Karim Robin,Frankreich,1984-04-28,1.7,Defensives Mittelfeld,
707657,Karim Sow,Schweiz,2003-05-22,1.99,Innenverteidiger,
263801,Kasim Adams,Ghana,1995-06-22,1.9,Innenverteidiger,
907637,Kastriot Dragusha,Kosovo,1998-04-23,,Mittelstürmer,
907568,Kay Anthamatten,Schweiz,2001-08-18,,Linkes Mittelfeld,
905958,Kaïs Salah Bendriss,Algerien,2003-02-26,1.81,Innenverteidiger,
805888,Keenan Carole,Frankreich,2004-08-04,1.71,Rechtsaußen,6.841136
1369971,Keenan Morgan Lilla,Schweiz,2006-09-16,,Linkes Mittelfeld,6.6607184
45499,Kelechi Kalu,Nigeria,1999-11-21,,Mittelfeld,
899804,Kelvin Panzo,Schweiz,2005-05-02,,Rechter Verteidiger,6.636338
807855,Ken Casimiro,Schweiz,2004-07-24,1.8,Linker Verteidiger,6.719223
454179,Kenan Samardzic,Schweiz,1999-07-26,,Mittelstürmer,6.7629943
637888,Kenneth Kabuya,Schweiz,2003-06-03,,Mittelstürmer,6.74732
1120654,Kevin Bolongo,Schweiz,1998-05-15,,Rechtsaußen,
1385976,Kevin Dupuy,Schweiz,2002-10-27,,Rechtes Mittelfeld,
436211,Kevin Fazio,Italien,1995-12-16,,Torwart,
33651,Kevin Fickentscher,Schweiz,1988-07-06,1.81,Torwart,
815748,Kevin Gonzalez,Schweiz,2002-05-02,,Sturm,
145326,Kevin Hill,Schweiz,1990-12-05,,Linksaußen,
334640,Kevin Mapwata,Schweiz,1995-04-07,1.78,Linksaußen,6.960952
907395,Kevin Monnier,Schweiz,1995-06-03,,Defensives Mittelfeld,
899489,Kevin Pedrosa,Portugal,2003-07-31,,Zentrales Mittelfeld,6.955557
244440,Kevin Pianaro,Schweiz,1994-06-22,1.79,Linkes Mittelfeld,
250240,Kevin Seabra,Schweiz,1994-04-26,,Linker Verteidiger,
147058,Kevin Tsimba,Schweiz,1994-02-20,1.71,Defensives Mittelfeld,
959932,Keyan Varela,Portugal,2006-04-26,1.82,Mittelstürmer,
464567,Khalil Ouared,Schweiz,1997-10-07,,Defensives Mittelfeld,
1063775,Kiangana Robiston Lukau,Frankreich,2003-09-01,,Rechtsaußen,
931719,Kilian Almeida Matias,Portugal,2006-11-12,,Zentrales Mittelfeld,
1392542,Kilian Coigny,Schweiz,2009-08-10,,Torwart,
357282,Kilian Hari,Schweiz,2001-05-16,,Torwart,
658108,Kilian Manera,Schweiz,2003-10-01,1.85,Torwart,
1163729,Killiam Borges Aprile,Schweiz,2003-09-09,,Innenverteidiger,
1172403,Killian Métoyer,Schweiz,2004-11-12,1.87,Torwart,
1308632,Killian Pellet,Frankreich,2005-01-05,,Zentrales Mittelfeld,
1059923,Kilyan Lopez,Frankreich,2004-09-22,,Linksaußen,6.827775
318536,Kingsford Aboagye,Ghana,1996-11-04,,Zentrales Mittelfeld,
531693,Kiowa Glodie Tamfutu,Schweiz,1999-06-24,1.8,Mittelstürmer,
395323,Kirill Collard,Schweiz,1999-03-17,1.85,Torwart,
1172279,Kouassi Tanoh,Elfenbeinküste,2006-02-19,,Linkes Mittelfeld,
917474,Kristian Andrijanic,Schweiz,2002-03-06,,Defensives Mittelfeld,
800361,Kuitim Brahimi,Schweiz,1999-12-11,,Mittelstürmer,
1006668,Kylian Muñoz,Spanien,2006-04-10,,Torwart,
442128,Kévin Bakashala,Schweiz,1994-01-20,,Linker Verteidiger,6.831345
515433,Kévin Mauclet,Schweiz,1991-12-07,,Torwart,
720868,Lamine Tall,Senegal,2001-12-05,1.86,Mittelstürmer,6.7074313
449221,Lasme Thalmas,Elfenbeinküste,1998-08-08,,Mittelstürmer,
695161,Laurin Bauer,Schweiz,2002-08-18,,Linkes Mittelfeld,6.87364
1296875,Lazar Toshev,Nordmazedonien,2005-12-24,,Offensives Mittelfeld,6.8670506
999517,Lazar Vucurovic,Serbien,2005-06-22,1.92,Mittelstürmer,
608191,Leandro Marques,Schweiz,2002-12-11,1.75,Offensives Mittelfeld,6.823873
625771,Leandro Paiva,Schweiz,2002-02-09,,Innenverteidiger,
1015816,Leart Salihu,Kosovo,2007-02-14,1.85,Innenverteidiger,6.7223864
1145080,Leart Sinani,Kosovo,2005-10-07,,Torwart,
1043550,Leni Strahm,Schweiz,2003-03-26,,Abwehr,
1304939,Lenny Drieberg,Schweiz,2004-01-16,,Mittelstürmer,6.7668204
1317690,Lenny Robatel,Schweiz,2002-10-13,,Torwart,
905924,Leo Gomez,Schweiz,2003-07-10,,Mittelstürmer,6.8100433
1138289,Leon Sylejmani,Albanien,2008-05-30,1.86,Innenverteidiger,6.69488
631840,Leonardo Marcolli,Schweiz,2004-08-10,1.92,Innenverteidiger,6.747213
344170,Leonid Berisha,Schweiz,2002-05-13,,Torwart,
438999,Leotrim Dushica,Schweiz,2000-08-21,1.92,Innenverteidiger,6.8502207
905909,Leroy Casier,Frankreich,1996-02-29,1.75,Linksaußen,
326458,Lewis Tavares,Frankreich,1996-09-07,1.79,Mittelstürmer,6.7221584
254972,Linus Obexer,Schweiz,1997-06-05,1.77,Linker Verteidiger,
127073,Lionel Zouma,Zentralafrikanische Republik,1993-09-10,1.9,Innenverteidiger,
1376124,Livio Suriano,Italien,2007-11-15,1.78,Zentrales Mittelfeld,
413360,Loan Grumser,Schweiz,1998-07-27,,Innenverteidiger,
909830,Loan Mathieu,Schweiz,2002-03-04,,Defensives Mittelfeld,
1133845,Loan Rragamaj,Schweiz,2006-08-06,,Defensives Mittelfeld,6.811916
1067440,Lohan Rossinelli,Schweiz,1999-05-01,,Linkes Mittelfeld,
413604,Loran Shehu,Schweiz,1996-11-25,1.81,Offensives Mittelfeld,
1145759,Lorent Hoda,Schweiz,2007-02-19,1.86,Defensives Mittelfeld,6.6983843
464408,Lorenzo Avitabile,Schweiz,1997-09-10,,Linker Verteidiger,
864381,Lorenzo Bittarelli,Schweiz,2005-02-21,1.79,Rechter Verteidiger,6.79779
1086532,Lorik Berisha,Schweiz,2006-06-10,,Linker Verteidiger,6.695924
1195742,Lorin Schmidli,Schweiz,2004-11-09,,Linker Verteidiger,
1186285,Loris Diniz,Schweiz,2007-08-18,,Linker Verteidiger,
801971,Loris Giordano,Schweiz,2001-06-06,,Linkes Mittelfeld,
1171520,Louis Philippin,Schweiz,2007-10-09,,Torwart,
1206410,Louis Rieder,Schweiz,2003-06-13,,Torwart,7.0162554
943351,Loïc Albrecht,Frankreich,1997-09-30,,Innenverteidiger,
274377,Loïc Funcasta,Schweiz,1990-04-23,,Innenverteidiger,6.802427
443419,Loïc Jacot,Schweiz,1999-10-07,1.91,Torwart,
515435,Loïc Sauthier,Schweiz,1996-10-13,,Rechter Verteidiger,
1071955,Luc Essiena,Frankreich,2004-08-10,1.76,Zentrales Mittelfeld,
700277,Luc von Ballmoos,Schweiz,2003-09-04,,Mittelstürmer,
697960,Luca Alessi,Italien,2003-03-31,,Innenverteidiger,
815751,Luca Alonso,Schweiz,2002-01-11,,Mittelfeld,
1080670,Luca Cassiano,Schweiz,1990-09-07,,Torwart,
1404908,Luca De Piante,Schweiz,2007-11-18,,Rechter Verteidiger,6.7235103
606011,Luca Ducoli,Schweiz,2001-09-11,,Mittelfeld,
625791,Luca Frangioni,Schweiz,2002-12-17,1.9,Torwart,
249735,Luca Micheli,Italien,1993-12-13,,Rechter Verteidiger,
862741,Luca Otero,Spanien,2004-03-16,,Offensives Mittelfeld,
1272733,Luca Pappalardo,Italien,2008-01-16,,Torwart,
1291127,Luca Pogaci,Rumänien,2005-10-07,,Mittelfeld,
696919,Luca Pucci,Italien,1997-12-03,,Linkes Mittelfeld,
1208421,Luca Razzano,Schweiz,2003-10-04,,Mittelfeld,
1076695,Lucas Billet,Frankreich,1998-12-18,1.79,Offensives Mittelfeld,7.095933
1133871,Lucas Fernandes Fonseca,Brasilien,2000-02-24,,Abwehr,
1063754,Lucas Gonin,Schweiz,2001-01-11,,Torwart,7.074482
1262832,Lucas Longchamp,Schweiz,2006-07-24,,Mittelfeld,
1059926,Lucas Nicolier,Schweiz,2000-11-04,,Mittelstürmer,
792062,Lucas Valle,Schweiz,1999-11-15,1.88,Zentrales Mittelfeld,6.79082
899811,Lucas Vilar Rodrigues,Portugal,2005-10-21,1.67,Defensives Mittelfeld,
473194,Lucca Fryand,Schweiz,1999-01-23,,Offensives Mittelfeld,6.7026305
449353,Lucien Dähler,Schweiz,2001-03-22,1.78,Rechter Verteidiger,
464441,Ludovic Planchamp,Schweiz,2001-04-09,,Torwart,
1140537,Ludovic Rapin,Schweiz,2005-08-31,,Abwehr,
901664,Luis Almeida,Portugal,2002-02-06,,Linkes Mittelfeld,
324531,Luis Rodrigues De Sousa,Portugal,1996-12-07,,Defensives Mittelfeld,
707697,Luka Stanojevic,Schweiz,2003-06-01,,Innenverteidiger,
810966,Luís Afonso,Portugal,2004-02-13,,Innenverteidiger,
1008869,Lyuboslav Stoyanov,Bulgarien,1998-07-22,1.86,Torwart,
1043605,Léo Bitterli,Schweiz,2003-04-14,,Defensives Mittelfeld,6.8827353
597233,Léo Dangi,Schweiz,1999-12-12,1.86,Innenverteidiger,6.8358755
389102,Léo Morax,Schweiz,1997-07-17,,Innenverteidiger,
145415,Léo Richard,Schweiz,1992-04-20,,Torwart,
313097,Léo Seydoux,Schweiz,1998-03-16,1.74,Rechter Verteidiger,
530819,Léo Würsten,Schweiz,1999-04-28,,Innenverteidiger,6.813912
917936,Lévi Sanches,Frankreich,2000-09-30,,Zentrales Mittelfeld,
800261,Madjid Mebrak,Frankreich,1993-02-12,1.75,Mittelstürmer,
1389670,Mael Bachmann,Schweiz,2007-08-08,,Rechter Verteidiger,
343064,Magnus Grødem,Norwegen,1998-08-14,1.93,Mittelstürmer,
669929,Mahamadou Tounkara,Mali,2000-03-23,1.75,Defensives Mittelfeld,
926334,Mahamat Thiam,Tschad,2001-09-15,1.95,Defensives Mittelfeld,
592977,Maka Gakou,Frankreich,2000-03-17,1.88,Linker Verteidiger,
839103,Mala Baro,Frankreich,2000-03-22,1.77,Defensives Mittelfeld,
1177478,Malek Ishuayed,Schweiz,2007-03-16,1.8,Linkes Mittelfeld,6.8285856
249728,Malick Gehri,Schweiz,1991-03-30,,Offensives Mittelfeld,
633972,Malik Sawadogo,Schweiz,2003-07-12,1.75,Linker Verteidiger,
807597,Malsor Krasniqi,Schweiz,2004-10-09,1.75,Zentrales Mittelfeld,6.7265415
1316055,Mamadou Diedhiou,Senegal,1996-02-05,,Torwart,
991363,Mamadou-Lamine Camara,Frankreich,1997-11-23,,Zentrales Mittelfeld,6.8902364
700278,Manuel Escher,Schweiz,2003-04-02,,Torwart,
472072,Manuel Montani,Schweiz,1999-10-23,,Mittelfeld,
147175,Manuel Mvuatu,Angola,1988-09-30,2.02,Mittelstürmer,
904756,Manuel Zbinden-Vrba,Schweiz,2002-06-23,1.77,Linksaußen,
586016,Mar Ba,Senegal,1998-08-31,,Zentrales Mittelfeld,
454471,Marc Aebischer,Schweiz,1998-05-06,,Zentrales Mittelfeld,
660514,Marc Gutbub,Schweiz,2003-02-04,1.84,Rechtsaußen,
1243925,Marc Lavanchy,Schweiz,2006-11-30,,Torwart,
1082254,Marc Lawson,Deutschland,2004-06-21,,Rechter Verteidiger,
357858,Marc Tsoungui,Schweiz,2002-07-30,1.82,Linker Verteidiger,
189066,Marc Ummel,Schweiz,1992-10-27,1.88,Torwart,
20192,Marcello Corcetto,Italien,1983-08-14,1.84,Abwehr,
1275675,Marco Ehrbar,Schweiz,2005-12-05,,Torwart,
61477,Marco Gabriele,Schweiz,1990-02-02,1.71,Offensives Mittelfeld,
979338,Marco Grossi,Italien,2003-03-18,1.82,Rechter Verteidiger,
620828,Marco Isenschmid,Schweiz,2002-07-20,,Defensives Mittelfeld,
258300,Marco Le Rose,Schweiz,1997-01-07,,Mittelstürmer,
677426,Marco Oliveira Correia,Portugal,2001-03-06,,Defensives Mittelfeld,
537826,Marco Pagliuca,Schweiz,2000-08-08,,Innenverteidiger,
1015818,Mardochée Miguel,Schweiz,2007-05-22,1.8,Linksaußen,6.934183
711192,Marie Dan Ben El,Schweiz,2001-04-01,1.85,Mittelstürmer,6.7980833
284557,Mario Papa,Argentinien,1991-09-28,,Innenverteidiger,
807854,Marlon Oliveira da Veiga,Portugal,2004-09-18,,Rechtes Mittelfeld,6.674408
256467,Maro Bonsu-Maro,Cookinseln,1997-02-26,1.78,Mittelstürmer,
290021,Martin Liechti,Schweiz,1998-05-21,1.76,Rechtes Mittelfeld,
633866,Martin Mivelaz,Schweiz,2001-12-11,,Rechter Verteidiger,
88287,Martinho Ambrosio,Guinea-Bissau,1990-03-24,,Linkes Mittelfeld,
1202757,Martín Rodríguez,Kuba,2005-08-31,1.87,Mittelstürmer,
590425,Marvin Dos Santos,Schweiz,1994-09-05,,Linker Verteidiger,
1034003,Marwan Zilofo,Madagaskar,2002-06-15,1.84,Zentrales Mittelfeld,
365095,Massimo Comisetti,Schweiz,2000-04-29,,Innenverteidiger,
451462,Mateo Bozic,Schweiz,1998-02-06,1.78,Innenverteidiger,
1056883,Mateo Schütz,Schweiz,2005-12-24,,Torwart,
1304937,Mathias Gérard,Schweiz,2005-07-09,,Zentrales Mittelfeld,
531700,Mathias Kohler,Schweiz,1999-01-31,,Rechter Verteidiger,
1052717,Mathias Krohnstad,Norwegen,2005-11-05,,Mittelfeld,
463608,Mathieu Gonçalves,Frankreich,2001-06-08,1.78,Linker Verteidiger,
160454,Mathieu Granjon,Frankreich,1984-01-17,,Innenverteidiger,
86854,Mathieu Metafuni,Italien,1989-10-16,,Torwart,
538637,Mathieu Nigro,Schweiz,1999-04-17,,Offensives Mittelfeld,6.7919483
696877,Mathieu Schlaefli,Schweiz,2001-03-10,,Linkes Mittelfeld,
1136222,Mathieu Vonnez,Schweiz,2007-03-20,,Zentrales Mittelfeld,6.7428374
1216900,Mathis Lefolle Soares,Frankreich,2005-09-16,1.83,Rechter Verteidiger,
1120054,Mathis Mukuna,Frankreich,2004-10-13,,Defensives Mittelfeld,
900211,Matias Hofmann,Schweiz,2005-05-28,1.83,Zentrales Mittelfeld,6.7773376
923053,Matis Delsaut,Frankreich,2005-06-01,,Linker Verteidiger,
1073415,Matisse Boyer,Frankreich,2001-08-22,,Mittelfeld,
5654,Matt Moussilou,Kongo,1982-06-01,1.82,Mittelstürmer,
233675,Matteo Bittarelli,Schweiz,2001-07-15,,Innenverteidiger,6.698605
625792,Matteo Cappucci,Schweiz,2002-02-06,,Zentrales Mittelfeld,
800362,Matteo Cusanno,Frankreich,1999-06-11,1.9,Innenverteidiger,
607917,Matteo De Bortoli,Schweiz,2001-02-28,,Zentrales Mittelfeld,
311427,Matteo Fanelli,Italien,2000-02-09,,Torwart,
925864,Matteo Fuscaldo,Italien,2005-02-25,1.96,Torwart,
1409241,Matteo Rota,Schweiz,2005-03-06,,Mittelstürmer,
862771,Matteo Schmid,Schweiz,2005-03-11,,Rechter Verteidiger,6.8382425
691437,Matteo Scotta,Schweiz,2001-03-09,,Innenverteidiger,
1012647,Matteo Zignani,Schweiz,2004-03-08,,Rechter Verteidiger,6.7399125
691724,Mattheo Lamy,Schweiz,2002-08-06,,Torwart,
1114866,Matthew Bowman,Schweiz,2003-05-02,1.88,Zentrales Mittelfeld,
445082,Matthieu Campini,Schweiz,1996-08-24,,Mittelfeld,
113068,Matthieu van der Laan,Schweiz,1984-07-29,1.93,Torwart,
905936,Mattia Isabella Valenzi,Schweiz,2003-02-17,,Innenverteidiger,
241108,Mattia Lovato,Italien,1992-04-01,,Innenverteidiger,
347104,Mattia Sestito,Schweiz,2000-03-16,,Linker Verteidiger,
1142760,Mattia Spichiger,Schweiz,2006-08-17,1.87,Torwart,
561390,Mattéi Bordée,Schweiz,2000-07-21,,Linker Verteidiger,
1295511,Mattéo Djoumgoué,Schweiz,2007-04-02,1.77,Rechtsaußen,
485398,Maurizio Palermo,Schweiz,1997-05-12,,Linker Verteidiger,
816697,Maxim Hodgson,Schweiz,2003-04-03,1.82,Rechter Verteidiger,
1228009,Maxim Popovic,Schweiz,2006-10-02,1.92,Mittelstürmer,
410821,Maxime Amey,Schweiz,2001-01-16,,Innenverteidiger,
907397,Maxime Benaros,Schweiz,1996-02-27,,Torwart,
907622,Maxime Brugnoni,Schweiz,1991-12-18,,Rechter Verteidiger,
697959,Maxime Carrizo,Schweiz,2003-10-27,,Linker Verteidiger,6.7163696
498689,Maxime Coelho,Schweiz,1995-11-06,,Torwart,
389745,Maxime David,Frankreich,1993-08-06,,Torwart,
411415,Maxime Marin,Frankreich,1996-07-05,1.84,Linker Verteidiger,
485851,Maxime Markovic,Schweiz,2000-01-26,1.82,Linker Verteidiger,6.8186374
928854,Maxime Meigniez,Schweiz,2005-11-26,,Innenverteidiger,6.7981505
1074135,Maxime Rall,Schweiz,2006-02-28,,Offensives Mittelfeld,
894261,Maxime Rouiller,Schweiz,2005-07-15,1.89,Torwart,
1261086,Maxime Valle,Frankreich,2004-09-28,,Zentrales Mittelfeld,6.802165
573120,Maël Graf,Schweiz,2000-05-14,,Linker Verteidiger,
698376,Maël Riberon,Frankreich,1999-11-12,1.84,Innenverteidiger,
603458,Maël Zybach,Schweiz,2001-03-26,1.8,Offensives Mittelfeld,
1058551,Maïone Mendy,Guinea-Bissau,1996-09-30,1.85,Mittelstürmer,6.7987347
655036,Medy Mabiala,Schweiz,1998-01-16,1.84,Innenverteidiger,
128464,Mehdi Benhaddouche,Frankreich,1991-03-29,1.76,Offensives Mittelfeld,
524270,Mehdi Boudiba,Algerien,1994-06-02,1.75,Mittelstürmer,
1028780,Mehdi Dan Galibali,Frankreich,2001-01-04,1.87,Zentrales Mittelfeld,
1121292,Mehdi Harakat,Frankreich,1994-07-14,,Mittelfeld,
284179,Mehdi Hassani,Frankreich,1991-11-21,,Linkes Mittelfeld,
271963,Mehdi Visentini,Schweiz,1990-12-15,1.77,Linker Verteidiger,
1140570,Melvin Vinluan,Philippinen,2006-01-22,,Innenverteidiger,
1235195,Melvyn Sprenger,Frankreich,2007-10-19,1.76,Linker Verteidiger,
254977,Mergim Tifeki,Kosovo,1997-08-01,1.75,Rechtes Mittelfeld,
590463,Meshar Arifi,Schweiz,1992-12-04,,Defensives Mittelfeld,
958475,Michael Borter,Schweiz,1995-11-13,,Rechtes Mittelfeld,
996681,Michael Goncalves,Schweiz,1995-01-08,,Torwart,
192475,Michaël Bleve,Schweiz,1992-04-30,,Rechtes Mittelfeld,
531572,Michaël Pasche,Schweiz,1996-08-07,,Rechter Verteidiger,
907394,Michaël Pegoraro,Schweiz,1993-10-05,,Rechter Verteidiger,
271127,Michaël Zippo,Schweiz,1996-11-05,,Innenverteidiger,
1012646,Mickael Bresson,Schweiz,2000-01-22,,Torwart,
1068721,Mickael Cazot,Frankreich,1996-10-31,,Mittelfeld,
992521,Mickael Ribeiro,Schweiz,2004-04-08,1.87,Linksaußen,
339035,Mickaël Mboli,Frankreich,1989-06-27,,Mittelstürmer,
33042,Migjen Basha,Albanien,1987-01-05,1.8,Defensives Mittelfeld,
589205,Miguel Artur,Portugal,1997-12-23,1.89,Innenverteidiger,6.821288
1005455,Miguel Martinez Pedreschi,Italien,1998-11-26,,Mittelstürmer,
507420,Mikael Barriviera,Schweiz,2002-05-26,,Rechtsaußen,
992904,Mikael Pereira,Portugal,2006-09-21,,Zentrales Mittelfeld,6.6986084
715292,Mike Niyibizi,Ruanda,2002-09-02,,Rechtes Mittelfeld,
1164821,Milan Reymond,Schweiz,2003-12-20,,Linksaußen,6.8396564
426889,Mileno Ribeiro,Schweiz,1997-05-07,1.8,Mittelstürmer,
901366,Miroslav Micic,Schweiz,1998-04-23,,Torwart,
507339,Mischa Eberhard,Schweiz,2002-04-11,1.73,Zentrales Mittelfeld,
706860,Mitchy Ntelo,Belgien,2001-05-04,1.88,Mittelstürmer,
452308,Mohamed Amelhaf,Frankreich,1997-11-25,1.8,Mittelstürmer,
1160971,Mohamed Ankouri,Frankreich,2003-11-02,,Rechtsaußen,
729455,Mohamed Bentahar,Frankreich,1994-02-17,1.88,Mittelstürmer,6.8453856
940401,Mohamed Ishuayed,Schweiz,2006-09-17,,Mittelstürmer,6.793298
333750,Mohamed Sabeg,Frankreich,1991-08-27,,Defensives Mittelfeld,
1080082,Mohammed Boutaleb,Frankreich,2000-04-23,,Rechtsaußen,6.7987986
404763,Moise Tsumbu,DR Kongo,1995-04-17,,Mittelstürmer,
1259719,Moran Schwab,Schweiz,2004-09-15,,Abwehr,
604561,Mouhamadoul Fall,Senegal,1994-08-15,,Offensives Mittelfeld,
727779,Moussa Traore,Mali,2004-09-24,,Linkes Mittelfeld,
70737,Muhamed Haliti,Schweiz,1989-10-21,1.77,Defensives Mittelfeld,
700282,Muhammad Al Kaabi,Irak,2003-03-11,,Zentrales Mittelfeld,
454481,Muhidin Becirovic,Bosnien-Herzegowina,1994-05-15,,Mittelstürmer,
1192772,Nabil Arrob,Italien,1999-10-27,,Innenverteidiger,6.787619
583032,Naftaly Fernando,Schweiz,2002-03-19,1.8,Zentrales Mittelfeld,
1310117,Nahil Mahi,Frankreich,2005-03-19,,Mittelstürmer,6.692536
252072,Nahuel Acosta,Schweiz,1994-06-30,1.77,Linkes Mittelfeld,
907624,Naim El Houss,Schweiz,1994-05-25,,Linker Verteidiger,
1179464,Naim Emini,Nordmazedonien,2004-08-15,,Mittelstürmer,6.841934
1091250,Naim Marhfouri,Schweiz,2006-01-25,,Innenverteidiger,
378930,Napo Arthur Ozouf,Togo,1995-12-27,,Defensives Mittelfeld,
1049775,Nassim Labet,Frankreich,2000-11-04,,Mittelfeld,
590852,Nassim Lankar,Frankreich,1998-02-15,1.83,Linksaußen,
426843,Natanael Martins,Portugal,1997-06-26,,Linksaußen,
1090712,Nathan Falconnier,Frankreich,2003-06-26,1.92,Innenverteidiger,6.8013616
992903,Nathan Pasquier,Schweiz,2006-09-09,1.87,Mittelstürmer,6.7051015
710743,Nathan Schmidli,Schweiz,2000-11-10,,Mittelfeld,
1082253,Nathanaël Tandu,Schweiz,2004-09-14,,Torwart,
630669,Nazmi Brahimi,Kosovo,2001-01-25,,Innenverteidiger,
252086,Ndiaw Ndiaye,Senegal,1994-02-06,,Mittelstürmer,
1177906,Nelson Savonnier,Schweiz,2008-02-28,,Innenverteidiger,6.795147
942014,Nemanja Rasipanov,Serbien,2005-04-27,,Abwehr,
807603,Nevio Biner,Schweiz,2006-08-17,1.87,Innenverteidiger,6.8035803
862763,Nevio Welschen,Schweiz,2005-02-28,,Offensives Mittelfeld,
1080020,Nexhat Celiku,Frankreich,2006-05-25,,Sturm,
410634,Nias Hefti,Schweiz,1999-09-18,1.75,Linker Verteidiger,
700231,Nic Wüthrich,Schweiz,2003-02-10,,Innenverteidiger,
804782,Nick Rolli,Schweiz,2004-09-29,,Torwart,
694843,Nico Gautschi,Schweiz,2003-04-09,,Innenverteidiger,
111458,Nico Zwimpfer,Schweiz,1993-07-06,,Defensives Mittelfeld,
357301,Nicola Colaci,Schweiz,2001-11-24,,Linkes Mittelfeld,6.7971387
696923,Nicolas Bovey,Schweiz,1996-06-19,,Torwart,
389791,Nicolas Danizan,Frankreich,1987-06-15,1.78,Zentrales Mittelfeld,
395243,Nicolas Fontaine,Madagaskar,2000-02-07,1.75,Linksaußen,
917182,Nicolas Hählen,Schweiz,2003-11-01,,Zentrales Mittelfeld,
1135836,Nicolas Juon,Schweiz,2007-08-13,,Torwart,7.0801296
1297350,Nicolas Le Metayer,Frankreich,1996-09-09,1.84,Innenverteidiger,
1208619,Nicolas Martig,Schweiz,2005-03-18,,Offensives Mittelfeld,6.8705053
533594,Nicolas Otranto,Schweiz,2000-10-01,,Linker Verteidiger,
696267,Nicolas Schneuwly,Schweiz,2000-06-23,,Offensives Mittelfeld,
284300,Nicolas Virchaux,Schweiz,1995-01-30,1.95,Innenverteidiger,
1137600,Nike Roten,Schweiz,2004-04-02,,Torwart,
1120682,Nikola Bogeski,Schweiz,2001-12-29,,Defensives Mittelfeld,
61480,Nikola Jaksic,Schweiz,1981-11-18,1.8,Torwart,
1019578,Nikola Patkovic,Serbien,1995-05-29,,Innenverteidiger,6.850549
921613,Nils Cattin,Italien,2004-08-09,,Linker Verteidiger,6.8136477
1145252,Nino Blatter,Schweiz,2006-08-03,,Rechter Verteidiger,
1060665,Nino Salerno,Schweiz,2002-12-16,,Torwart,
421794,Nino Ziswiler,Schweiz,1999-10-23,1.88,Torwart,
1182643,Noa Gottraux,Schweiz,2006-02-04,1.82,Rechter Verteidiger,
1111702,Noah Ato-Zandanga,Zentralafrikanische Republik,2003-07-05,1.81,Linker Verteidiger,
526868,Noah Bregy,Schweiz,2000-09-10,,Torwart,
807601,Noah Cuesta,Schweiz,2004-04-20,,Mittelfeld,
507336,Noah Delacombaz,Schweiz,2002-09-26,,Linksaußen,
862753,Noah Grognuz,Schweiz,2005-10-27,1.87,Innenverteidiger,
1060666,Noah Lokengi,DR Kongo,2003-05-23,,Defensives Mittelfeld,
917066,Noah Murith,Schweiz,2004-06-23,,Innenverteidiger,
310766,Noah Schwengeler,Schweiz,2001-08-12,,Torwart,
804790,Noah Zollner,Deutschland,2004-09-05,,Rechter Verteidiger,6.655238
1126081,Noam Oukerimi,Frankreich,2003-06-11,,Sturm,
1303654,Noe Linder,Schweiz,2008-04-26,,Mittelstürmer,6.686682
1059692,Noel Hofer,Schweiz,2004-08-11,1.9,Rechtsaußen,6.7508054
605977,Nolan Berdayes Marques,Schweiz,2000-10-05,,Offensives Mittelfeld,6.851766
625762,Nolan Doutaz,Schweiz,2002-05-28,1.78,Defensives Mittelfeld,6.8162694
541072,Nolan Golay,Schweiz,2001-04-04,1.78,Rechter Verteidiger,
443417,Nolan Salvi,Schweiz,2000-10-30,,Torwart,
802326,Nolan Toitot,Schweiz,2000-05-13,,Linker Verteidiger,
1145225,Nolann Ciancio,Schweiz,2006-07-27,,Rechter Verteidiger,
244644,Nosayaba Seth Howard,Nigeria,1994-05-21,,Rechter Verteidiger,
926359,Noé Messin,Frankreich,1999-12-18,,Mittelstürmer,6.7851825
1052713,Noé Rapo,Schweiz,2005-02-18,,Torwart,
696925,Noé Rossinelli,Schweiz,2001-06-13,,Innenverteidiger,
1020796,Numa Doutaz,Schweiz,2004-09-03,1.81,Rechter Verteidiger,6.7851696
667484,Nuno Ramos,Portugal,1996-01-11,1.82,Innenverteidiger,
805775,Néhémie Daniel,Schweiz,2004-05-21,,Rechtes Mittelfeld,
539290,Nélio Cordova,Portugal,1999-07-20,,Linksaußen,6.8396564
363109,Odilon Da Cruz,Schweiz,1996-04-16,,Linker Verteidiger,
532836,Olivier Paltenghi,Schweiz,1994-03-18,,Offensives Mittelfeld,6.8777685
774767,Olivier Picabea,Madagaskar,2003-05-10,,Rechtsaußen,
792278,Omer Bulur,Frankreich,1995-01-02,1.77,Defensives Mittelfeld,
284505,Orane Ferrillo,Schweiz,1995-04-03,,Linker Verteidiger,
698227,Oscar Cavazzana,Schweiz,2003-01-24,,Rechtsaußen,
1473551,Oscar Golaz,Schweiz,2007-07-20,,Mittelstürmer,6.69975
507489,Oscar Wieland,Schweiz,2001-03-02,,Linker Verteidiger,6.816951
1135134,Osejie Tissières,Schweiz,2006-08-29,,Mittelfeld,
157994,Osni Mutombo,Schweiz,1992-12-13,1.83,Torwart,
186637,Oumar Diop,Guinea,1992-11-12,1.83,Defensives Mittelfeld,
720740,Oupoh Maxime Nagoli,Elfenbeinküste,2000-12-20,1.9,Torwart,
866163,Owe Bonyanga,DR Kongo,1999-01-10,1.83,Mittelstürmer,7.2580657
438842,Pajtim Mazreku,Kosovo,1990-05-02,,Innenverteidiger,6.8532376
1303960,Papa Magueye Gaye,Senegal,2006-05-15,,Mittelstürmer,
806334,Patrice Julan,Schweiz,1994-11-02,1.88,Zentrales Mittelfeld,
191496,Patrick Dos Santos,Kap Verde,1991-10-17,,Rechter Verteidiger,
209830,Paul Herman,Schweiz,1992-09-20,,Linker Verteidiger,
725279,Paul Mory Chanut,Frankreich,2004-01-05,,Defensives Mittelfeld,6.712235
192684,Paul Pasquier,Schweiz,1991-04-21,,Rechter Verteidiger,
160459,Paul Pilloud,Frankreich,1984-10-18,,Defensives Mittelfeld,
1135133,Paulo Furtado,Portugal,2005-12-13,,Zentrales Mittelfeld,6.8114944
1051616,Pedro Dias Rosende,Portugal,2003-12-17,,Zentrales Mittelfeld,6.8110332
978997,Pedro Guedes,Brasilien,1999-07-20,1.71,Hängende Spitze,
531631,Peter Siksik,Frankreich,1995-01-06,,Linker Verteidiger,
374887,Philemon Amougou,Kamerun,1995-03-26,1.82,Innenverteidiger,
331350,Philippe Blättler,Schweiz,1995-11-14,,Rechter Verteidiger,
986700,Pierre Bile,Kamerun,2003-03-15,,Zentrales Mittelfeld,
1133773,Pierre Muller,Schweiz,2003-03-03,,Torwart,
1290499,Pierre-Louis Minlo,Frankreich,2003-08-11,,Rechtsaußen,
507408,Qendrim Hajrullahu,Kosovo,2002-05-21,,Rechtsaußen,
590097,Qendrim Rizvani,Albanien,2001-06-14,1.81,Linker Verteidiger,
467128,Qendrim Salihi,Schweiz,1998-08-19,,Rechter Verteidiger,
586974,Qlirim Bilalli,Schweiz,1999-06-18,,Zentrales Mittelfeld,
808855,Quentin Hocini,Frankreich,1998-01-09,1.85,Torwart,7.1241307
363110,Quentin Hornung,Schweiz,1996-11-07,,Offensives Mittelfeld,
147117,Quentin Rushenguziminega,Ruanda,1991-11-13,1.84,Mittelstürmer,
429804,Quentin Zongo,Frankreich,1997-10-06,,Mittelstürmer,
284276,Rafael Pereira,Portugal,1995-05-07,,Rechter Verteidiger,
262125,Raffael Köppel,Schweiz,2000-06-19,,Innenverteidiger,
355440,Raffi Kaya,Frankreich,1994-06-08,,Linker Verteidiger,6.7646503
388219,Rafik Khelil,Frankreich,1999-10-17,,Zentrales Mittelfeld,6.8593287
300310,Rami Belhaj Salem,Tunesien,1994-02-07,,Rechter Verteidiger,
838961,Rami Mjalli,Libanon,2003-10-15,,Torwart,
1030059,Raouti Benaziza,Frankreich,1995-04-25,,Rechtes Mittelfeld,
691438,Raphael Boulat,Frankreich,2001-02-03,,Linkes Mittelfeld,
1296502,Raul Catiane,Spanien,2006-11-09,,Rechtes Mittelfeld,6.701248
1257015,Rayan Djahl,Algerien,2006-07-12,,Linksaußen,6.742086
1080033,Rayan Gauderon,Schweiz,2002-12-15,,Abwehr,
1238002,Rayan Lebet,Schweiz,2004-08-02,,Mittelfeld,
927350,Rayan Ouchard,Schweiz,2005-09-28,,Rechter Verteidiger,6.8669868
807604,Rayan Stoll,Schweiz,2006-03-19,1.83,Mittelstürmer,
1065118,Regize Canistan,Sri Lanka,1997-03-25,,Linkes Mittelfeld,6.7862926
370995,Reian Meddour,Belgien,1998-01-23,1.79,Rechter Verteidiger,
494434,Remy Mendes,Kap Verde,1998-04-08,,Innenverteidiger,
183017,Ricardo Da Costa,Schweiz,1993-08-26,1.66,Offensives Mittelfeld,6.6915865
901359,Ricardo Miguel Pereira De Sousa,Portugal,1978-09-15,,Torwart,
931990,Ricardo Piedade,Portugal,2004-01-12,,Innenverteidiger,6.81035
1016905,Riccardo Maserati,Italien,2006-09-04,,Innenverteidiger,6.6946726
1254690,Ricos Nsimgi,Angola,2003-12-14,,Linkes Mittelfeld,
439471,Ridvan Hysenaj,Kosovo,1998-08-10,1.72,Mittelstürmer,
526867,Robbie Kituka,Frankreich,1999-02-21,,Mittelstürmer,
284700,Robert Porchet,Schweiz,1990-05-07,,Torwart,
284789,Roberto Elefante,Italien,1986-04-20,,Innenverteidiger,6.8156543
905935,Roberto Ferreira,Portugal,1999-01-09,,Mittelfeld,
1027989,Roberto Verardo,Italien,1989-09-25,,Sturm,
334642,Robin Donnet,Schweiz,1995-04-30,,Zentrales Mittelfeld,
904746,Robin Ucar,Schweiz,2002-05-22,,Linker Verteidiger,
620826,Rodrick Sumbula,Angola,2002-10-25,,Offensives Mittelfeld,
1406847,Rodrigo Costa,Schweiz,2005-02-22,,Mittelstürmer,6.7387815
515409,Roger Looga,Kamerun,1991-07-30,,Linkes Mittelfeld,
28913,Roland Müller,Philippinen,1988-03-02,1.8,Torwart,
147052,Roland Ndongo,Schweiz,1994-10-11,1.72,Rechtes Mittelfeld,6.891942
191478,Romain Derivaz,Schweiz,1992-12-05,,Mittelstürmer,
954133,Romain Gaud,Schweiz,2006-02-14,1.87,Innenverteidiger,6.7472143
1043548,Romain Lucet,Schweiz,2004-03-26,,Mittelfeld,
334079,Romain Salamin,Schweiz,,,Torwart,7.1149225
917477,Romain Vouilloz,Schweiz,2002-10-31,,Mittelstürmer,
1015814,Romeo Philippin,Schweiz,2007-05-14,1.77,Linker Verteidiger,
708444,Romeu Gomes Navalho,Schweiz,2003-05-30,1.66,Mittelstürmer,
203345,Romuald Lacazette,Saint-Martin,1994-01-03,1.75,Zentrales Mittelfeld,
340531,Ronaldo Tavares,Portugal,1997-07-22,1.94,Mittelstürmer,
1198635,Roshan Nallathamby,Schweiz,2002-04-08,1.75,Linksaußen,
631116,Rrezart Kokollari,Nordmazedonien,2003-02-03,1.83,Offensives Mittelfeld,
927369,Ruben Londja,Schweiz,2006-06-10,1.93,Rechtsaußen,6.8913507
421822,Ruben da Mata,Schweiz,2000-01-07,,Rechtes Mittelfeld,
931683,Rui Schürch,Schweiz,2005-04-18,,Defensives Mittelfeld,
593265,Ryad Nadifi,Frankreich,1997-02-19,1.8,Defensives Mittelfeld,
992968,Ryan Alexandre,Slowakei,2006-07-09,,Innenverteidiger,
497897,Ryan Kasiala,Schweiz,1997-11-24,,Linkes Mittelfeld,
389095,Ryan Lucas,Frankreich,1995-09-12,1.8,Rechtsaußen,
1046522,Ryan Youssef,Schweiz,2007-03-22,,Mittelstürmer,
716218,Rémi Berkani,Schweiz,2001-05-17,1.8,Offensives Mittelfeld,6.715255
707536,Rémy Aubonney,Schweiz,2003-05-28,,Defensives Mittelfeld,
610680,Rúben Neves,Portugal,1994-07-10,1.85,Defensives Mittelfeld,
1233354,Sacha Denarie,Schweiz,2007-01-25,1.86,Mittelstürmer,6.744037
286867,Sacha Luwawa,Schweiz,1993-12-07,,Rechtes Mittelfeld,
1063665,Saeed Farkondeh,Iran,2001-05-27,,Torwart,7.0642824
1069450,Saikou Njie,Schweiz,2006-03-04,,Mittelstürmer,6.689666
907663,Sajjad Merchant,Schweiz,2002-01-16,,Torwart,
425541,Sakelis Pedro,Schweiz,1998-11-22,1.8,Mittelstürmer,
1007361,Sakir Yayla,Türkei,2003-03-22,,Defensives Mittelfeld,
575801,Salih Akyol,Frankreich,1998-09-02,,Mittelstürmer,
88360,Saliminah Galokho,Frankreich,1985-07-21,,Defensives Mittelfeld,
1283354,Samba Koné,Elfenbeinküste,2003-05-21,1.85,Defensives Mittelfeld,
996682,Sami Boni,Italien,2003-02-25,,Linksaußen,
432278,Samir Abdulkadir,Äthiopien,1997-08-11,,Rechter Verteidiger,
572728,Samir Benkreira,Frankreich,1994-05-05,,Rechtsaußen,
1044737,Samuel Coutinho,Schweiz,2005-05-04,,Linker Verteidiger,6.705755
357255,Samuel Ferreira da Silva,Schweiz,2001-12-23,1.81,Offensives Mittelfeld,6.8617725
233215,Samuel Gomariz,Frankreich,1988-04-24,1.8,Offensives Mittelfeld,
521609,Samuel Molina,Frankreich,1995-09-11,,Innenverteidiger,
436177,Samuel Nsenda,Frankreich,1998-11-03,,Offensives Mittelfeld,
625773,Samuel Pellegrini,Schweiz,2002-01-28,,Rechter Verteidiger,6.7838464
625772,Samuele Castiglione,Schweiz,2002-10-03,,Innenverteidiger,6.805667
1073418,Samuele Lippolis,Italien,1998-08-20,,Mittelstürmer,
716202,Santos Luindula,Angola,2002-12-28,,Rechtes Mittelfeld,
1135119,Santosh Bochatay,Schweiz,2005-09-08,,Mittelfeld,
901373,Sebastiao Manuel,Schweiz,2004-08-05,1.84,Linkes Mittelfeld,
697901,Sefer Nurshaba,Kosovo,1995-06-29,,Defensives Mittelfeld,
862768,Semon Alem,Eritrea,2005-01-01,,Linker Verteidiger,6.7612667
77845,Senah Mango,Togo,1991-12-13,1.84,Innenverteidiger,
288409,Serge Emptaz,Schweiz,1989-06-11,,Torwart,
389708,Sergio Nascimento Silva,Brasilien,1988-09-01,,Innenverteidiger,
1295521,Serigne Ngom,Senegal,2000-01-03,,Mittelstürmer,6.7329507
309969,Severin Ryf,Schweiz,1998-01-26,1.87,Torwart,
847262,Seydou Traoré,Elfenbeinküste,2004-12-05,1.85,Mittelstürmer,6.8015895
1114725,Seyf Toumi,Schweiz,2002-08-10,1.75,Rechter Verteidiger,6.7177486
902782,Shadi Tamba,Frankreich,2003-05-18,,Innenverteidiger,
1292045,Shahin Edougué,Schweiz,2005-05-26,,Linksaußen,6.9293404
994530,Sherif Gagigo,Frankreich,1998-01-20,1.8,Linksaußen,
274439,Shkelqim Vladi,Schweiz,2000-09-21,1.86,Mittelstürmer,
253077,Shkodran Muslija,Schweiz,1994-06-03,,Linkes Mittelfeld,
786097,Shkumbin Ramadani,Schweiz,2004-05-31,1.79,Mittelstürmer,
1205288,Shpresim Abazi,Serbien,2000-07-09,,Mittelfeld,
365121,Shpresim Fazlija,Schweiz,1997-03-08,,Linkes Mittelfeld,
660520,Sidiki Camara,Elfenbeinküste,2002-08-23,1.79,Zentrales Mittelfeld,
345128,Silas Cottier,Schweiz,1999-04-03,,Innenverteidiger,
373301,Silva,Brasilien,1995-09-07,1.83,Defensives Mittelfeld,
678848,Silva Luvualo Simao,Schweiz,2004-04-18,,Mittelstürmer,
608211,Silvano Lorenz,Schweiz,2002-01-28,,Offensives Mittelfeld,
1133868,Silvio Karly,Schweiz,2003-12-27,,Mittelfeld,
693996,Simon Brasey,Schweiz,1999-03-21,,Torwart,
1238001,Simon Fukami,Schweiz,2006-03-07,,Mittelfeld,
1054103,Simon Michellod,Schweiz,2003-06-24,,Torwart,7.016771
419654,Simon Taugwalder,Schweiz,1998-07-15,,Innenverteidiger,6.8293705
462948,Skander Agrebi,Tunesien,1993-01-26,,Defensives Mittelfeld,
430243,Sklkim Bajrami,Nordmazedonien,1987-12-06,,Linker Verteidiger,
244908,Sléo Freiburghaus,Schweiz,1996-07-23,1.88,Torwart,7.1112714
650301,Sofiane Dridi,Tunesien,1992-11-30,,Offensives Mittelfeld,
805085,Sofien Benbachir,Frankreich,1995-02-18,,Zentrales Mittelfeld,
786497,Sofyane Bouzamoucha,Frankreich,2000-05-10,1.84,Innenverteidiger,
521152,Sonny Escolano,Frankreich,1997-09-19,1.81,Mittelstürmer,
123028,Sonny Kok,Schweiz,1990-01-25,1.78,Mittelstürmer,6.8769755
1335140,Souhayl Rahmouni,Frankreich,2004-05-20,,Mittelstürmer,6.743848
866282,Souleymane N'Diaye,Schweiz,2005-11-01,1.89,Zentrales Mittelfeld,6.8099027
312302,Stefan Zbinden,Schweiz,1996-03-19,,Torwart,
247513,Stefane Rauti,Italien,1994-05-26,1.8,Defensives Mittelfeld,6.989936
285789,Stefano Protopapa,Italien,1995-12-17,,Rechtsaußen,
1120668,Stephan Horta,Schweiz,2002-03-11,1.8,Torwart,7.051239
334647,Stephane Gomes,Portugal,1996-05-02,1.8,Rechter Verteidiger,6.8291636
1043604,Stephane Iliev,Nordmazedonien,2002-04-06,,Abwehr,
439680,Stevan Jovanovic,Schweiz,1999-01-25,,Sturm,
136746,Steve Beleck,Kamerun,1993-02-10,1.87,Mittelstürmer,
369400,Steve Endrion,Schweiz,1996-01-17,,Linkes Mittelfeld,
603312,Steve Gomes,Schweiz,1998-02-09,1.88,Innenverteidiger,
608310,Steve Grand,Frankreich,1992-03-04,,Mittelstürmer,
691730,Steve Ngounou,Kamerun,1999-10-25,,Mittelstürmer,
247503,Steve Saffioti,Italien,1994-01-03,,Torwart,7.099416
284800,Steve Samandjeu,Frankreich,1988-03-08,1.92,Linker Verteidiger,
340997,Steven Bernard,Schweiz,1997-10-18,,Rechter Verteidiger,
802681,Steven Crolet,Frankreich,1996-01-05,1.83,Innenverteidiger,
841104,Steven Leblanc,Französisch-Guayana,2001-09-24,,Defensives Mittelfeld,
149528,Stevo Gasic,Schweiz,1991-05-19,,Zentrales Mittelfeld,
603339,Stéphane Chattot,Schweiz,1996-10-24,,Torwart,
507467,Stéphane Cueni,Kap Verde,2001-03-14,1.8,Zentrales Mittelfeld,
247916,Stéphane Pais,Schweiz,1991-05-16,,Zentrales Mittelfeld,
625790,Stéphane Traglia,Schweiz,2002-07-09,1.72,Rechtes Mittelfeld,
1288090,Sulaimon Ogunleye,Nigeria,2000-03-02,,Innenverteidiger,6.8953714
812773,Sullivan Lakhamy,Frankreich,1997-10-03,1.88,Mittelstürmer,
805766,Sven Cotting,Schweiz,2003-01-08,,Innenverteidiger,
666738,Sven Matti,Schweiz,2003-12-21,,Innenverteidiger,
1235194,Sylvain Djoho,Brasilien,2007-08-05,1.82,Linker Verteidiger,6.8246403
459842,Sébastian Breza,Kanada,1998-03-15,1.95,Torwart,
1268772,Sébastien Burgat,Schweiz,2005-07-15,1.8,Torwart,
524383,Sébastien Lachenal,Schweiz,1998-03-05,,Linkes Mittelfeld,
288854,Sékou Condé,Guinea,1993-06-09,1.92,Innenverteidiger,6.844289
562602,Sékou Coumare,Mali,1993-04-13,1.76,Mittelstürmer,6.762877
668941,Sékou Fofana,Frankreich,2003-03-25,1.78,Linker Verteidiger,
1250427,Taulant Lutfiu,Schweiz,2001-06-09,1.84,Innenverteidiger,
165507,Tchaing Da Silva,Schweiz,1994-02-28,1.78,Linksaußen,
532823,Tejsir Thaci,Kosovo,1997-06-05,1.74,Defensives Mittelfeld,
573943,Tenzin Subramani,Schweiz,1998-07-16,,Mittelfeld,
1073410,Theo Vincenti,Italien,1991-06-15,,Torwart,
147039,Thibault Constantin,Schweiz,1994-07-11,1.75,Mittelstürmer,6.762877
611247,Thibaut Bourrier,Frankreich,1995-09-27,,Offensives Mittelfeld,
1291811,Thierry Diatta,Senegal,2000-12-13,,Defensives Mittelfeld,6.883223
312056,Thomas Alonso,Schweiz,2000-04-06,,Linksaußen,6.673651
1171442,Thomas Cochard,Schweiz,2004-03-30,,Torwart,
608156,Thomas Girardi,Schweiz,2001-03-22,,Zentrales Mittelfeld,
1518341,Thomas Goddaert,Kanada,1999-12-01,,Torwart,7.048379
986871,Thomas Longué N'sombé,Frankreich,2004-02-09,1.78,Zentrales Mittelfeld,6.8738275
698225,Thomas Mizzi,Frankreich,2003-09-08,,Defensives Mittelfeld,
691416,Thomas Montanari,Schweiz,2000-11-28,,Abwehr,
467226,Thomas Nater,Schweiz,1996-11-19,,Zentrales Mittelfeld,
41751,Thomas Phibel,Guadeloupe,1986-05-21,1.92,Innenverteidiger,
514622,Thomas Philippin,Schweiz,2002-04-25,,Torwart,
353405,Thomas Richard,Frankreich,1997-03-21,1.74,Mittelstürmer,
1390922,Thomas Tornare,Schweiz,2006-11-18,,Abwehr,
526787,Théo Gabé,Frankreich,1993-12-02,1.78,Offensives Mittelfeld,
1132032,Théo Jacinto,Frankreich,2002-05-13,,Abwehr,
950150,Théo Largey,Schweiz,2003-12-26,,Torwart,7.0479302
1267374,Théo Moret,Schweiz,2008-04-28,,Mittelfeld,
1138284,Théodore Pizarro,Schweiz,2008-06-13,1.9,Torwart,
691221,Tiago Ensina,Schweiz,2000-09-22,,Rechter Verteidiger,
1453909,Tiago Nassunculo,Portugal,1999-05-20,1.86,Rechtsaußen,
675920,Tiago Reis Monteiro,Schweiz,1999-07-25,,Torwart,
1246610,Tiago Rizzo,Schweiz,2005-08-13,,Abwehr,
1075376,Tiberio Tufo,Italien,2001-01-03,,Mittelstürmer,
625785,Tilian Défontaine,Frankreich,2002-04-03,,Rechter Verteidiger,
1060594,Tim Crausaz,Schweiz,2006-03-23,,Defensives Mittelfeld,6.6934457
816725,Tim Hottiger,Schweiz,2005-03-24,1.91,Torwart,7.0890155
620833,Tim Jordi,Schweiz,2002-07-24,,Rechter Verteidiger,
1409281,Tim Krebs,Schweiz,2007-01-03,,Torwart,
1140554,Timo Almendinger,Schweiz,2001-12-20,,Abwehr,
390172,Timo Ribeiro,Portugal,1999-02-22,1.87,Defensives Mittelfeld,6.903885
1192961,Timothé Bauer,Schweiz,2007-08-25,1.74,Defensives Mittelfeld,
1028291,Timoté Rusca,Schweiz,2003-08-14,,Linker Verteidiger,
1301270,Titi Bangoura,Guinea,2001-11-19,1.7,Rechtsaußen,
1173327,Titouan Latiere,Frankreich,2003-02-07,,Zentrales Mittelfeld,6.9059787
660178,Tobias Bürgi,Schweiz,1998-04-08,,Innenverteidiger,
537822,Toby Larsen,England,2001-08-17,,Torwart,
757266,Toguim Maré,Belgien,1999-12-21,1.81,Zentrales Mittelfeld,
929053,Tom Boillot,Frankreich,2000-03-08,,Linker Verteidiger,6.839378
841098,Tom Bondon,Frankreich,1997-03-15,1.72,Zentrales Mittelfeld,
438825,Tom Gaillard,Schweiz,2001-03-05,,Linkes Mittelfeld,
1182783,Tomas Cobo Rivera Rivera,Spanien,2000-01-22,,Zentrales Mittelfeld,
925911,Tomás Martins,Portugal,2004-07-14,1.71,Rechtsaußen,6.7929707
476533,Tony Briançon,Frankreich,1996-03-13,1.85,Zentrales Mittelfeld,7.0129657
1064306,Tony Robert,Madagaskar,2003-10-22,1.8,Linker Verteidiger,6.782509
433254,Trae Coyle,England,2001-01-11,1.79,Linksaußen,
443421,Tristan Chavanne,Schweiz,1999-08-10,,Innenverteidiger,6.827185
991546,Tychique Ndilu,Schweiz,2004-08-11,,Mittelstürmer,
1145760,Tyron Ali Bin,Schweiz,2007-01-17,,Sturm,
344389,Tyron Zecchin,Schweiz,1998-08-02,1.85,Torwart,
913669,Téo Allix,Frankreich,2004-07-05,1.83,Innenverteidiger,6.877144
1292047,Téo Guereschi,Schweiz,2006-03-10,,Innenverteidiger,
715908,Ugur Sahin,Türkei,1996-12-25,,Torwart,
387777,Ulisse Mandiango,Schweiz,1995-04-19,,Rechter Verteidiger,
342114,Ulysse Ndong,Gabun,1992-11-24,1.75,Defensives Mittelfeld,
1396931,Valdrin Perret,Schweiz,2009-12-24,,Abwehr,
694288,Valdrin Salihu,Schweiz,2001-12-18,,Sturm,
927481,Valentin Carro,Schweiz,2005-04-04,,Linker Verteidiger,6.8323836
357043,Valentin Dupuis,Schweiz,1996-08-12,,Offensives Mittelfeld,6.858948
247917,Valentin Piot,Schweiz,1992-07-01,,Torwart,
671806,Valmir Matoshi,Schweiz,2003-07-04,1.84,Zentrales Mittelfeld,
262361,Vanza Mirphi Dimonekene,DR Kongo,1993-05-10,,Linker Verteidiger,
310361,Varol Tasar,Deutschland,1996-10-04,1.74,Rechtsaußen,
277397,Vasko Kalezic,Montenegro,1994-03-14,1.85,Linksaußen,
924437,Victoire Batantu,Frankreich,1999-12-13,1.86,Zentrales Mittelfeld,6.809574
1159641,Victor Bizimana,Schweiz,2007-01-29,1.75,Offensives Mittelfeld,6.9044304
449606,Victor Girod,Schweiz,1998-09-11,,Offensives Mittelfeld,
716186,Victor Gomes,Portugal,2000-12-05,,Zentrales Mittelfeld,
1047193,Victor Hermann,Schweiz,2005-10-26,,Abwehr,
1137566,Vincent Hofer,Deutschland,2005-02-25,,Mittelstürmer,6.8030095
610976,Vincent Villommet,Schweiz,1996-12-01,,Zentrales Mittelfeld,
603393,Vincenzo Piazzoni,Italien,2000-04-05,,Linkes Mittelfeld,
996594,Visar Aliji,Kosovo,2002-07-31,,Abwehr,
255997,Vitezslav Hrdlicka,Tschechien,1995-04-05,1.86,Mittelstürmer,
274416,Vito Preite,Schweiz,1993-07-16,,Rechter Verteidiger,
454476,Vitor Damasceno,Brasilien,1998-05-08,1.88,Linksaußen,
807083,Vitus Williner,Schweiz,2004-05-17,,Torwart,
1172277,Vllaznim Hasani,Schweiz,1997-10-05,,Mittelstürmer,6.7748756
711019,Vukasin Pavlovic,Schweiz,2001-06-13,,Zentrales Mittelfeld,
247738,Waidi Adam,Benin,1994-08-05,,Defensives Mittelfeld,
231365,Waldo Olivera,Chile,1989-09-25,,Innenverteidiger,
1239651,Walid Ait Maammar,Frankreich,2001-12-18,,Innenverteidiger,
926341,Walid Benbella,Frankreich,2001-04-18,1.74,Defensives Mittelfeld,
693995,Xavier Tshiboko,DR Kongo,1996-08-14,,Mittelstürmer,
618164,Yacine Nembot,Kamerun,2000-07-02,1.92,Zentrales Mittelfeld,
1310116,Yacine Oukadir,Frankreich,2006-11-08,,Mittelstürmer,6.667515
231692,Yamadou Keita,Mali,1989-10-16,1.78,Mittelstürmer,
88401,Yancoub Meité,Elfenbeinküste,1990-02-10,1.75,Zentrales Mittelfeld,
1060690,Yanis Arezki,Frankreich,1997-02-17,,Zentrales Mittelfeld,6.92593
805013,Yanis Benbekhti,Frankreich,1996-11-20,,Mittelfeld,
691512,Yanis Moussa,Frankreich,1996-03-27,,Mittelfeld,
938143,Yann Bery,Frankreich,2002-06-22,1.82,Mittelstürmer,
332444,Yann Goueguel,Frankreich,1986-12-12,1.83,Offensives Mittelfeld,
24689,Yann Jeanmonod,Schweiz,1976-04-01,1.83,Torwart,
43955,Yann Pedretti,Schweiz,1988-06-01,1.82,Linker Verteidiger,
1042958,Yann Pierroz,Schweiz,2001-05-25,,Abwehr,
1182782,Yann Tchamba Ndjike,Frankreich,2003-06-19,,Linkes Mittelfeld,
145412,Yannick Bovay,Schweiz,1990-06-09,,Defensives Mittelfeld,
901357,Yannick Cyprien,Frankreich,1991-12-04,1.85,Mittelstürmer,
603913,Yannick Schöni,Thailand,2002-06-26,,Torwart,
804783,Yannis Hossmann,Schweiz,2004-05-02,,Innenverteidiger,
537824,Yannis Vidakovic,Spanien,2000-12-02,,Zentrales Mittelfeld,
877352,Yassine Barbouchi,Frankreich,2000-06-07,1.84,Offensives Mittelfeld,
1390901,Yazid Harfi,Schweiz,1998-01-19,,Mittelfeld,
994235,Ylldrit Medziti,Schweiz,2002-12-27,1.8,Offensives Mittelfeld,6.8088512
1139017,Yllmir Duci,Schweiz,2005-10-18,,Mittelfeld,
800259,Yoan Vazquez,Schweiz,2001-09-01,,Mittelstürmer,
1019579,Yoann Freysinger,Schweiz,1992-06-16,,Mittelstürmer,
694291,Yoann Lachenal,Schweiz,2000-11-15,,Torwart,
691307,Yohan Bernard-Le,Frankreich,1999-11-04,1.63,Rechter Verteidiger,
691303,Yohan Collaud,Schweiz,1996-08-19,,Rechtes Mittelfeld,
925912,Yohan Franchi,Schweiz,2005-10-20,,Linker Verteidiger,
603459,Yohan Pitton,Schweiz,2001-01-28,,Zentrales Mittelfeld,6.8458533
390382,Yoram Teicher,Schweiz,1997-09-22,,Mittelstürmer,
940953,Younesse Sabri,Frankreich,1997-02-16,,Innenverteidiger,
413121,Yrlès Teoro-Kurzawa,Frankreich,1999-03-17,1.83,Innenverteidiger,
1060758,Yusef Massoud,Schweiz,1997-10-18,,Innenverteidiger,
1249991,Yusuf Karatepe,Frankreich,2004-03-31,,Mittelfeld,
1076426,Yvan Ndiesse,Kamerun,1995-11-06,,Innenverteidiger,
590314,Yves Botteron,Schweiz,1984-02-22,,Torwart,
436577,Zachary Diallo,Schweiz,2000-03-26,,Mittelstürmer,
813171,Zakaria Bengueddoudj,Frankreich,2000-02-21,1.83,Mittelstürmer,
902928,Zakaria Bensefia,Frankreich,1999-09-15,,Zentrales Mittelfeld,
1237920,Zoumana Sangare,Frankreich,2002-12-08,,Innenverteidiger,6.7693267
1177471,Émilien Ndjoko,Schweiz,2007-08-05,,Zentrales Mittelfeld,6.730954
524873,Abd-Allah Fahdy,Schweiz,1998-01-06,,Innenverteidiger,
598047,Abdoulhadri Sylla,Frankreich,1997-03-23,,Innenverteidiger,6.802295
939863,Abdourahmane Boiro Balde,Spanien,1999-06-23,,Mittelstürmer,6.74379
388693,Abdülhamid Sehsuvar,Nordmazedonien,1993-01-16,,Torwart,
1014915,Abel Yosief,Eritrea,2004-12-08,1.83,Mittelstürmer,
1245095,Abelon Berisha,Kosovo,2008-12-07,,Mittelfeld,
499345,Abiran Sambasivam,Schweiz,2002-01-12,,Linksaußen,6.806489
503518,Aboubakar Sidibé,Frankreich,1996-05-03,1.8,Rechtsaußen,
700569,Abraham Yeboah Boateng,Deutschland,2000-01-23,1.87,Mittelstürmer,6.743848
184203,Adijan Keranovic,Schweiz,1992-12-21,1.78,Zentrales Mittelfeld,6.868723
1409724,Adil Besirevic,Schweiz,2006-11-21,,Mittelfeld,
227972,Adilj Sejdiji,Nordmazedonien,1994-05-16,1.75,Mittelstürmer,
172996,Admir Seferagic,Schweiz,1994-10-27,,Mittelstürmer,
691020,Adonit Fetaj,Kosovo,2001-08-28,,Zentrales Mittelfeld,
1338237,Adriano Ricci,Schweiz,2008-01-25,,Abwehr,
335515,Adrien Bastian,Schweiz,1997-07-21,,Linker Verteidiger,
925159,Adrien Hushi,Schweiz,2004-11-22,1.84,Linker Verteidiger,6.8019767
244858,Adrien Jeker,Schweiz,1992-10-28,,Offensives Mittelfeld,6.8538275
1019720,Adrien Reber,Schweiz,1998-02-07,,Torwart,
66770,Agron Skeraj,Kosovo,1988-09-18,1.71,Linker Verteidiger,
1035389,Ahcène Amrani,Frankreich,1994-09-07,,Linker Verteidiger,
902908,Aimé Kusa Massa,DR Kongo,2003-12-10,,Linker Verteidiger,6.8356724
395699,Alan Dzabana,Frankreich,1997-03-25,1.71,Mittelstürmer,6.712311
809917,Alan Liechti,Schweiz,2004-07-05,,Torwart,
334620,Alan Nabarro,Brasilien,1991-01-07,1.74,Defensives Mittelfeld,6.821331
178270,Alassane Diaby,Elfenbeinküste,1992-07-29,1.77,Defensives Mittelfeld,6.8269196
128054,Alban Pnishi,Kosovo,1990-10-20,1.89,Innenverteidiger,6.8829346
237681,Alban Selmanaj,Schweiz,1997-04-19,1.86,Innenverteidiger,
1137939,Albert Kaba,Nordmazedonien,2004-03-09,,Mittelfeld,
1060501,Albin Vrangalla,Schweiz,2006-02-24,,Mittelfeld,
1466892,Albinot Shukolli,Italien,2004-09-14,,Abwehr,6.705243
372102,Aleandro Norelli,Italien,1996-06-09,1.84,Mittelstürmer,
341006,Aleandro Vera,Schweiz,2000-06-27,,Defensives Mittelfeld,
410890,Alejandro Garcia,Schweiz,1999-09-01,1.68,Zentrales Mittelfeld,
437360,Alejandro Scheifele,Schweiz,1999-07-07,,Torwart,
262093,Aleksandar Cvetkovic,Serbien,1995-06-04,1.88,Innenverteidiger,
925971,Aleksandar Pavlovic,Serbien,2005-01-03,1.72,Rechter Verteidiger,
255584,Aleksandar Rmuš,Schweiz,1994-08-20,1.84,Mittelstürmer,6.693103
1138629,Aleksandar Sekulic,Schweiz,2004-03-10,,Innenverteidiger,
916938,Aleksandar Trazivuk,Deutschland,2000-01-18,1.97,Torwart,7.0719423
659399,Alessandro Barletta,Schweiz,2003-01-09,1.75,Rechtes Mittelfeld,7.2864842
1236885,Alessandro Corbat,Schweiz,2006-05-30,,Defensives Mittelfeld,6.700063
526842,Alessandro Forte,Schweiz,2000-01-18,,Rechtsaußen,
608167,Alessandro Galeati,Italien,2001-11-14,,Rechter Verteidiger,
1335155,Alessandro Zoccali,Italien,2008-02-01,,Torwart,
1254085,Alessio Bochicchio,Schweiz,2003-01-26,,Rechter Verteidiger,
807945,Alessio De Pierro,Italien,2004-02-08,,Innenverteidiger,
629395,Alessio Milazzo,Schweiz,2003-03-21,1.85,Mittelstürmer,
949460,Alessio Pellegrino,Schweiz,2005-06-20,,Linkes Mittelfeld,
1061020,Alessio Zuccarella,Schweiz,2005-06-07,,Rechtes Mittelfeld,
931756,Alex Foti,Kamerun,1992-09-16,,Torwart,
201719,Alexander Srdic,Ungarn,1992-05-30,1.79,Rechtsaußen,
1144893,Alfons Ruedin,Schweiz,2007-06-12,,Torwart,6.9420013
363655,Ali Aliji,Schweiz,1997-06-10,1.8,Innenverteidiger,
907077,Ali Benelmir,Deutschland,2005-07-04,,Linker Verteidiger,6.729997
1276365,Aliou Niang,Schweiz,2007-05-08,,Innenverteidiger,6.6934147
600611,Allen Njie,Liberia,1999-07-26,1.85,Defensives Mittelfeld,
321693,Almedin Hodzic,Schweiz,1994-04-01,,Defensives Mittelfeld,6.915306
909829,Altin Bixhaku,Schweiz,2005-05-25,,Rechtsaußen,
1336451,Altin Kurtishaj,Schweiz,2008-03-13,1.78,Linksaußen,6.6804986
590386,Altin Xhemaili,Schweiz,2001-02-11,1.94,Torwart,
545150,Amadou Dioum,Frankreich,1995-02-15,1.89,Mittelstürmer,
431957,Amar Avdukic,Schweiz,1999-03-07,1.83,Mittelstürmer,
346892,Amel Rustemoski,Nordmazedonien,2000-07-06,1.85,Offensives Mittelfeld,6.9027653
106268,Amin Tighazoui,Marokko,1989-04-20,1.72,Rechtsaußen,
801732,Amine Hakkar,Frankreich,1996-01-22,,Offensives Mittelfeld,
1291903,Amir Maaroufi,Schweiz,2005-11-03,,Defensives Mittelfeld,
1346644,Amir Mohamed,Schweiz,2006-06-17,,Sturm,
1233980,Amr Khaled,Ägypten,2005-10-06,1.8,Rechtsaußen,
792494,Anatoliy Kozlenko,Ukraine,2002-05-31,1.93,Innenverteidiger,
234163,Andi Renja,Albanien,1993-01-06,1.78,Rechtsaußen,
1141028,Andrea Niederberger,Schweiz,1997-09-12,,Zentrales Mittelfeld,
620758,Andreas Mathis,Schweiz,2002-11-18,,Linker Verteidiger,
1049228,Andres Sandoval,Spanien,2000-10-01,,Linker Verteidiger,
901365,Andrin Schäfer,Schweiz,1997-10-06,1.9,Innenverteidiger,
15403,Andris Vanins,Lettland,1980-04-30,1.86,Torwart,
473640,Andronit Hasani,Schweiz,1998-07-31,,Torwart,
1139295,Andrus Häfelfinger,Schweiz,2007-03-30,,Torwart,
610195,André Imfeld,Schweiz,2002-08-27,1.85,Torwart,7.0898876
61743,André Santos,Portugal,1989-03-02,1.8,Defensives Mittelfeld,
1115094,Andrés Gutiérrez,Schweiz,2000-03-09,1.8,Offensives Mittelfeld,
243884,Andrés Zimmermann,Schweiz,1997-04-15,,Torwart,
151906,Anel Hodzic,Schweiz,1992-03-03,1.81,Mittelstürmer,
987584,Angel Zafirov,Nordmazedonien,1994-11-19,,Rechtes Mittelfeld,
950119,Ante Batinic,Kroatien,2001-11-02,,Mittelstürmer,
1400004,Anthony Boldini,Schweiz,2006-01-18,,Mittelfeld,6.686937
601057,Anthony Goelzer,Frankreich,1998-09-12,1.82,Linker Verteidiger,
284388,Anthony Gullo,Schweiz,1994-05-14,,Linksaußen,
1161302,Anthony Nagel,Schweiz,2007-01-03,1.96,Innenverteidiger,
1240767,Anto Franjic,Schweiz,2003-08-14,,Innenverteidiger,
63413,Anto Franjic,Schweiz,1987-07-15,1.82,Mittelstürmer,
291893,Antoine Rossé,Schweiz,1996-08-15,1.85,Mittelstürmer,6.783395
684195,Anton Marku,Schweiz,1995-06-09,,Mittelstürmer,
137517,Anton Sytnykov,Ukraine,1991-07-12,1.89,Torwart,
310058,Antonio Dragusin,Schweiz,1995-06-19,1.85,Innenverteidiger,
1190762,Antonio Lauria,Italien,2005-10-24,,Torwart,
298615,Araz Sadik,Schweiz,1998-03-05,1.78,Defensives Mittelfeld,
345891,Arbenit Kameraj,Kosovo,1998-03-04,1.77,Defensives Mittelfeld,6.841117
1173135,Arbin Adili,Kosovo,1998-02-24,,Innenverteidiger,
284807,Ardi Selmani,Schweiz,1995-06-05,,Linkes Mittelfeld,
1348685,Ardian Aziraj,Kosovo,2004-05-17,,Rechtsaußen,
345879,Ardit Kadrija,Albanien,1998-06-02,1.89,Innenverteidiger,6.797859
608172,Ardon Jashari,Schweiz,2002-07-30,1.81,Defensives Mittelfeld,
479267,Arianit Ajeti,Schweiz,1999-04-30,1.84,Innenverteidiger,
183257,Arianit Lazraj,Albanien,1993-03-28,1.85,Torwart,
295717,Ariel Jiménez,Dominikanische Republik,1991-10-21,,Torwart,
1191073,Arjanis Kovani,Kosovo,2006-01-17,,Linker Verteidiger,
862747,Arjanit Muji,Kosovo,2005-05-02,1.84,Mittelstürmer,6.756556
649750,Arlind Alioski,Nordmazedonien,2000-10-25,,Zentrales Mittelfeld,
633192,Arlind Gashi,Schweiz,2003-02-07,,Defensives Mittelfeld,
1164638,Arnold Kuepo,Deutschland,2003-09-17,,Mittelstürmer,
321141,Aron Preite,Italien,1997-11-29,1.9,Innenverteidiger,6.842795
991211,Aron von Holzen,Schweiz,2003-04-15,,Mittelstürmer,
168318,Artan Shillova,Albanien,1993-09-25,1.8,Linkes Mittelfeld,
507454,Ashvin Balaruban,Schweiz,2001-08-08,1.76,Linker Verteidiger,
1061023,Ashwin Sivananbu,Schweiz,2006-07-22,1.8,Linksaußen,6.772931
607318,Astrit Krasniqi,Schweiz,1996-10-17,1.72,Rechtsaußen,
591661,Astrit Kryeziu,Kosovo,1993-06-11,,Linker Verteidiger,
458483,Atdhe Gashi,Schweiz,1991-06-27,,Mittelstürmer,
604787,Atjon Thaqi,Schweiz,2003-08-21,,Rechtes Mittelfeld,
249602,Augustin Tanushaj,Schweiz,1992-07-24,,Linksaußen,
1151441,Aurel Reist,Schweiz,2007-05-08,,Innenverteidiger,
417906,Aurelio Currenti,k. A. k. A.,,,Sturm,
577921,Auron Brahimi,Schweiz,2002-08-31,1.75,Offensives Mittelfeld,
707756,Avdi Berisha,Schweiz,2003-01-28,,Zentrales Mittelfeld,
625763,Axel Chèvre,Schweiz,2002-12-07,,Innenverteidiger,
645533,Axel Gester,Frankreich,2000-08-07,,Defensives Mittelfeld,6.9135146
158652,Bajram Avdilji,Schweiz,1990-12-24,,Offensives Mittelfeld,
66226,Balu Ndoy,Schweiz,1981-11-18,,Mittelstürmer,
927394,Bardh Zymeri,Kosovo,2004-06-18,,Sturm,
1139285,Barham Mohammadian,Schweiz,2006-06-28,1.78,Innenverteidiger,
235474,Basil Gmür,Schweiz,1995-08-04,,Mittelstürmer,
479476,Basil Sinzig,Schweiz,1999-12-21,1.91,Torwart,
154497,Bastien Hulmann,Schweiz,1993-01-08,1.85,Zentrales Mittelfeld,7.028883
594717,Bastien Vitali,Schweiz,1998-07-06,1.8,Linker Verteidiger,
538623,Batuhan Eraslan,Schweiz,1999-05-04,,Hängende Spitze,
445550,Batuhan Karadeniz,Schweiz,1999-02-09,,Rechtes Mittelfeld,
499191,Batuhan Sevinc,Deutschland,2000-03-31,1.84,Innenverteidiger,
254984,Bavalan Baskar,Schweiz,2000-01-05,,Rechter Verteidiger,
825921,Bedran Bostan,Türkei,2000-09-16,,Linker Verteidiger,
286003,Belmin Mrkonja,Schweiz,1996-06-02,1.82,Innenverteidiger,
499197,Benjamin Gysin,Schweiz,2001-02-24,,Linker Verteidiger,6.795017
728342,Benjamin McCarthy,Schweiz,2004-08-22,,Innenverteidiger,6.746875
1176833,Benjamin Murati,Schweiz,2007-04-01,,Zentrales Mittelfeld,6.755394
157819,Benoît Barros,Frankreich,1989-08-06,1.78,Zentrales Mittelfeld,
1049512,Berdan Senyurt,Schweiz,2006-09-05,1.78,Linker Verteidiger,6.843695
344347,Berkant Eraslan,Schweiz,1997-05-21,,Zentrales Mittelfeld,
937781,Berkay Isiklar,Türkei,2002-09-18,,Linkes Mittelfeld,6.64653
310114,Besar Sejdini,Schweiz,2000-07-25,,Linker Verteidiger,
1135169,Besart Murina,Schweiz,2000-08-12,,Mittelfeld,
845817,Besir Jashari,Italien,2003-07-01,,Innenverteidiger,6.7335057
45224,Besnik Zukaj,Kosovo,1978-06-25,1.9,Torwart,
807972,Biyarritz Luisoni,Schweiz,2004-04-07,1.87,Linksaußen,
807968,Bjorn Bonthuis,Niederlande,2004-12-03,,Linker Verteidiger,6.7282352
922619,Blert Kastrati,Kosovo,2005-04-12,,Defensives Mittelfeld,
168981,Bojan Malbasic,Schweiz,1993-01-09,,Rechtsaußen,
389444,Bojan Saponja,Schweiz,1998-08-20,,Mittelstürmer,6.702323
310363,Bondoy Itoko,Schweiz,1998-05-07,,Linksaußen,
899441,Branislav Kukic,Schweiz,1997-09-04,,Innenverteidiger,
1523472,Brian Rodrigues Conceicao,Schweiz,1998-01-25,,Linker Verteidiger,6.609203
956935,Bruno Lopes,Portugal,1999-10-22,,Rechtsaußen,
728145,Bruno Müller,Deutschland,2002-08-26,,Mittelstürmer,6.7677712
600272,Bruno Rais,Schweiz,1991-07-22,,Rechter Verteidiger,
1074355,Bryan Corso,Schweiz,1999-10-26,,Mittelfeld,
991159,Bryan Huber,Schweiz,2006-06-06,,Torwart,
1061183,Bryan Polichetti,Schweiz,2005-08-02,1.78,Offensives Mittelfeld,
332807,Bryan Zola,Schweiz,1996-12-29,,Rechtes Mittelfeld,
916495,Bujamin Dzemailji,Serbien,1993-01-15,,Mittelstürmer,
620799,Bujar Ajeti,Schweiz,2002-07-07,,Linker Verteidiger,
667455,Burak Alili,Albanien,2004-02-11,1.82,Zentrales Mittelfeld,
1172276,Burim Shaqiri,Kosovo,2005-07-04,,Linksaußen,
1383697,Can Zulfi,Schweiz,2007-03-16,,Sturm,
802062,Carel Nguy,Schweiz,2002-09-18,,Linker Verteidiger,6.788514
1316181,Carlos Ramunno,Italien,2006-04-07,1.8,Mittelstürmer,
648194,Carua Nogueira,Brasilien,1999-01-03,,Linker Verteidiger,6.713496
243872,Cedric Haas,Schweiz,1997-02-26,,Linker Verteidiger,6.725397
498876,Cenk Fidan,Schweiz,1999-03-03,1.81,Torwart,7.041937
170554,Charlie Mobili,Frankreich,1994-08-19,,Offensives Mittelfeld,
245528,Chris Kaufmann,Schweiz,2001-02-01,,Offensives Mittelfeld,
32840,Christian Binde,Deutschland,1983-11-09,,Mittelstürmer,
707936,Christian D'Avolio,Italien,2003-03-29,,Torwart,
1038084,Christian Kouam,Belgien,2006-04-06,1.9,Defensives Mittelfeld,6.875203
374029,Christian Pfister,Schweiz,1998-12-11,,Linkes Mittelfeld,
1249450,Christian Romano,Italien,2003-11-08,,Mittelfeld,
1042420,Christian Schaad,Schweiz,1999-06-08,,Mittelfeld,
1176840,Christoffer Bopp,Schweiz,2007-01-12,,Innenverteidiger,6.7019277
388524,Christoph Frank,Schweiz,1999-11-17,,Defensives Mittelfeld,
1256940,Christopher García,Spanien,2004-07-28,,Zentrales Mittelfeld,
1385954,Ciwan Kantar,Schweiz,2007-08-29,,Zentrales Mittelfeld,6.852831
438998,Claudio Teixeira,Portugal,1998-07-13,,Linksaußen,6.980394
357257,Claudio Thalmann,Schweiz,1998-04-28,,Linker Verteidiger,
342062,Cleric Njau,Schweiz,1998-04-19,1.88,Innenverteidiger,6.828144
411234,Clirim Recica,Kosovo,1999-06-29,1.8,Rechter Verteidiger,
145329,Clément Mottaz,Schweiz,1993-09-11,,Innenverteidiger,6.8609138
693048,Colin Bucheli,Schweiz,1991-01-01,,Torwart,
572255,Colin Bähler,Schweiz,2002-01-17,,Torwart,
1058187,Corentin Zobenbuhler,Frankreich,1999-08-06,,Torwart,
993806,Cristian Galati,Schweiz,2006-08-22,,Torwart,
862740,Cristiano Schaub,Schweiz,2004-07-10,1.82,Zentrales Mittelfeld,
798718,Cyril Brunner,Schweiz,2003-01-10,,Linksaußen,
159616,Cyrill Gasser,Schweiz,1992-03-11,,Linkes Mittelfeld,
1445750,Cyrill Gehrig,Schweiz,2002-05-20,,Sturm,6.7422357
1342530,Cyrill Reber,Schweiz,2006-12-18,,Torwart,
355798,Cédric Gisler,Schweiz,1996-10-21,,Mittelstürmer,
692184,Cédric Künzli,Schweiz,2004-10-12,1.83,Torwart,
384869,Cédric Rihs,Schweiz,1996-09-17,1.7,Offensives Mittelfeld,6.771333
1296731,Cédric Sutter,Schweiz,2003-05-21,,Offensives Mittelfeld,6.7143464
916502,Cédrice Häfliger,Schweiz,1997-03-10,,Torwart,
86786,Dalibor Stojanov,Nordmazedonien,1990-02-12,1.77,Innenverteidiger,
861246,Damian Nigg,Schweiz,2005-04-12,1.78,Linksaußen,
263501,Damir Mehidic,Bosnien-Herzegowina,1992-01-07,1.89,Linker Verteidiger,6.8571486
802173,Damjan Simic,Schweiz,2001-07-04,,Innenverteidiger,6.8630257
1407493,Damjan Sucur,Schweiz,2004-05-10,1.94,Mittelstürmer,
68002,Daniel Babic,Schweiz,1987-11-06,1.83,Offensives Mittelfeld,
357250,Daniel Bétrisey,Schweiz,1997-04-27,1.77,Rechter Verteidiger,
1061001,Daniel Colanero,Italien,2005-08-17,,Mittelstürmer,
470558,Daniel Ferreira,Portugal,1996-11-30,1.9,Defensives Mittelfeld,
1413947,Daniel Kurowski,Polen,2006-10-22,,Torwart,
65425,Daniel Mumenthaler,Schweiz,1987-03-24,1.76,Innenverteidiger,
254971,Daniel Mzee,Schweiz,1997-06-10,1.79,Mittelstürmer,
1071791,Daniele Buchicchio,Schweiz,2001-03-28,1.87,Innenverteidiger,
165591,Danko Savanovic,Serbien,1993-07-07,1.96,Torwart,
740896,Daouda Diarra,Mali,1998-11-02,,Linker Verteidiger,
925201,Dardan Destani,Kosovo,2006-10-15,,Linksaußen,6.930558
363116,Dardan Mehmeti,Schweiz,1992-09-17,1.85,Mittelstürmer,
621570,Dardan Pajaziti,Schweiz,2001-01-14,,Mittelstürmer,6.677599
399406,Dardan Pnishi,Kosovo,1998-07-10,1.85,Innenverteidiger,
994474,Daren Wyss,Schweiz,2005-05-05,,Sturm,6.698918
807991,Dario Friedli,Schweiz,2004-10-07,,Rechter Verteidiger,
345880,Dario Kurmann,Schweiz,1998-10-18,,Innenverteidiger,
1008872,Dario Nef,Schweiz,2000-01-10,,Innenverteidiger,
386117,Dario Primus,Schweiz,1999-09-21,,Torwart,
1311939,Dario Romano,Italien,2007-01-22,,Torwart,
684838,Dario Schelbert,Schweiz,2003-09-10,,Defensives Mittelfeld,
796192,Dario Simmen,Schweiz,2001-09-04,1.75,Rechter Verteidiger,
905939,Dario Stadler,Schweiz,2002-11-04,1.85,Linkes Mittelfeld,
1130783,Darko Ristic,Serbien,2003-04-04,,Innenverteidiger,
1163656,David Deuber,Schweiz,2003-06-08,,Rechtes Mittelfeld,
1050927,David Dodaj,Schweiz,2003-08-27,,Innenverteidiger,6.791513
700276,David Drincic,Serbien,2003-05-18,,Zentrales Mittelfeld,
706614,David Moké,Frankreich,2000-08-10,1.8,Linksaußen,
515221,David Neto Dias,Schweiz,1999-11-23,,Linkes Mittelfeld,6.8546896
286021,David Rutz,Schweiz,1996-08-18,1.85,Rechter Verteidiger,
1058178,David Sarac,Deutschland,2004-01-10,1.82,Linker Verteidiger,
410809,David Schiesser,Schweiz,1999-04-06,,Torwart,
534822,David Stuber,Schweiz,2001-10-07,1.8,Innenverteidiger,6.7451487
128069,Davide D'Acunto,Deutschland,1990-10-01,1.7,Defensives Mittelfeld,
33521,Davide Palatucci,Italien,1987-08-17,1.69,Offensives Mittelfeld,
659394,Davor Mutabdzic,Deutschland,2003-11-28,,Rechtes Mittelfeld,6.890469
902704,Dawit Meier,Schweiz,2003-05-02,,Offensives Mittelfeld,
244474,Defrim Zeka,Kosovo,1994-07-12,,Rechter Verteidiger,
59232,Dein Barreiro,Schweiz,1986-12-10,,Linksaußen,6.8832903
471370,Dejan Grmaca,Kroatien,1990-01-17,,Torwart,
1190786,Dejan Subotic,Schweiz,1996-02-18,,Mittelstürmer,
152427,Demerali Saliu,Schweiz,1990-04-05,1.84,Defensives Mittelfeld,
159713,Deni Krleski,Nordmazedonien,1992-01-19,1.73,Mittelstürmer,
656291,Denis Gjokaj,Schweiz,2001-05-26,,Innenverteidiger,
588971,Denis Hrnjic,Schweiz,1993-07-19,1.85,Rechtsaußen,
922102,Denis Temelkov,Schweiz,2000-03-10,,Linksaußen,7.1074176
1282555,Denner Da Silva,Brasilien,2002-02-22,,Linksaußen,6.779652
714104,Dennis Boakye,Schweiz,2002-02-28,1.87,Innenverteidiger,6.8151374
244111,Deny Gomes,Schweiz,1994-12-06,,Mittelstürmer,
620838,Desty Silunzitisa,Kongo,2002-11-18,1.85,Linksaußen,
728151,Devran Şenyurt,Türkei,2004-08-22,1.78,Rechter Verteidiger,
1138628,Diamant Berisha,Schweiz,2002-04-02,1.92,Sturm,
962870,Diego Kälin,Schweiz,2006-06-11,1.84,Mittelstürmer,6.72819
932180,Diego Poloni,Schweiz,2006-03-13,,Linker Verteidiger,6.7653747
688607,Diego Schneider,Schweiz,2005-06-22,,Linker Verteidiger,
183328,Diego Zoller,Schweiz,1995-01-10,1.76,Offensives Mittelfeld,
1161286,Dijar Haziri,Kosovo,2007-01-08,,Linker Verteidiger,6.7535686
604512,Dilhan Karabacak,Frankreich,2003-04-28,,Offensives Mittelfeld,
143776,Dino Dizdarevic,Bosnien-Herzegowina,1989-09-02,,Linksaußen,
658107,Diogo Pinto,Portugal,2001-02-25,,Rechtsaußen,6.8901315
1348686,Dion Ramadani,Kosovo,2007-09-12,,Zentrales Mittelfeld,
235908,Dionys Stadelmann,Schweiz,1991-11-17,,Rechtes Mittelfeld,6.833352
964276,Dior Gerbovci,Kosovo,2006-02-22,1.75,Offensives Mittelfeld,6.669398
1190763,Djellon Shahini,Kroatien,2006-10-10,,Linksaußen,6.716659
354335,Djibril Diani,Frankreich,1998-02-11,1.95,Defensives Mittelfeld,
1333118,Dominic Beyeler,Schweiz,2006-05-23,,Mittelfeld,
330508,Dominic Stadelmann,Schweiz,1992-12-18,1.81,Torwart,
288348,Dominik Franke,Deutschland,1998-10-05,1.83,Linker Verteidiger,
335431,Dominko Radalj,Kroatien,1994-11-03,1.78,Offensives Mittelfeld,
1115677,Drazen Zdravkovic,Schweiz,2006-08-02,1.78,Offensives Mittelfeld,
1176829,Drin Lakna,Kosovo,2007-08-18,,Innenverteidiger,6.741603
1035315,Dwayne Wildhaber,Schweiz,2003-09-22,,Torwart,
1182698,Dylan Bruggmann,Schweiz,2008-11-04,,Sturm,
926401,Dylan Corminboeuf,Schweiz,2004-07-11,,Abwehr,
1190797,E. Glauser,k. A. k. A.,,,Torwart,
934054,Edi Hasani,Schweiz,2006-11-05,,Mittelstürmer,
401039,Edison Golaj,Schweiz,1997-12-25,1.78,Rechter Verteidiger,6.7973895
1151421,Edmir Dakaj,Kosovo,2007-03-06,1.84,Innenverteidiger,6.7414174
290030,Edmond Ramadani,Kosovo,1998-06-27,1.79,Linkes Mittelfeld,
1163700,Edmond Rexhepi,Kosovo,2007-01-15,,Torwart,
147056,Edmond Selmani,Schweiz,1994-07-31,1.76,Mittelstürmer,
499153,Edoardo Currenti,Italien,2000-04-14,,Torwart,
363207,Eduard Nikmengjaj,Kosovo,1994-11-10,,Linksaußen,
471923,Eduard Nikolla,k. A. k. A.,,,Abwehr,
1135176,Efe Güler,Schweiz,2004-01-20,1.76,Linksaußen,
1142757,Ege Güney Dikme,Türkei,2005-06-24,,Sturm,
494540,Egzon Havolli,Kosovo,2000-06-03,,Torwart,
572467,Egzon Jao,Italien,2000-04-26,,Defensives Mittelfeld,
248037,Egzon Ramadani,Schweiz,1993-01-05,,Innenverteidiger,
707628,Elan Raci,Schweiz,2003-03-06,1.8,Mittelstürmer,
1376596,Eldi Selimi,Kosovo,2007-12-05,,Mittelstürmer,
237968,Eldin Beganovic,Schweiz,1994-04-24,,Torwart,
1260758,Eldin Mesic,Schweiz,2005-08-23,1.71,Zentrales Mittelfeld,
183264,Eldin Muharemi,Schweiz,1993-07-02,1.76,Zentrales Mittelfeld,
707664,Elia Amorosi,Italien,2003-07-11,,Rechter Verteidiger,
291917,Elia Lustenberger,Schweiz,1995-07-01,,Mittelfeld,
1177465,Elia Urso,Schweiz,2007-05-25,,Rechter Verteidiger,6.712066
1015828,Eliano Guido,Schweiz,2007-04-04,,Zentrales Mittelfeld,6.887791
600813,Elias Kägi,Schweiz,1999-04-29,,Linker Verteidiger,
507452,Elias Ullrich,Schweiz,2001-05-01,,Torwart,
286863,Elie Dindamba,DR Kongo,1994-05-01,1.76,Rechtes Mittelfeld,
1445751,Eliess Rölli,Schweiz,2006-08-06,,Mittelfeld,6.759795
798720,Eliot Carminati,Schweiz,2002-01-18,,Rechtes Mittelfeld,
543513,Elmin Rastoder,Nordmazedonien,2001-10-07,1.91,Mittelstürmer,
1145021,Elson Goci,Schweiz,2005-08-28,1.87,Torwart,
620764,Elvir Zukaj,Albanien,2002-07-07,1.94,Innenverteidiger,
131972,Elvis Bratanovic,Slowenien,1992-08-21,1.83,Mittelstürmer,
386741,Emanuele Guidotti,Schweiz,1997-04-23,1.88,Innenverteidiger,
1439400,Emilio Jordan,Schweiz,2007-09-15,1.84,Torwart,
1409728,Emir Aydogan,Türkei,2007-11-15,,Mittelfeld,
1086464,Emirhan Ilboga,Türkei,2006-06-14,,Abwehr,6.6921344
1082090,Emral Iseni,Schweiz,2006-02-23,,Mittelstürmer,
916959,Emre Celik,Schweiz,2003-08-06,1.8,Offensives Mittelfeld,6.888866
537364,Emre Sahin,Schweiz,2001-02-08,1.85,Torwart,7.0538034
147035,Endogan Adili,Schweiz,1994-08-03,1.7,Linker Verteidiger,
696300,Endrit Emini,Schweiz,1996-04-03,1.75,Offensives Mittelfeld,
666736,Enis Bocard,Frankreich,2001-03-28,,Linksaußen,
354129,Enit Sadiku,Kosovo,1998-07-14,1.77,Rechter Verteidiger,
1128330,Ennio Vescovi,Schweiz,2004-07-23,,Torwart,
957157,Enrico Peier,Schweiz,2004-08-14,,Linkes Mittelfeld,
620756,Enrik Oroshi,Schweiz,2002-03-24,1.82,Zentrales Mittelfeld,
927402,Enzo Turkauf,Frankreich,2004-09-08,,Torwart,
452553,Eralb Foniqi,Kosovo,1998-10-10,,Rechtsaußen,
310101,Erblin Shaqiri,Schweiz,2000-12-06,,Defensives Mittelfeld,6.7264237
180707,Eren Kisa,Schweiz,1994-11-18,,Rechtes Mittelfeld,
1115719,Eren Kus,Schweiz,2005-07-14,1.85,Torwart,
450988,Eren Öner,Schweiz,1998-06-07,,Mittelstürmer,
702716,Erik Rieser,Schweiz,2002-02-05,,Rechtes Mittelfeld,
1248544,Erin Shala,Kosovo,2006-01-26,,Torwart,
1137701,Ermal Krasniqi,Kosovo,2004-10-18,,Sturm,
195837,Ernes Paden,Schweiz,1994-02-20,1.73,Linkes Mittelfeld,
1445722,Eron Avdullahu,Schweiz,2007-02-17,,Torwart,
1135834,Eron Xheladini,Kosovo,2005-07-30,,Zentrales Mittelfeld,6.846039
901025,Erti Emini,Schweiz,2005-06-22,,Torwart,
698585,Ethan Peter,Schweiz,2002-01-11,,Torwart,
326109,Etienne von Thiessen,Schweiz,1993-06-15,,Defensives Mittelfeld,
491280,Euclides Cabral,Portugal,1999-01-05,1.79,Rechter Verteidiger,
822800,Everton,Brasilien,1995-10-12,,Linksaußen,
272452,Fabian Burkard,Schweiz,1995-08-18,1.82,Innenverteidiger,
604824,Fabian Grob,Schweiz,2004-05-05,,Zentrales Mittelfeld,
245510,Fabian Kohler,Schweiz,1995-03-03,,Rechter Verteidiger,6.8314867
180869,Fabian Nickel,Schweiz,1993-06-04,,Defensives Mittelfeld,
310067,Fabian Rüedi,Schweiz,2000-10-27,,Rechtsaußen,6.929485
410864,Fabian Simic,Schweiz,1999-02-11,,Offensives Mittelfeld,
727180,Fabio Bruni,Schweiz,2002-02-11,,Mittelstürmer,
500099,Fabio Fehr,Schweiz,2000-01-15,1.79,Rechter Verteidiger,
244412,Fabio Heuss,Schweiz,1990-10-30,,Defensives Mittelfeld,
694460,Fabio Moor,Schweiz,2000-07-06,1.74,Zentrales Mittelfeld,6.773544
369201,Fabio Nicolò,k. A. k. A.,,,Torwart,
575691,Fabio Rodríguez,Peru,2001-09-15,,Linksaußen,
76658,Fabio Viteritti,Deutschland,1993-05-22,1.74,Defensives Mittelfeld,
410872,Fabio Zizzi,Schweiz,1999-07-14,1.84,Torwart,
163953,Fadel Niang,Senegal,1990-05-05,1.79,Innenverteidiger,
1058256,Fatmir Bakiu,Nordmazedonien,1990-10-23,1.74,Defensives Mittelfeld,
146881,Federico Nicastro,Italien,1981-11-24,1.83,Torwart,
460425,Felipe Lucho,Brasilien,1992-10-17,1.82,Zentrales Mittelfeld,
925223,Felix Löpfe,Schweiz,2006-01-19,,Torwart,
1142758,Fernando Bley Rodriguez,Deutschland,2006-10-18,,Mittelfeld,
388589,Fernando Muelle,Spanien,1989-01-28,1.7,Linker Verteidiger,6.658989
685276,Fetah Dushica,Schweiz,1998-07-06,,Innenverteidiger,
659353,Filipe de Carvalho,Schweiz,2003-12-01,1.76,Linkes Mittelfeld,
166394,Fisnik Hasanaj,Schweiz,1992-02-08,1.88,Innenverteidiger,
1123901,Fitim Fejza,Deutschland,2003-10-07,,Linkes Mittelfeld,6.816205
925234,Flavio Ballario,Schweiz,2006-01-30,,Linker Verteidiger,
1130777,Florent Gacaferi,Schweiz,2005-08-09,,Zentrales Mittelfeld,
647276,Florentino Silva,Guinea-Bissau,1999-05-05,1.7,Rechtes Mittelfeld,
500748,Florian Hoxha,Kosovo,2001-02-22,1.77,Linker Verteidiger,
268237,Florian Jacquel,Frankreich,1989-07-17,,Mittelstürmer,
923055,Florian Maksuti,Schweiz,2004-12-05,,Linkes Mittelfeld,
65585,Florian Stocker,Schweiz,1983-12-08,1.81,Torwart,
420100,Florian Weber,Schweiz,1999-05-11,1.75,Linker Verteidiger,
399710,Florijan Dushica,Kosovo,1997-04-29,,Zentrales Mittelfeld,6.9098873
1060515,Fran Matkovic,Schweiz,2006-01-10,1.93,Innenverteidiger,6.8301897
1049223,Francesco Savoca,Italien,2002-07-26,,Linker Verteidiger,6.7367067
625766,Francis Asamoah,Ghana,2002-04-14,1.78,Mittelstürmer,
690246,Francis Momoh,Nigeria,2001-03-25,1.87,Mittelstürmer,
86951,Francis Sarret,Schweiz,1988-08-17,,Defensives Mittelfeld,
90430,Francisco Daniel Constancio,Schweiz,1991-09-19,,Linker Verteidiger,
627196,Franck Surdez,Schweiz,2002-05-05,1.88,Linksaußen,
1172166,Franz-Ethan Meichtry,Schweiz,2005-07-08,1.86,Zentrales Mittelfeld,
821584,Fraser Liam Carver,England,1979-02-01,,Torwart,
243151,Frédéric Tosato,Schweiz,1995-04-16,1.7,Linkes Mittelfeld,
66270,Fuat Sulimani,Schweiz,1989-12-11,,Innenverteidiger,6.8540196
1218103,Gabriel Andrijasevic,Schweiz,2003-07-26,,Mittelstürmer,
932163,Gabriel Gonzalez,Schweiz,2006-06-14,,Linksaußen,6.947776
954914,Gabriel Herzog,Schweiz,1994-09-29,,Torwart,
902695,Gabriel Oreja,Spanien,2003-11-26,,Defensives Mittelfeld,
541419,Gabriel Pereira,Portugal,2001-06-06,,Linkes Mittelfeld,6.6420283
667877,Gabriel Persson,Schweden,2000-04-27,1.84,Innenverteidiger,
1193113,Gabriel Prenaj,Kosovo,2003-05-14,,Zentrales Mittelfeld,
591687,Gabriel Rondez,Schweiz,2000-04-01,,Innenverteidiger,6.8601975
1184060,Gautier Véjux,Frankreich,1997-05-03,,Mittelstürmer,6.67341
1327638,Gautier Willemin,Schweiz,1994-01-29,,Zentrales Mittelfeld,
183320,Gente Mazreku,Schweiz,1995-01-21,,Zentrales Mittelfeld,
629403,Genti Ajdari,Schweiz,2003-01-16,,Innenverteidiger,
1147788,Georgije Kuzet,Kroatien,2007-06-28,,Mittelfeld,
898710,Georgino M'Vondo Ze,Zentralafrikanische Republik,1997-08-13,1.91,Mittelstürmer,6.9541698
805456,Gerarld Asaba Tekwa,Kamerun,1996-06-09,,Defensives Mittelfeld,
443427,Gian Huber,Schweiz,1999-01-29,,Torwart,
869082,Gian Marco Bellisario,Italien,2002-05-31,,Rechter Verteidiger,
630576,Gian Wick,Schweiz,2001-09-13,1.89,Linker Verteidiger,6.7379894
323345,Gianluca Calbucci,Schweiz,1996-11-05,1.8,Linker Verteidiger,6.7595572
334176,Gianni Barile,Schweiz,1996-05-25,,Innenverteidiger,
1146436,Gianni D'Angelo,Tunesien,2005-09-02,,Rechter Verteidiger,6.705499
688391,Gil Gisin,Schweiz,2004-05-25,,Abwehr,
629391,Gilles Gauchat,Schweiz,2003-10-31,,Offensives Mittelfeld,
56261,Gilles Mbang Ondo,Gabun,1985-10-10,1.89,Mittelstürmer,
691370,Giulian Medaglia,Schweiz,2003-02-21,,Linkes Mittelfeld,
310042,Gjelbrim Sadiku,Schweiz,2000-03-22,,Rechter Verteidiger,
1015996,Glenn Mbazo,Schweiz,2006-01-10,1.82,Mittelstürmer,6.717205
1138256,Gonçalo Fernandes Da Silva,Portugal,2008-03-29,,Torwart,
205877,Goran Stojanov,Nordmazedonien,1995-07-29,1.81,Defensives Mittelfeld,
1439591,Granit Islamaj,Frankreich,2002-12-16,,Zentrales Mittelfeld,6.742598
445657,Granit Palushi,Albanien,1998-03-27,,Offensives Mittelfeld,6.783031
821066,Grayson Dettoni,Vereinigte Staaten,2005-06-29,1.95,Innenverteidiger,
608205,Gregori Anliker,Schweiz,2002-04-18,,Innenverteidiger,6.890254
935906,Guillaume Taty,Frankreich,1997-01-15,1.9,Defensives Mittelfeld,
159650,Gustavo Campello,Brasilien,1990-01-07,1.76,Defensives Mittelfeld,6.997718
111434,Guy Eschmann,Schweiz,1992-06-10,1.8,Mittelstürmer,
244857,Gzim Islami,Nordmazedonien,1986-07-21,,Abwehr,
438841,Gzim Zahiri,Kosovo,1989-05-15,,Defensives Mittelfeld,
265435,Hannes Hunziker,Schweiz,1995-08-15,1.75,Rechtes Mittelfeld,6.864421
707943,Haris Hodzic,Schweiz,2002-05-15,,Mittelstürmer,
290034,Haris Samardzic,Schweiz,1998-02-16,1.89,Mittelstürmer,
1383680,Harouna Boiro Balde,Spanien,2005-01-01,,Sturm,6.742086
631851,Hasan Karakurd,Türkei,2004-07-07,1.8,Rechtsaußen,
180868,Haxhi Neziraj,Albanien,1993-03-16,1.86,Offensives Mittelfeld,
594697,Henrique Santos,Portugal,2000-02-12,1.85,Torwart,
726566,Hermann Tebily,Frankreich,2002-01-24,1.83,Mittelstürmer,
244839,Hervé Chappuis,Schweiz,1989-12-21,,Mittelstürmer,
332810,Hervé Epitaux,Schweiz,1996-02-29,1.82,Rechter Verteidiger,
591699,Hervé Tschanz,Schweiz,1997-11-16,,Linksaußen,
480452,Hicham Acheffay,Niederlande,2000-08-10,1.69,Linksaußen,
722910,Houssam Ait Said Tafzati,Marokko,1998-02-22,1.75,Rechter Verteidiger,6.7203484
659391,Hugo Chabin,Frankreich,2003-05-31,,Rechter Verteidiger,
1342528,Hugo Charmillot,Schweiz,2007-07-28,,Torwart,
935844,Hugo Nseke,Frankreich,1999-06-03,,Mittelstürmer,6.7629943
159317,Hélios Sessolo,Schweiz,1993-05-26,1.73,Mittelstürmer,
640221,Hüseyin Tükenmez,Türkei,2000-05-08,,Offensives Mittelfeld,
916935,Iago Quintas,Spanien,2004-06-16,,Offensives Mittelfeld,
574775,Ian Schläppi,Schweiz,1999-07-07,1.82,Innenverteidiger,6.8520665
629410,Ian Staubli,Schweiz,2003-07-07,,Innenverteidiger,
462886,Ibou Faye,Senegal,1994-12-30,1.92,Mittelstürmer,7.057845
205621,Ibrahima Sissé,Frankreich,1995-01-02,,Torwart,7.092826
412095,Ihsan Sacko,Frankreich,1997-07-19,1.83,Mittelstürmer,
956930,Ilhan Ajrulai,Schweiz,2005-02-20,,Mittelstürmer,
805460,Ilias Nabil,Frankreich,2001-08-13,,Torwart,
554772,Ilir Sedolli,Schweiz,2000-07-16,1.9,Mittelstürmer,
1177037,Ilja Greub,Schweiz,2005-06-30,1.93,Torwart,6.99167
1219783,Ilyes Benaziza,Frankreich,2003-04-03,1.8,Offensives Mittelfeld,6.743887
830003,Imad El Moussaïd,Frankreich,1997-06-01,,Sturm,
1060514,Irjan Rexhepi,Schweiz,2007-05-07,,Torwart,
687240,Isiane Mendi,Frankreich,1996-03-15,,Mittelstürmer,
649927,Ismet Osmani,Schweiz,2000-12-21,,Rechter Verteidiger,
1296410,Ivan Antypenko,Ukraine,2007-09-08,1.73,Rechtsaußen,
572442,Ivan Fernandez,Schweiz,2000-03-04,,Torwart,7.0909214
1257037,Ivan Garcia da Silva,Spanien,2007-08-26,1.75,Rechtsaußen,
20116,Ivano Rizzo,Italien,1985-07-09,,Rechtes Mittelfeld,
1018617,Ivo Candé,Portugal,2004-05-18,1.92,Zentrales Mittelfeld,
604822,Jacob Bernauer,Schweiz,2004-02-09,,Rechter Verteidiger,
533275,Jahuar Jalal,Irak,1998-06-14,1.83,Mittelstürmer,
690987,Jakob Johannsmeier,Deutschland,2000-03-22,1.88,Mittelstürmer,
1196727,Jamal Kimeu Kisimbi,Schweiz,2005-11-28,,Linkes Mittelfeld,
955914,Jamie Rasic,Serbien,2002-02-04,1.78,Mittelstürmer,
1091200,Jan Baumann,Schweiz,2006-07-24,,Torwart,7.0909386
414594,Jan Burkard,Schweiz,2000-08-09,1.82,Innenverteidiger,
727929,Jan Eicher,Schweiz,2004-02-16,1.86,Torwart,
1060298,Jan Uhlmann,Schweiz,2004-06-22,,Torwart,
1298235,Jan-Peter Zaugg,Schweiz,2006-04-10,1.88,Torwart,
1125686,Janic Gil,Schweiz,1999-09-28,,Torwart,
449162,Janis Bachmann,Schweiz,1999-11-03,,Torwart,
870301,Janis Wieland,Schweiz,2003-06-07,,Mittelstürmer,
620804,Jannis Kalpaxidis,Schweiz,2002-05-14,1.78,Linker Verteidiger,6.72907
707947,Jano Loosli,Schweiz,2002-05-29,,Defensives Mittelfeld,6.940629
1336393,Jarno Minio,Schweiz,2004-08-12,,Zentrales Mittelfeld,6.6889415
927411,Jason Ajebon,Schweiz,2004-04-18,,Rechtsaußen,
901354,Javi Gabathuler,Schweiz,2003-04-18,,Rechtsaußen,6.8362427
1473420,Jayson Peter,Schweiz,2007-01-03,,Defensives Mittelfeld,6.7465043
825731,Jean-Calvin Mbanga,Frankreich,2002-10-01,1.92,Mittelstürmer,
843728,Jean-Paul N'Djoli,Frankreich,2000-10-09,1.91,Mittelstürmer,7.116077
922490,Jennys Hügi,Schweiz,1999-02-02,1.88,Rechter Verteidiger,
932162,Jeremy Fasano,Schweiz,2006-05-15,,Innenverteidiger,6.8256154
87099,Jessy Nimi,Schweiz,1990-01-12,1.77,Rechter Verteidiger,
608170,Jetlir Krasniqi,Schweiz,2001-05-01,,Innenverteidiger,
1236277,Jetmir Morina,Schweiz,1999-11-11,,Zentrales Mittelfeld,
926124,Jiannis Sgouros,Schweiz,2005-02-05,1.81,Rechter Verteidiger,
1176835,Joachim Williamson,Schweiz,2007-11-05,1.79,Linker Verteidiger,
800409,Joan Avila,Kolumbien,1992-06-23,,Mittelstürmer,
195846,Joe Mukinisa,Schweiz,1996-09-02,1.75,Mittelstürmer,
664502,Joel Agmagma,Kamerun,1992-07-25,1.82,Defensives Mittelfeld,
931004,Joel Costa,Portugal,1999-05-18,1.78,Mittelstürmer,
469927,Joel Fryand,Schweiz,1999-12-08,,Rechtes Mittelfeld,6.8380065
1314221,Joel Gisler,Schweiz,2007-12-22,,Linksaußen,6.6768117
701588,Joel Riechsteiner,Schweiz,2002-06-01,,Torwart,
389428,Joel Scheidegger,Schweiz,1995-08-07,,Innenverteidiger,
195267,Joel Stephan,Schweiz,1993-06-09,1.78,Defensives Mittelfeld,
376774,Joel Trüb,Schweiz,1999-08-02,1.85,Rechtes Mittelfeld,
611481,Joel Zürni,Schweiz,2000-08-14,1.94,Defensives Mittelfeld,
1235509,Joey Patané,Kolumbien,2005-11-09,,Rechter Verteidiger,
947587,Jon Gashi,Schweiz,2004-09-09,,Torwart,7.080834
507416,Jon Vula,Schweiz,2002-01-12,1.9,Zentrales Mittelfeld,
927400,Jonah Hänggi,Schweiz,2004-11-20,,Innenverteidiger,
1439646,Jonas Gerber,Schweiz,2007-12-18,,Linker Verteidiger,6.7871933
1034235,Jonas Haider,Österreich,2006-07-27,1.87,Torwart,
335520,Jonathan End,Schweiz,1996-01-28,1.82,Linkes Mittelfeld,
659314,Jonathan Nzesila,DR Kongo,2004-01-07,,Zentrales Mittelfeld,
602716,Jonuz Reci,Schweiz,2001-07-30,,Linksaußen,
1028954,Joona Moser,Finnland,2006-06-01,,Zentrales Mittelfeld,6.8642797
235484,Jordan Otomo,Kamerun,1995-12-21,1.74,Offensives Mittelfeld,
431392,Jordan Puglia,Schweiz,1999-12-04,1.75,Linkes Mittelfeld,
303838,Jordi Manuel Ehombo,Schweiz,1998-02-03,1.78,Defensives Mittelfeld,
339339,Jordy Wehrmann,Niederlande,1999-03-25,1.8,Zentrales Mittelfeld,
1256930,Jorge David Brandao Monteiro,Portugal,2006-03-08,,Mittelfeld,
284684,Jorge Faria,Portugal,1992-07-02,,Innenverteidiger,
1338238,Jorin Walter,Schweiz,2008-06-07,,Abwehr,
388222,Joris Freyenmuth,Schweiz,2001-04-14,1.72,Offensives Mittelfeld,6.764738
645532,Joris Gester,Frankreich,2000-08-07,,Rechter Verteidiger,6.7045674
629406,Joshua Gasane,Ghana,2003-06-03,,Linksaußen,6.805903
293742,Joshua Laws,Australien,1998-02-26,1.85,Innenverteidiger,
750929,Joshua Lutz,Schweiz,2003-05-23,1.83,Zentrales Mittelfeld,
507337,Josip Brnic,Schweiz,2002-05-27,,Rechtes Mittelfeld,
1005427,Jovan Eric,Schweiz,2003-01-20,,Innenverteidiger,
388744,João Ferreira Leite,Portugal,1998-05-21,1.74,Defensives Mittelfeld,
198483,João Ngongo,Angola,1993-12-30,1.87,Torwart,
1165209,Joé Bläsi,Schweiz,2005-11-03,,Torwart,
1027711,Joé Mertenat,Schweiz,1999-10-13,,Mittelfeld,
376771,Joêl Richner,Schweiz,1999-02-10,1.78,Zentrales Mittelfeld,
1439647,Ju-Seong Lee,Südkorea,1997-03-27,,Innenverteidiger,6.682364
1186964,Juan Martinez Remon,Spanien,2002-04-29,,Rechtes Mittelfeld,
927414,Julien Berner,Schweiz,2005-05-03,,Linkes Mittelfeld,6.626424
1198516,Julien Cerf,Schweiz,2005-09-01,,Innenverteidiger,
991212,Julio Hernández,Dominikanische Republik,2003-06-02,,Zentrales Mittelfeld,
603174,Junior Bakadjaken,Kamerun,2003-04-15,,Mittelfeld,
512805,Junior Etoundi,Frankreich,1999-01-30,1.79,Mittelstürmer,
534502,Justin Pfister,Schweiz,2002-06-01,,Innenverteidiger,6.830401
324275,Jérémy Ducommun,Schweiz,1996-09-09,1.85,Innenverteidiger,6.8566427
263201,Jérôme Bühler,Schweiz,1995-03-19,1.8,Rechter Verteidiger,
507478,Jérôme Läubli,Schweiz,2001-03-28,1.7,Linker Verteidiger,6.7954035
1136242,Kaan Yilmaz,Türkei,2006-03-20,1.91,Linksaußen,6.753613
535397,Kadri Topalli,Schweiz,1999-01-05,1.82,Innenverteidiger,
467134,Kagan Temircan,Türkei,2002-01-23,1.76,Offensives Mittelfeld,
589103,Kai Knuchel,Schweiz,2000-05-25,,Defensives Mittelfeld,6.87383
271923,Kaltrim Osaj,Kosovo,1997-04-28,,Rechter Verteidiger,
1246851,Kane Rawlins,Schweiz,2006-10-05,,Abwehr,
209235,Karim Barry,Deutschland,1993-07-18,1.88,Mittelstürmer,6.7865143
928567,Karim Salem,Schweiz,2006-04-10,,Torwart,
1172357,Karlo Radic,Kroatien,2002-06-18,,Torwart,
1292049,Kasim Kirilmaz,Österreich,2001-07-31,,Offensives Mittelfeld,6.8227806
64982,Kastriot Sheholli,Schweiz,1990-04-10,1.8,Offensives Mittelfeld,
247495,Kastriot Tafa,Schweiz,1991-11-15,,Defensives Mittelfeld,
959921,Kayden Kent,Schweiz,2005-06-20,,Rechtes Mittelfeld,
1460100,Ken De Ridder,Belgien,2002-02-05,,Mittelfeld,6.812946
286036,Ken Steullet,Schweiz,1996-01-14,,Defensives Mittelfeld,
660443,Kenan Sejmenovic,Bosnien-Herzegowina,1997-12-01,,Torwart,
663495,Kenzo Brêchet,Schweiz,2002-12-05,,Rechter Verteidiger,6.8778305
608206,Kerem Kurşun,Türkei,2001-03-03,1.75,Defensives Mittelfeld,
567853,Kerim Bali,Schweiz,2000-05-27,,Linkes Mittelfeld,
342056,Kevin Epp,Schweiz,1997-03-01,,Torwart,
365819,Kevin Pérez,Spanien,1995-01-17,1.73,Offensives Mittelfeld,
798719,Kevin Vuitel,Schweiz,2003-06-24,,Innenverteidiger,
1154835,Kiril Iloski,Schweiz,2006-09-25,,Mittelfeld,
1178833,Klaivi Vukaj,Schweden,2001-02-07,,Mittelstürmer,
728155,Klodi Ajdari,Schweiz,2004-05-21,,Innenverteidiger,
244416,Konrad Huser,Schweiz,1992-02-09,,Rechtes Mittelfeld,
499220,Korab Bislimi,Schweiz,2001-02-18,,Rechtes Mittelfeld,
1145811,Korab Rashiti,Frankreich,2003-11-27,1.86,Zentrales Mittelfeld,
1165140,Kostandin Pando,Albanien,2004-05-31,,Torwart,7.066475
727225,Kristian Kovac,Schweiz,2001-06-17,1.93,Innenverteidiger,
602440,Kristian Luburic,Kroatien,2001-02-20,,Innenverteidiger,6.8476458
604508,Kristian Zaric,Schweiz,2003-01-18,,Innenverteidiger,6.7831764
816733,Kristijan Conev,Schweiz,2004-01-04,,Mittelfeld,
916940,Kristijan Klincov,Schweiz,2002-06-25,1.89,Mittelstürmer,
433667,Kristijan Pleic,Bosnien-Herzegowina,2000-07-21,1.84,Linksaußen,
932165,Kristijan Stankovic,Schweiz,2006-04-20,1.84,Mittelstürmer,
410884,Kushtrim Osaj,Albanien,1999-09-12,,Mittelstürmer,
70822,Kürsat Kiybar,Türkei,1983-12-09,1.75,Mittelstürmer,
159716,Labinot Haziri,Kosovo,1991-11-10,,Mittelstürmer,
158581,Labinot Osmani,Kosovo,1991-08-04,,Mittelstürmer,
37522,Labinot Sheholli,Schweiz,1988-07-09,1.87,Defensives Mittelfeld,6.9544873
521448,Lars Karrer,Schweiz,2001-02-20,1.73,Rechtsaußen,
1264874,Lars Murpf,Schweiz,2005-02-23,,Innenverteidiger,6.8049946
707656,Lars Reinhard,Schweiz,2003-04-29,,Rechter Verteidiger,
798888,Lars Schmid,Schweiz,2000-08-19,,Linksaußen,
156861,Lars Unternährer,Schweiz,1991-03-07,1.74,Mittelstürmer,
578755,Lars Zumbühl,Schweiz,2002-04-04,,Rechter Verteidiger,
1074766,Laurent Canaj,Schweiz,1991-12-02,,Torwart,
659311,Laurent Seji,Kosovo,2004-06-22,1.9,Torwart,7.105669
689636,Lazar Markovic,Serbien,1999-04-03,1.92,Innenverteidiger,
420085,Laze Stojkovski,Nordmazedonien,1998-08-15,1.74,Rechter Verteidiger,
964289,Leandro Campitiello,Schweiz,2005-06-03,,Rechtes Mittelfeld,6.7471414
700094,Leandro Da Silva Marques,Schweiz,2000-03-02,,Mittelstürmer,
165511,Leandro Di Gregorio,Schweiz,1992-03-18,1.73,Zentrales Mittelfeld,
688619,Leandro Di Noto,Schweiz,2005-05-23,,Mittelstürmer,6.717205
925202,Leandro Rosamilia,Schweiz,2006-08-01,,Mittelstürmer,6.690684
1048809,Leandro Schnarwiler,Schweiz,2004-10-15,1.88,Defensives Mittelfeld,
931703,Leart Haliti,Österreich,2004-02-11,1.86,Mittelstürmer,
1123521,Leart Kabashi,Schweiz,2007-11-29,1.8,Zentrales Mittelfeld,6.8603106
1238552,Leart Shala,Frankreich,2005-06-29,,Zentrales Mittelfeld,6.723023
1060275,Lee Jordan Djambou,Kamerun,1995-09-03,1.9,Mittelstürmer,
1312109,Lenny Heller,Schweiz,2008-06-17,,Torwart,
937671,Leo Lopes,Portugal,2004-11-05,,Linksaußen,
265255,Leo Mooser,Schweiz,1997-02-22,,Innenverteidiger,
1407492,Leo Scaturro,Schweiz,2005-07-13,,Sturm,
1054511,Leo Stucki,Schweiz,2007-12-20,,Torwart,
1178872,Leon Alimi,Nordmazedonien,2006-08-28,,Rechter Verteidiger,
1176830,Leon Dragojevic,Schweiz,2007-02-12,1.83,Mittelstürmer,6.623449
791503,Leon Merkas,Schweiz,2002-10-04,,Torwart,7.0646515
1048157,Leon Nushi,Schweiz,2004-05-04,,Linker Verteidiger,
1060999,Leon Shillova,Schweiz,2005-02-08,,Defensives Mittelfeld,6.826039
1117117,Leon-Can Bianchini,Schweiz,2007-06-27,,Torwart,
1337558,Leonard Alimi,Nordmazedonien,2006-08-28,,Mittelfeld,
608166,Leonard Ukaj,Schweiz,2001-04-14,1.87,Innenverteidiger,
620751,Leonardo Carmona,Brasilien,2002-02-28,,Linksaußen,
310371,Leonardo Farenga,Italien,1998-07-14,,Rechtes Mittelfeld,6.8231645
1409713,Leonardo Tedesco,Italien,1991-11-30,,Mittelfeld,
608168,Leonardo Tramontano,Schweiz,2001-09-12,,Rechter Verteidiger,
500761,Leonardo Uka,Schweiz,2001-01-26,1.84,Linkes Mittelfeld,6.873654
413450,Leonardo Würmli,Schweiz,1998-10-20,1.78,Rechtsaußen,6.8901315
310054,Leond Kqira,Schweiz,2000-07-14,,Rechter Verteidiger,
583053,Leonit Halilaj,Kosovo,2003-05-01,1.83,Offensives Mittelfeld,6.672867
1081045,Leonit Rexhaj,Kosovo,2003-08-12,,Sturm,
290027,Leotrim Nitaj,Schweiz,1998-06-11,1.85,Linker Verteidiger,6.729458
1192612,Leuron Mushkolaj,Kosovo,2005-06-04,,Torwart,
1058255,Leutrim Mushkolaj,Kosovo,1998-06-28,1.8,Rechter Verteidiger,6.7391896
923086,Levi Läderach,Schweiz,2005-10-14,,Linksaußen,
509510,Levi Ntumba,Frankreich,2001-01-12,1.98,Torwart,
956933,Levin Hochuli,Schweiz,2002-11-30,,Rechtsaußen,
1439606,Levin Jäggi,Schweiz,2008-08-17,,Abwehr,
679221,Levin Schneider,Schweiz,2004-08-21,,Rechtes Mittelfeld,
1049172,Lewin Henzen,Schweiz,2006-09-04,,Mittelstürmer,
1246853,Lian Cuciti,Schweiz,2006-10-16,,Abwehr,
921956,Lionel Lüthi,Schweiz,2003-12-12,,Torwart,
591688,Lionel Martin,Schweiz,1994-08-01,,Innenverteidiger,
1332786,Lionel Mkounga Wambo,Frankreich,2004-01-05,1.91,Mittelstürmer,
244881,Lionel Rossé,Schweiz,1992-03-25,,Zentrales Mittelfeld,
1223489,Lionel Thüring,Schweiz,2007-04-30,1.92,Torwart,
261761,Liridon Gashi,Schweiz,1996-02-02,1.82,Mittelstürmer,
572744,Liridon Mazreku,Italien,1999-12-28,,Offensives Mittelfeld,
244455,Liridon Simoni,Schweiz,1994-10-25,,Linker Verteidiger,
345896,Livio Sommaruga,Schweiz,1998-01-04,,Innenverteidiger,
1237880,Lonard Prenkaj,Schweiz,2006-07-06,,Innenverteidiger,
1191417,Lorenz Schurtenberger,Schweiz,2006-07-20,,Torwart,
690988,Lorenzo Amaru,Italien,2001-07-29,,Rechtes Mittelfeld,
347103,Lorenzo Di Michelangeli,Schweiz,2000-02-12,,Zentrales Mittelfeld,
707952,Lorenzo Lopes,Portugal,2002-01-06,,Rechtes Mittelfeld,
952009,Lorenzo Lopes do Paço,Portugal,2002-01-06,,Mittelfeld,
603567,Lorenzo Salvia,Schweiz,2001-09-06,,Mittelstürmer,
410871,Lorik Emini,Kosovo,1999-08-29,1.76,Zentrales Mittelfeld,
1061021,Lorik Shehu,Schweiz,2006-12-27,,Zentrales Mittelfeld,
905912,Loris Bossert,Schweiz,2003-06-18,,Abwehr,
911223,Loris Giandomenico,Schweiz,2005-09-28,1.78,Linker Verteidiger,
670918,Loris Lukaj,Schweiz,2003-06-07,1.78,Zentrales Mittelfeld,
196315,Loris Minnig,Schweiz,1995-01-04,1.8,Zentrales Mittelfeld,
1439584,Loris Reber,Schweiz,2008-01-23,,Torwart,
524931,Loris Vernocchi,Italien,1999-04-01,1.82,Mittelstürmer,6.7748756
244887,Louis Schwab,Schweiz,1992-01-31,,Torwart,
244891,Loïc Steullet,Schweiz,1994-01-16,,Linker Verteidiger,
1015633,Luan Lipert,Schweiz,2003-09-15,,Rechtes Mittelfeld,
533854,Luca Bertucci,Schweiz,1997-10-12,,Defensives Mittelfeld,
675814,Luca Campisi,Italien,2001-08-13,,Mittelstürmer,
939916,Luca Demagistri,Schweiz,2004-10-03,,Innenverteidiger,6.6753407
403212,Luca Frey,Schweiz,1996-10-31,,Mittelstürmer,6.707125
1054062,Luca Heuberger,Schweiz,2006-07-08,,Rechter Verteidiger,6.798729
867486,Luca Keller,Schweiz,2005-01-12,1.76,Rechter Verteidiger,
1256937,Luca Kälin,Schweiz,2005-02-23,1.84,Torwart,
694213,Luca Kämpfer,Schweiz,2001-03-14,,Innenverteidiger,
376770,Luca Lenzin,Schweiz,1999-04-27,1.8,Innenverteidiger,
1439585,Luca Mentil,Schweiz,2007-09-24,,Mittelfeld,
1161281,Luca Paolone,Italien,2007-03-04,,Mittelfeld,6.742212
422056,Luca Passerini,Italien,1998-10-23,,Rechtes Mittelfeld,
1291916,Luca Perrone,Italien,2005-04-26,,Innenverteidiger,
1042061,Luca Simmen,Schweiz,2003-06-18,1.82,Linker Verteidiger,6.769103
1267416,Luca Soares Nascimento,Schweiz,2007-12-04,,Zentrales Mittelfeld,6.82383
544409,Luca Spina,Schweiz,2003-02-22,1.68,Rechtes Mittelfeld,
1249449,Luca Stalder,Schweiz,2006-06-29,,Torwart,
235490,Luca Thaler,Schweiz,1994-06-28,,Torwart,7.111483
237252,Lucas Claser,Brasilien,1994-05-16,,Innenverteidiger,6.819185
584772,Lucas Hasler,Liechtenstein,2004-06-03,,Innenverteidiger,
604515,Lucas Jirasko,Schweiz,2002-09-20,,Rechter Verteidiger,
901023,Lucas Mah,Deutschland,2003-03-13,,Linker Verteidiger,
159301,Luis Gutierrez,Schweiz,1993-02-24,,Innenverteidiger,
909840,Luis Velaj,Schweiz,2002-03-14,,Defensives Mittelfeld,
1517186,Luiz Fillipe Nascimento Dorea,Brasilien,1999-12-22,,Abwehr,
507802,Luka Cakaric,Kroatien,1998-07-27,,Rechtsaußen,
902905,Luka Jovanovic,Schweiz,2002-08-30,,Rechtsaußen,6.772931
1060505,Luka Pavlovic,Serbien,2006-08-18,1.77,Rechtsaußen,
1140999,Luka Vidovic,Schweiz,2004-06-21,,Rechter Verteidiger,
507453,Lukas Aeberli,Schweiz,2001-01-03,,Rechter Verteidiger,
707946,Lukas Bitter,Schweiz,2002-01-16,,Linker Verteidiger,
1436685,Lukas Britschgi,Schweiz,2006-10-20,,Abwehr,6.717334
632273,Lukas Morger,Schweiz,2000-09-07,,Innenverteidiger,6.8446436
534486,Lukas Winzap,Schweiz,2001-03-27,1.92,Torwart,
357268,Lukikenga Koko,Schweiz,1997-06-05,1.8,Offensives Mittelfeld,
1165204,Lénaïc Crétin,Schweiz,2006-11-14,,Torwart,
939974,Léni Hagist,Frankreich,2003-07-20,1.9,Innenverteidiger,
830900,Léo Moine,Frankreich,1997-08-15,,Innenverteidiger,6.8592477
960957,Maher Darwich,Deutschland,2006-03-16,1.87,Innenverteidiger,6.8126764
1061054,Maicol Morales,Schweiz,2006-07-13,,Linksaußen,
1117942,Maksim Klickovic,Serbien,2007-05-18,1.88,Mittelstürmer,
1042083,Maksym Parshykov,Ukraine,2003-10-22,1.9,Torwart,
1234778,Malik Ait Jloulat,Frankreich,2006-08-30,,Zentrales Mittelfeld,6.7236147
816999,Malo Jungling,Frankreich,2002-06-03,1.77,Zentrales Mittelfeld,6.849201
798976,Mamadou Camara,Frankreich,1999-09-13,1.74,Rechter Verteidiger,
570114,Mamadou Sylla,Frankreich,1993-12-10,,Rechter Verteidiger,
805507,Manassé Kilezi,Angola,2004-04-29,1.87,Innenverteidiger,
317794,Manuel Alessio,Schweiz,1996-07-28,,Mittelstürmer,
620831,Manuel Kühne,Schweiz,2002-03-21,,Rechter Verteidiger,
1267419,Manuel Pedrosa Nevado,Spanien,2007-08-19,,Zentrales Mittelfeld,
357074,Manuel Reichmuth,Schweiz,1998-01-20,,Zentrales Mittelfeld,
667893,Manuel Roth,Schweiz,1994-10-20,,Innenverteidiger,6.621767
1193370,Manuel Scherrer,Schweiz,2002-02-14,,Torwart,
922625,Manuel Vargas,Schweiz,2001-07-04,,Rechtes Mittelfeld,
1042421,Manuele Pasquarelli,Italien,2004-10-19,,Mittelfeld,
618672,Marc Jenni,Schweiz,2002-12-24,,Mittelstürmer,
87247,Marc Tanner,Schweiz,1986-06-05,1.78,Innenverteidiger,
607593,Marc Triet,Schweiz,2001-06-22,,Zentrales Mittelfeld,6.8843074
121900,Marc du Buisson,Schweiz,1993-02-16,,Linker Verteidiger,
342060,Marcel Gänsler,Schweiz,1997-01-06,,Rechter Verteidiger,
1073330,Marcell Borsiczki,Ungarn,2000-10-31,,Torwart,
500096,Marcin Dickenmann,Schweiz,2000-08-14,1.75,Rechter Verteidiger,
485776,Marco Asaro,Italien,1996-05-25,1.85,Rechter Verteidiger,
478782,Marco Carubia,Italien,1998-12-20,1.8,Rechter Verteidiger,
1186941,Marco Carvalho Ferreira,Portugal,2005-07-20,,Abwehr,
815408,Marco Höppeler,Schweiz,2002-04-02,,Mittelstürmer,
62292,Marco Kurtulus,Schweiz,1987-09-13,,Torwart,
470299,Marco Mandal,Schweiz,1997-08-03,1.76,Rechter Verteidiger,6.794562
30125,Marco Mathys,Schweiz,1987-07-05,1.86,Offensives Mittelfeld,
695675,Marco Palmieri,Italien,2000-07-18,,Innenverteidiger,
135687,Marco Riso,Schweiz,1989-08-17,,Linker Verteidiger,
343513,Marco Ruf,Schweiz,1996-11-02,,Torwart,
388227,Marco Schwegler,Schweiz,2001-11-11,1.8,Linkes Mittelfeld,
260248,Marco Wicht,Schweiz,1994-09-01,,Innenverteidiger,
603896,Marco Zanoni,Schweiz,2001-02-22,,Rechtes Mittelfeld,
1189131,Marin Bajrami,Schweiz,2003-09-06,1.8,Mittelstürmer,
356689,Mario Gubler,Schweiz,1997-09-23,1.75,Linker Verteidiger,
245627,Mario Pastore,Italien,1987-01-25,,Torwart,
1155582,Mario Qunaj,Schweiz,2004-04-15,,Offensives Mittelfeld,
1268914,Mario Strebel,Schweiz,2007-07-03,,Sturm,
482457,Marius Blatter,Schweiz,1998-12-19,1.83,Offensives Mittelfeld,
932194,Mark Mihaljevic,Schweiz,2006-05-16,1.88,Torwart,7.1134076
107378,Marko Bicvic,Kroatien,1991-06-07,1.88,Zentrales Mittelfeld,
539806,Marko Bozinovic,Schweiz,2003-02-10,1.76,Innenverteidiger,
388349,Marko Brzovic,Kroatien,1995-11-17,,Defensives Mittelfeld,
464187,Marko Krunic,Schweiz,2000-12-28,1.74,Zentrales Mittelfeld,
659393,Marko Lazic,Schweiz,2003-02-22,1.85,Rechter Verteidiger,
65608,Marko Mijatovic,Schweiz,1989-03-29,,Innenverteidiger,
19717,Marko Muslin,Frankreich,1985-06-17,1.85,Defensives Mittelfeld,
577889,Markus Niederberger,Schweiz,2000-06-17,,Rechtes Mittelfeld,
1240768,Marlon Rizzo,Schweiz,2005-09-04,,Offensives Mittelfeld,6.7196026
927395,Marlon Würsten,Schweiz,2004-08-08,,Linkes Mittelfeld,6.879616
916509,Marsell Dedaj,Schweiz,2001-09-20,,Linker Verteidiger,
993881,Martin Agner,Schweiz,2002-11-15,,Innenverteidiger,
447561,Martin Valovcan,Slowakei,1993-05-14,,Mittelstürmer,
841103,Marvin Assane,Tschad,1993-07-30,1.83,Innenverteidiger,6.8357525
183314,Marvin Graf,Schweiz,1995-08-17,1.88,Rechtsaußen,
1235429,Marvin Onzaya-Ndumba,Frankreich,2000-06-17,,Mittelstürmer,
1053478,Marwan Chatar,Frankreich,2001-03-15,1.85,Linksaußen,
1169078,Massimo Bocchicchio,Italien,2005-03-30,,Offensives Mittelfeld,
620765,Massimo Bühler,Schweiz,2002-04-05,,Innenverteidiger,6.8242936
357271,Massimo Nardo,Schweiz,1996-06-16,1.78,Zentrales Mittelfeld,6.8903627
227289,Massimo Veronica,Italien,1995-06-16,,Offensives Mittelfeld,
1077169,Mateo Peric-Komsic,Kroatien,2002-01-22,,Torwart,
619115,Mateus Rodrigues,Brasilien,1993-07-14,1.83,Rechtsaußen,
929026,Matheus Rodrigues,Schweiz,2005-02-08,,Zentrales Mittelfeld,
512185,Mathias Altermatt,Schweiz,1998-06-18,,Torwart,7.1095767
922483,Mathieu Chapuis,Schweiz,1988-12-26,,Torwart,
1061049,Mathieu Huber,Schweiz,2005-12-14,,Defensives Mittelfeld,6.8523026
909822,Mathéo Lalarme,Frankreich,2003-06-12,,Innenverteidiger,
457010,Matija Ranđelović,Serbien,2001-07-25,1.83,Innenverteidiger,
608187,Mato Marinovic,Kroatien,2001-01-14,,Linksaußen,
1522084,Matteo Pepe,Schweiz,2000-12-18,,Mittelfeld,6.6849537
1154833,Matteo Pitzalis,Schweiz,2004-05-22,,Rechtes Mittelfeld,
586019,Matthias Achermann,Schweiz,1996-04-06,,Abwehr,
525335,Matti Forrer,Schweiz,2002-06-21,,Rechtes Mittelfeld,7.031022
880970,Mattia Bertelle,Italien,2005-09-04,,Zentrales Mittelfeld,6.7425327
675812,Mattia Hanusch,Schweiz,2000-07-19,,Mittelstürmer,
496854,Mattia Mettler,Schweiz,1999-07-27,,Torwart,
86852,Mattia Palatucci,Italien,1990-07-26,,Rechter Verteidiger,
1017439,Mattia Rosolen,Italien,2004-08-02,1.67,Linkes Mittelfeld,6.6887903
925204,Mattéo Chételat,Schweiz,2003-09-06,,Rechter Verteidiger,
786098,Maurizio De Icco,Italien,2005-01-19,1.64,Rechtes Mittelfeld,
902697,Mauro Imboden,Schweiz,2002-02-08,,Mittelfeld,
630745,Mauro Truttmann,Schweiz,2001-09-19,,Torwart,
684223,Maurus Barmettler,Schweiz,1997-12-29,,Torwart,
1082429,Mavungu William Pahama,Frankreich,2000-07-10,1.84,Linksaußen,
408965,Max Mata,Neuseeland,2000-07-10,1.86,Mittelstürmer,
518586,Max Mocanu,Rumänien,2001-04-28,,Offensives Mittelfeld,
909821,Maxence Lüchinger,Schweiz,2000-12-22,,Linker Verteidiger,
694150,Maxime Eschmann,Schweiz,2001-04-16,,Mittelstürmer,6.7642465
596310,Mehmet Kinis,Türkei,2002-11-23,,Defensives Mittelfeld,
691358,Mehmet Yigit,Schweiz,2002-05-25,,Defensives Mittelfeld,7.0585246
1079970,Mendy Mansaré,Frankreich,1998-08-15,,Linker Verteidiger,
34069,Mentor Latifi,Kosovo,1984-01-14,1.88,Innenverteidiger,
594716,Mergim Rexhaj,Kosovo,1993-08-28,1.9,Innenverteidiger,6.777867
359408,Meriton Kastrati,Kosovo,1998-03-05,1.82,Rechter Verteidiger,6.7867174
599831,Mert Kahveci,Schweiz,1999-11-04,,Rechtsaußen,
800465,Messanh Hunlede,Schweiz,2000-09-13,1.78,Linksaußen,6.8086286
697377,Michael Akinrinmade,Schweiz,1999-12-13,1.87,Zentrales Mittelfeld,
679860,Michael Iloski,Schweiz,2002-11-17,,Innenverteidiger,
33121,Michael Keller,Schweiz,1986-01-09,1.85,Innenverteidiger,
65415,Michael Koch,Schweiz,1986-11-07,1.86,Defensives Mittelfeld,
394185,Michael Lötscher,Schweiz,1991-07-03,,Torwart,
1161974,Michael Nowak,Deutschland,2005-07-16,1.78,Linksaußen,7.0222898
37995,Michael Stadelmann,Schweiz,1988-09-04,,Rechter Verteidiger,
284838,Michael Wehrli,Schweiz,1997-05-02,1.87,Torwart,
333926,Michel Lässer,Schweiz,1996-09-09,,Rechtes Mittelfeld,
509093,Michele Pepe,Schweiz,2000-02-02,,Rechter Verteidiger,6.779564
499189,Michele Scioscia,Schweiz,2000-02-28,,Mittelstürmer,
707941,Mihael Validzic,Schweiz,2002-12-02,1.76,Defensives Mittelfeld,6.9207244
414591,Mihailo Mijatovic,Schweiz,2000-09-30,1.89,Linkes Mittelfeld,
1172525,Mika Müllener,Schweiz,2007-11-13,,Rechtsaußen,6.698918
529184,Mike Castro,Schweiz,1999-04-15,1.72,Mittelstürmer,
69462,Mike Gomes,Schweiz,1988-09-19,1.82,Innenverteidiger,
1243390,Mike Loepthien,Schweiz,2005-03-02,,Rechter Verteidiger,
135370,Mike Natoli,Schweiz,1991-07-30,1.85,Mittelstürmer,
212717,Milan Marjanovic,Schweiz,1997-02-10,1.7,Mittelfeld,
1161832,Milo Minder,Schweiz,2007-02-13,,Torwart,7.0074806
1009029,Milot Sinani,Nordmazedonien,2006-02-23,,Defensives Mittelfeld,6.7712083
184382,Ming-Yang Yang,China,1995-07-11,1.75,Defensives Mittelfeld,
606399,Minh Nguyen,Schweiz,2000-10-17,,Linker Verteidiger,
467280,Miralem Amzi,Schweiz,2000-08-31,,Linkes Mittelfeld,
1042532,Miro Blenke,Schweiz,2001-11-23,,Linker Verteidiger,
807907,Miroljub Obradovic,Schweiz,2003-12-03,1.83,Innenverteidiger,6.846476
69442,Miroslav Savanovic,Serbien,1985-03-10,1.83,Defensives Mittelfeld,
205790,Mirza Mujcic,Schweden,1994-08-07,1.9,Innenverteidiger,
65423,Mirzet Mehidic,Schweiz,1989-08-21,1.83,Offensives Mittelfeld,
1301266,Mischa Nietlispach,Schweiz,2002-04-17,,Torwart,
863749,Moaed El Jaouzy,Schweiz,2005-03-23,,Linksaußen,
74607,Mohamed Coulibaly,Senegal,1988-08-07,1.81,Mittelstürmer,
1024805,Mohamed Diaw,Frankreich,2000-10-02,1.9,Innenverteidiger,6.7966976
489954,Mohamed El Ghandour,Ägypten,1997-08-01,1.8,Torwart,7.104025
608287,Moreno Cincera,Schweiz,2002-06-06,,Innenverteidiger,
1302026,Moris Bögli,Schweiz,2008-05-19,,Torwart,
1061022,Moritz Spaar,Schweiz,2006-01-19,,Rechter Verteidiger,
1236193,Mory Thierry Karamoko,Frankreich,2002-12-13,1.97,Innenverteidiger,6.7264442
420090,Muaz Aydin,Türkei,1998-06-22,1.71,Linker Verteidiger,
272476,Muhamed Seferi,Schweiz,1995-08-30,1.75,Defensives Mittelfeld,
1256901,Muhammet Kayra Topal,Schweiz,2005-12-12,,Abwehr,
905913,Muse Ali Muse,Somalia,2005-04-06,,Abwehr,
490638,Mustafa Muharemovic,Schweiz,2000-12-22,1.77,Offensives Mittelfeld,
66096,Mychell Chagas,Brasilien,1989-06-06,1.83,Mittelstürmer,6.897092
807720,N'Cho Okan Agoussi,Elfenbeinküste,1990-10-18,1.88,Innenverteidiger,
315970,Nadjack,Guinea-Bissau,1994-02-06,1.84,Rechter Verteidiger,6.815206
659327,Nahom Tesfom,Schweiz,2004-01-03,1.8,Zentrales Mittelfeld,6.939401
70797,Nahuel Allou,Schweiz,1990-07-19,,Zentrales Mittelfeld,
344163,Nando Bühler,Schweiz,1999-02-01,,Defensives Mittelfeld,6.8372297
1142759,Nando Hegi,Schweiz,1996-07-19,,Mittelfeld,
1394714,Naod Aebyo,Eritrea,2006-01-29,,Mittelfeld,
1272203,Nathan Britschgi,Schweiz,2006-07-06,,Offensives Mittelfeld,6.7186604
517762,Nathan Ducommun,Schweiz,1998-05-26,,Defensives Mittelfeld,6.819989
1261051,Naven Chipperfield,Schweiz,2007-09-04,,Sturm,
1015634,Nedim Kaba,Nordmazedonien,2004-06-21,,Mittelstürmer,
194979,Nedim Sacirovic,Schweiz,1994-04-04,1.78,Linker Verteidiger,
728454,Nelson Afulike,Schweiz,2004-01-28,,Rechtes Mittelfeld,
1061053,Nemanja Bajinovic,Schweiz,2006-01-20,,Mittelstürmer,6.6421776
499325,Nemanja Petrovic,Schweiz,2002-03-01,,Innenverteidiger,
1164607,Nermin Rogentin,Schweiz,2003-10-26,,Defensives Mittelfeld,
707758,Ngumba Mwakassa,Schweiz,2003-06-14,,Rechter Verteidiger,
236432,Nicholas König,Schweiz,1994-09-01,,Defensives Mittelfeld,
926885,Nico Fischer,Schweiz,2002-07-02,1.83,Defensives Mittelfeld,6.776892
800414,Nico Kurth,Schweiz,1995-08-24,,Defensives Mittelfeld,
659451,Nico Rissi,Schweiz,2004-01-30,1.85,Linker Verteidiger,6.8775587
1059693,Nico Weibel,Schweiz,2006-04-24,,Innenverteidiger,
577888,Nico Wyss,Schweiz,2001-11-16,,Rechter Verteidiger,
1049514,Nicola Assaiante,Schweiz,2006-01-16,,Mittelstürmer,6.6963453
198377,Nicola Gassmann,Schweiz,1991-11-13,,Linker Verteidiger,
521187,Nicola Schäfer,Schweiz,1995-09-20,,Innenverteidiger,
247223,Nicola Sutter,Schweiz,1995-05-08,1.86,Innenverteidiger,
363214,Nicolas Bai,Schweiz,1997-02-02,1.88,Linker Verteidiger,6.789812
1103496,Nicolas Braunschweig,Schweiz,2003-12-04,1.83,Rechtes Mittelfeld,
899460,Nicolas Hofer,Schweiz,1998-12-30,,Torwart,
1310568,Nicolas Mbazoa,Frankreich,2008-07-03,,Rechtes Mittelfeld,
956970,Nicolas Napoli,Schweiz,2004-12-28,1.74,Offensives Mittelfeld,6.791753
1046531,Nicolas Steuri,Schweiz,2006-07-17,,Offensives Mittelfeld,
679858,Nicolas Stierli,Schweiz,2002-04-12,,Linkes Mittelfeld,
729747,Nijas Bedjeti,Nordmazedonien,2004-08-01,,Torwart,
86247,Nijas Lena,Nordmazedonien,1986-06-25,1.75,Offensives Mittelfeld,
1039597,Nikita Maul,Russland,2002-06-18,,Mittelfeld,6.725159
947167,Nikita Vanins,Lettland,2005-06-27,1.81,Torwart,
1052666,Niklas Bissig,Schweiz,2005-06-05,,Linkes Mittelfeld,6.6521163
196861,Nikola Bozic,Serbien,1992-05-26,1.78,Rechter Verteidiger,
925235,Nikola Gajic,Bosnien-Herzegowina,2006-04-11,,Innenverteidiger,6.6743417
237673,Nikola Gjorgjev,Nordmazedonien,1997-08-22,1.74,Linksaußen,
944363,Nikola Veljkovic,Serbien,2002-01-15,,Offensives Mittelfeld,
173001,Nikola Veselinovic,Schweiz,1993-08-22,,Torwart,
901018,Nil Niederberger,Schweiz,2001-02-23,,Rechter Verteidiger,
926240,Nils Reich,Schweiz,2004-03-22,,Torwart,
235686,Nils Wernli,Schweiz,1992-05-23,1.83,Offensives Mittelfeld,
865984,Nino Berger,Schweiz,2004-08-31,1.87,Innenverteidiger,6.7910686
421760,Nino Simic,Serbien,1994-06-24,,Linker Verteidiger,
1193368,Nino Sturny,Schweiz,2004-11-23,,Innenverteidiger,
1086155,Nithusan Vasanthan,Sri Lanka,2006-12-28,,Torwart,
945175,Noa Galley,Schweiz,2005-04-07,,Torwart,
1422101,Noa Stanić,Schweiz,2006-10-09,1.93,Innenverteidiger,6.7935634
1145241,Noa Svalina,Schweiz,2005-07-23,,Sturm,
601613,Noah Bachmann,Schweiz,2002-10-06,,Mittelstürmer,
388214,Noah Boakye,Schweiz,2001-08-13,1.8,Mittelstürmer,6.7141676
925230,Noah Calzascia,Schweiz,2006-04-11,,Linksaußen,
707937,Noah Gräf,Schweiz,2002-10-08,,Zentrales Mittelfeld,
1116186,Noah Jappert,Schweiz,2003-06-18,,Innenverteidiger,6.8313174
927401,Noah Probst,Schweiz,2004-08-21,1.88,Defensives Mittelfeld,6.835334
916485,Noah Saner,Schweiz,2001-02-01,,Linkes Mittelfeld,
704873,Noah Zimmermann,Schweiz,2001-02-14,,Torwart,
443939,Noel Anderegg,Schweiz,1998-05-29,,Innenverteidiger,
1191120,Noel Gafner,Schweiz,2006-06-27,,Defensives Mittelfeld,
947560,Noel Romano,Italien,2003-08-16,1.87,Rechtes Mittelfeld,6.928006
364724,Noel Schmid,Schweiz,1999-08-04,,Torwart,
1405848,Noham Boughazi,Frankreich,2006-05-25,,Mittelfeld,6.8451667
807908,Nohan Cuenat,Schweiz,2003-03-01,1.87,Innenverteidiger,6.786556
1165205,Nolan Baldiserri,Finnland,2006-06-16,,Abwehr,
1119401,Nolan Géraud,Frankreich,2005-02-01,,Mittelfeld,6.8169737
620759,Noris Iten,Schweiz,2002-12-19,,Torwart,
1085828,Noé Florido,Schweiz,2004-11-13,,Offensives Mittelfeld,6.799305
1193369,Noé Gil,Schweiz,2004-05-24,,Offensives Mittelfeld,
956931,Noé Kohler,Schweiz,2005-12-22,,Linker Verteidiger,
807915,Noël Allemann,Schweiz,2003-03-15,,Mittelstürmer,6.739013
1208621,Noël Indermühle,Schweiz,2007-01-03,,Mittelstürmer,6.72819
1005386,Noël Kottmann,Schweiz,2006-10-16,,Torwart,
203111,Nuno da Silva,Schweiz,1994-03-14,1.7,Rechtsaußen,
68004,Nzuzi Toko,DR Kongo,1990-11-20,1.71,Defensives Mittelfeld,
931702,Ognjen Zivkovic,Serbien,2004-11-11,,Linksaußen,
577891,Oliver Frey,Schweiz,1999-07-22,,Abwehr,
218391,Oliver Jonjic,Schweiz,1990-11-01,1.82,Offensives Mittelfeld,
237668,Olivier Joos,Schweiz,1997-03-12,1.81,Torwart,
904397,Omar Abduqadir,Schweiz,2003-06-11,,Sturm,
750928,Onno Koekenbier,Schweiz,2003-01-16,,Innenverteidiger,6.7706575
311482,Orcun Cengiz,Türkei,1995-05-06,,Mittelstürmer,
1048810,Orlando Gyr,Schweiz,2005-05-28,,Torwart,
659268,Orlando Markaj,Schweiz,2004-08-29,,Linkes Mittelfeld,
701591,Oumar Badji Coulibaly,Mali,1993-03-03,,Mittelstürmer,
979496,Oumar Barry,Elfenbeinküste,2004-01-01,,Mittelstürmer,
335447,Oumar Gaye,Frankreich,1991-12-11,,Mittelstürmer,
729094,Ozan Suncak,Türkei,2004-07-31,,Zentrales Mittelfeld,
66449,Pa Modou,Gambia,1989-12-26,1.76,Innenverteidiger,6.722577
679704,Pablo Rebetez,Schweiz,2003-03-04,,Rechter Verteidiger,
208743,Pascal Forny,Schweiz,1991-11-20,1.84,Zentrales Mittelfeld,
944481,Pascal Nydegger,Schweiz,2005-01-07,,Torwart,
533205,Pashk Nikollaj,Kosovo,1999-02-19,,Linker Verteidiger,6.7006083
1161280,Patrick Cushnan,Irland,2007-07-20,,Linker Verteidiger,6.8069124
282945,Patrick Rodrigues Ferreira,Portugal,1995-06-14,,Defensives Mittelfeld,
65445,Patrick Strahm,Schweiz,1988-01-13,,Rechter Verteidiger,
708472,Paulin Mbaye,Frankreich,1998-01-16,,Rechtsaußen,
685181,Paulité,Portugal,2000-08-24,1.69,Linksaußen,
939821,Pavel Fuchser,Schweiz,2006-10-18,,Torwart,7.0611424
1035313,Perparim Rexhepi,Frankreich,1999-09-07,,Rechtes Mittelfeld,
966708,Petar Ivanov,Schweiz,2003-02-16,1.87,Innenverteidiger,
159721,Petar Ugljesic,Schweiz,1992-06-22,1.88,Mittelstürmer,6.694399
121034,Petro Sokil,Ukraine,1990-01-27,1.8,Linker Verteidiger,
310731,Philip Bolliger,Schweiz,1995-12-30,,Torwart,
1291849,Philipp Breu,Schweiz,1996-05-08,,Mittelfeld,
439418,Philipp Hossli,Schweiz,1996-07-28,,Mittelstürmer,
1378237,Philipp Jauch,Schweiz,2002-01-04,1.85,Zentrales Mittelfeld,
498878,Philippe Beck,Schweiz,1999-05-12,,Innenverteidiger,
564371,Philippe Gerspacher,Schweiz,2000-09-29,,Linker Verteidiger,
1178875,Pierre Tendon,Schweiz,2005-01-14,,Innenverteidiger,6.7139173
310362,Pierre Torre,Schweiz,1991-11-25,,Mittelstürmer,
65632,Pietro Di Nardo,Schweiz,1990-02-08,1.75,Defensives Mittelfeld,
33344,Piu,Brasilien,1976-10-01,,Mittelstürmer,
311632,Pius Giger,Schweiz,2000-12-19,,Torwart,
1253713,Plator Qallakaj,Schweiz,2002-05-20,1.89,Torwart,
922623,Pren Gjini,Kosovo,2005-07-29,1.79,Rechter Verteidiger,6.759345
1154362,Presley Sona,Schweiz,2003-11-24,,Innenverteidiger,
424738,Progon Maloku,Albanien,2000-01-27,1.72,Mittelstürmer,
809919,Qeldit Gaxherri,Kosovo,2003-09-21,,Mittelfeld,
987771,Qendrim Aliti,Schweiz,2003-02-05,,Mittelstürmer,
1291883,Quentin Bourquard,Schweiz,1998-04-06,,Defensives Mittelfeld,6.797539
1439621,Quentin Burkhalter,Schweiz,2008-05-03,,Torwart,
905911,Quentin Kohler,Schweiz,2000-08-27,1.72,Linksaußen,
1058011,Quentin Specker,Frankreich,1998-02-20,,Linkes Mittelfeld,6.718699
369329,Radovan Garic,Serbien,1994-09-17,1.92,Torwart,
245440,Radovan Nikolic,Schweiz,1982-09-19,,Mittelfeld,
444901,Rafael Bräm,Schweiz,1999-09-02,,Rechter Verteidiger,
271926,Rafael Fonseca,Schweiz,1996-11-25,,Rechtsaußen,
902755,Rafael Freitas Ferreira,Portugal,2004-03-09,1.79,Linkes Mittelfeld,
933944,Rafail Tsolakis,Griechenland,2002-07-05,1.85,Mittelstürmer,
1058251,Raffael Kracke,Schweiz,2002-08-09,1.8,Rechter Verteidiger,6.7789116
1147181,Ramon Binggeli,Schweiz,2005-04-07,,Rechtes Mittelfeld,
38427,Raphael Mollet,Schweiz,1988-06-18,1.79,Defensives Mittelfeld,
342094,Raphael Paglia,Schweiz,1997-06-16,,Innenverteidiger,
1073126,Raul Merino,Spanien,2001-01-08,,Mittelfeld,
1191422,Raul Pîrvu,Rumänien,1999-09-11,,Torwart,
1155616,Raïs Zouai,Frankreich,1999-04-13,,Offensives Mittelfeld,6.83909
800419,Reda Taqtak,Frankreich,1997-06-05,1.81,Linkes Mittelfeld,6.7836018
640305,Renato Spahiu,Griechenland,1998-12-04,1.78,Mittelstürmer,6.763235
1122563,Rene Baumanis,Lettland,2006-11-16,1.85,Zentrales Mittelfeld,
1035314,Resul Naipi,Schweiz,2003-02-27,,Offensives Mittelfeld,
203114,Reto Heuscher,Schweiz,1994-04-19,1.84,Defensives Mittelfeld,
1135782,Rexhep Bezera,Schweiz,2006-11-04,,Mittelfeld,
908528,Ricardo Dionisio Escobar,Schweiz,2002-01-22,,Mittelfeld,
600069,Richard Gertsch,Thailand,1996-11-17,1.76,Rechtsaußen,6.743172
1154812,Richard Nikaj,Schweiz,2003-06-12,,Rechter Verteidiger,6.5984097
1147179,Riduan Sadriu,Schweiz,2006-01-23,,Mittelstürmer,
604510,Rilind Muhaxheri,Schweiz,2003-04-17,1.83,Innenverteidiger,
268726,Rinor Avdyli,Schweiz,1995-12-25,,Innenverteidiger,
927488,Rinor Avdyli,Schweiz,2004-02-26,1.93,Innenverteidiger,6.646686
708375,Rion Zejnullahu,Kosovo,2003-08-17,1.8,Linker Verteidiger,
605271,Robert Gjergjaj,Schweiz,2000-01-25,,Rechter Verteidiger,
343474,Robi Gajsek,Slowenien,1995-09-12,1.73,Rechtsaußen,
1264873,Robin Bevanda,Schweiz,2006-11-05,,Mittelfeld,
410822,Robin Bieli,Schweiz,1999-07-26,,Linker Verteidiger,
1021732,Robin Brun,Schweiz,2005-04-05,,Torwart,
321857,Robin Gaida,Deutschland,1995-05-23,1.88,Innenverteidiger,6.7258096
243873,Robin Huser,Schweiz,1998-01-24,1.8,Defensives Mittelfeld,
500771,Robin Kalem,Deutschland,2002-07-14,1.81,Offensives Mittelfeld,
479478,Robin Müller,Schweiz,1999-02-15,1.87,Innenverteidiger,
828730,Robin Schneider,Deutschland,2002-09-27,1.82,Torwart,7.113714
65387,Roger Felber,Schweiz,1977-09-23,,Abwehr,
1023194,Roland Dassaul Pokua,Frankreich,1992-09-02,,Innenverteidiger,6.7931514
183018,Roman Herger,Schweiz,1993-07-14,1.75,Mittelstürmer,
244423,Roman Lehmann,Schweiz,1994-06-19,1.75,Innenverteidiger,
1172529,Roman Schneider,Schweiz,2007-01-03,,Abwehr,6.702466
1297442,Ronnie Pesenti,Schweiz,2005-06-02,,Mittelfeld,
193815,Ronny Mazenauer,Schweiz,1991-03-08,,Rechter Verteidiger,
124412,Ronny Minkwitz,Deutschland,1993-12-08,,Zentrales Mittelfeld,
1330729,Ruben Garcia,Schweiz,2005-05-25,,Linker Verteidiger,6.6508904
1377225,Rudil Culpan,Schweiz,2007-06-30,,Torwart,
288264,Ruhan Foniqi,Kosovo,1994-10-14,1.88,Mittelstürmer,6.869074
922491,Ryan Hügi,Schweiz,2000-12-07,,Defensives Mittelfeld,7.01593
696653,Rúben Sousa,Portugal,2000-10-01,1.88,Innenverteidiger,
1291847,Sadik Libourki,Marokko,2005-01-18,,Sturm,6.7439547
994422,Sadik Sotanaj,Deutschland,2006-10-10,,Mittelfeld,
65372,Samir Boussaha,Schweiz,1990-04-23,,Rechtes Mittelfeld,
351862,Samir Nouicer,Frankreich,1986-12-22,1.85,Innenverteidiger,
660167,Samuel Domgjoni,Schweiz,2000-08-26,,Linkes Mittelfeld,
249533,Samuel Eichhorn,Schweiz,1993-08-04,1.85,Torwart,
862746,Samuel Krasniqi,Schweiz,2005-01-03,1.73,Linkes Mittelfeld,6.90948
867589,Samuel Marques,Schweiz,2005-02-04,1.74,Rechtes Mittelfeld,
604789,Samuel Sadulu,Schweiz,2004-01-15,,Rechter Verteidiger,
228864,Samuel Zimmermann,Liechtenstein,1993-09-12,1.88,Innenverteidiger,
1163688,Samuele Bengondo,Schweiz,2005-12-22,1.82,Mittelstürmer,6.8402977
1192639,Samuele Borella Kindelan,Spanien,2002-05-02,,Torwart,
1127543,Samuele Cecere,Schweiz,2004-06-28,,Linkes Mittelfeld,
620793,Samy Hasler,Schweiz,2002-08-03,,Defensives Mittelfeld,7.057103
631847,Sander Kalan,Schweiz,2004-05-12,,Mittelstürmer,6.6618533
1060297,Sandi Sulejmanagic,Schweiz,2003-08-07,1.84,Linker Verteidiger,6.7125287
334615,Sandro Fischer,Schweiz,1991-07-17,,Innenverteidiger,
728346,Sandro Inderbitzin,Schweiz,2004-05-26,,Rechter Verteidiger,6.7120934
602715,Sandro Lafferma,Schweiz,2002-06-27,,Mittelstürmer,
25544,Sandro Marini,Schweiz,1988-01-11,1.72,Offensives Mittelfeld,
638571,Sang-bin Jeong,Südkorea,2002-04-01,1.75,Mittelstürmer,
351708,Sangoné Sarr,Senegal,1992-07-07,1.81,Defensives Mittelfeld,6.9098287
1015632,Sani Ramani,Frankreich,2004-09-15,,Abwehr,
1193114,Sasha Trovato,Italien,2005-05-14,,Mittelstürmer,
563669,Saïd Dardouri,Frankreich,1992-06-20,1.73,Defensives Mittelfeld,6.855714
922993,Schadrac Nkusu,Schweiz,2005-04-06,,Defensives Mittelfeld,6.798306
819298,Sead Ahmeti,Kosovo,2005-04-25,,Linker Verteidiger,6.8058763
165888,Sead Jakupovic,Bosnien-Herzegowina,1992-11-17,1.88,Innenverteidiger,
629409,Sead Selishta,Schweiz,2003-01-04,1.84,Mittelstürmer,6.7238846
235584,Sebastian Bortolin,Schweiz,1993-04-03,1.72,Linksaußen,
603284,Sebastian Gerspacher,Schweiz,2000-09-29,,Rechtes Mittelfeld,
951663,Sebastian Jaggi,Schweiz,2005-06-02,,Defensives Mittelfeld,6.763473
862742,Sebastijan Miljanovic,Kroatien,2004-04-10,,Zentrales Mittelfeld,7.0139747
862749,Sebastián Barrera,Schweiz,2005-10-11,,Innenverteidiger,
1166503,Sekouna Camara,Guinea,2005-01-01,1.7,Linksaußen,6.846891
708376,Selami Lenjani,Kosovo,2003-04-26,1.78,Rechtes Mittelfeld,
457013,Sem Yildiz,Schweiz,2001-03-24,1.74,Mittelstürmer,
1060905,Seme Yohannes,Eritrea,2005-12-26,1.83,Rechtes Mittelfeld,6.764967
1114690,Semir Sinani,Schweiz,2002-01-02,,Mittelfeld,
1405847,Serdil Tango,Schweiz,2006-08-09,,Mittelfeld,
1164609,Sergio Casale,Italien,2005-11-04,1.68,Zentrales Mittelfeld,
388664,Serkan İzmirlioğlu,Türkei,1998-07-10,1.84,Innenverteidiger,
728456,Sertan Yilmaz,Türkei,2004-01-14,,Innenverteidiger,
251779,Severin Fankhauser,Schweiz,1991-10-03,1.85,Torwart,
86789,Seyfettin Kalayci,Schweiz,1990-12-13,,Offensives Mittelfeld,
251800,Seynel Suvakci,Schweiz,1995-03-23,,Defensives Mittelfeld,
608322,Shahen Karimi,Schweiz,1996-05-03,1.88,Innenverteidiger,
702691,Shahin Adwan,Schweiz,2002-02-19,,Mittelstürmer,
694807,Shan Meyer,Schweiz,2003-03-20,,Rechtsaußen,6.827775
601865,Shlirim Zeka,Kosovo,1998-05-15,,Rechter Verteidiger,
1055444,Shpejtim Berisha,Kosovo,2005-01-24,,Offensives Mittelfeld,
192626,Shpetim Arifi,Schweiz,1996-11-07,,Defensives Mittelfeld,
1054058,Sian Dzelili,Schweiz,2006-09-21,1.78,Rechter Verteidiger,6.7184505
244385,Silvan Büeler,Schweiz,1994-07-31,,Innenverteidiger,
365126,Silvan Meisterhans,Schweiz,2000-01-15,,Rechter Verteidiger,6.7099633
904874,Silvan Ottiger,Schweiz,1997-02-26,,Mittelstürmer,
345116,Silvan Williner,Schweiz,1997-04-15,,Innenverteidiger,6.7748594
1200319,Silvio Scherer,Schweiz,2007-03-03,,Rechtsaußen,6.703627
365116,Simeone Kleiner,Schweiz,2001-02-02,,Linkes Mittelfeld,
355779,Simon Brun,Schweiz,1997-07-16,,Mittelstürmer,
1015757,Simon Graber,Schweiz,2007-03-19,,Rechter Verteidiger,6.696905
159299,Simon Grether,Schweiz,1992-05-20,1.79,Rechter Verteidiger,
1399916,Simon Hadorn,Schweiz,1998-09-10,,Zentrales Mittelfeld,6.7323365
37978,Simon Lustenberger,Schweiz,1985-06-18,1.82,Mittelstürmer,
993882,Simon Mathis,Schweiz,2001-05-13,,Innenverteidiger,
333579,Simon Schmid,Schweiz,1998-10-23,,Defensives Mittelfeld,
878115,Simone Campisi,Italien,2004-05-14,,Offensives Mittelfeld,6.869548
1154373,Simone Mekonen,Eritrea,2005-02-11,,Zentrales Mittelfeld,
157726,Simone Parente,Italien,1990-02-04,,Innenverteidiger,
659398,Simone Stroscio,Schweiz,2003-08-20,1.76,Linkes Mittelfeld,
938736,Siyar Batgi,Frankreich,1996-08-13,,Offensives Mittelfeld,6.8626027
957112,Skender Hasani,Serbien,2004-02-08,,Linker Verteidiger,6.8160715
290514,Srdan Sudar,Schweiz,1997-05-03,1.94,Mittelstürmer,
354151,Stefan Jovanovic,Schweiz,1998-07-18,,Rechter Verteidiger,
399709,Stefan Milincic,Schweiz,1997-05-10,,Torwart,
622427,Stefan Mitrev,Nordmazedonien,2003-02-14,1.9,Torwart,7.038248
159712,Stefano Geri,Schweiz,1992-05-18,1.82,Linker Verteidiger,
198287,Stefano Izzo,Schweiz,1993-03-09,,Mittelstürmer,
310060,Stephane Munduki,DR Kongo,2000-11-08,,Linker Verteidiger,
326107,Steven Morf,Schweiz,1997-02-24,,Torwart,
897459,Sven Bugmann,Schweiz,2004-11-15,1.87,Torwart,
629388,Sven Schaffner,Schweiz,2003-05-20,,Innenverteidiger,
91678,Sven Zimmermann,Schweiz,1990-12-03,1.84,Innenverteidiger,
283742,Taulant Limani,Kosovo,1993-09-24,1.72,Defensives Mittelfeld,6.808208
673307,Taulant Shaqiri,Kosovo,1998-11-17,,Mittelfeld,
500767,Taylan Elcarpar,Schweiz,2002-01-30,,Innenverteidiger,
707933,Tchere Mulanga,Schweiz,2003-11-11,,Mittelstürmer,
1202976,Telmo Alves,Portugal,2006-08-02,,Torwart,
92181,Terence Makengo,Frankreich,1992-06-22,1.82,Mittelstürmer,
1135175,Theo Fischer,Schweiz,2005-09-09,,Torwart,
583498,Theo Guil,Schweiz,2001-07-14,,Rechter Verteidiger,
694151,Theo Michel,Schweiz,2003-03-05,,Zentrales Mittelfeld,6.888548
605379,Thiago Frey,Schweiz,2002-03-01,,Defensives Mittelfeld,
621583,Thibault Lancry,Frankreich,1999-02-08,,Rechtsaußen,6.7508054
412873,Thomas Derungs,Schweiz,1993-12-17,,Mittelstürmer,
801733,Thomas Domingos,Frankreich,1996-09-04,,Innenverteidiger,
239441,Thomas Lovis,Schweiz,1994-04-28,1.78,Rechtes Mittelfeld,
320548,Thomas Schiavano,Italien,1996-03-26,1.81,Linkes Mittelfeld,
461595,Théo Ndicka,Frankreich,2000-04-20,1.69,Linker Verteidiger,
978611,Théo Thézénas,Frankreich,2003-08-27,,Rechter Verteidiger,
509235,Théodore Efouba Ayissi,Kamerun,1997-05-05,,Defensives Mittelfeld,
1061182,Tiago Danio Zilembo,Italien,2006-10-28,,Torwart,
1046498,Tiago Holzer,Schweiz,2006-09-11,1.78,Defensives Mittelfeld,6.8356023
1154820,Tiago Lopes,Schweiz,2004-10-21,,Offensives Mittelfeld,
870411,Tieby Yao,Frankreich,1991-08-02,1.83,Linker Verteidiger,6.572302
711361,Till Estermann,Schweiz,2003-01-29,1.87,Innenverteidiger,6.8421216
690541,Till Schumacher,Deutschland,2001-05-10,,Rechtes Mittelfeld,
901021,Tim Bossart,Schweiz,2003-02-19,,Mittelstürmer,
1164441,Tim Erne,Schweiz,2007-09-13,,Torwart,7.1157565
512189,Tim Leuenberger,Schweiz,1998-01-21,1.84,Innenverteidiger,6.769786
410638,Tim Wagner,Schweiz,1998-04-06,,Torwart,
479271,Timo Bertucci,Schweiz,2000-01-18,,Defensives Mittelfeld,
1164263,Timon Nützi,Schweiz,2007-09-20,,Torwart,
1049226,Tiziano Gallacchi,Schweiz,2002-11-29,,Mittelstürmer,
233652,Tobias Walker,Schweiz,1992-12-03,,Linkes Mittelfeld,
907216,Tom Bloxham,Irland,2005-04-30,,Linksaußen,6.9620166
1053470,Tom Singenberger,Schweiz,2006-04-03,,Mittelfeld,
235910,Tom Villemin,Schweiz,1992-04-08,,Rechter Verteidiger,6.8432236
1063278,Tom Vogel,Schweiz,2003-03-03,,Abwehr,
40390,Toufik Zerara,Algerien,1986-02-03,1.78,Defensives Mittelfeld,
580431,Tristan Preta,Italien,2000-08-01,,Torwart,
253574,Tsiy Ndenge,Kamerun,1997-06-13,1.9,Zentrales Mittelfeld,
1015829,Tuğra Turhan,Türkei,2007-08-09,1.75,Mittelstürmer,
923107,Tyler Jakob,Schweiz,2005-01-29,,Innenverteidiger,6.7228966
425051,Tyron Gyamenah,Deutschland,,1.95,Rechtsaußen,
168443,Tyron Pepperday,Schweiz,1991-11-22,1.71,Linksaußen,6.6685
507451,Umberto Soriano,Italien,2001-06-12,1.92,Torwart,
795656,Umut Ünlü,Deutschland,2002-11-02,1.72,Linkes Mittelfeld,
255850,Valdimiro Quinjinca,Angola,1993-06-03,1.82,Linkes Mittelfeld,
602445,Valdrin Dalipi,Schweiz,2001-07-20,1.74,Linksaußen,6.9622188
606358,Valdrin Salihu,Schweiz,2000-11-15,,Linksaußen,6.7937655
956934,Valentin Bagavac,Kroatien,1995-07-07,,Zentrales Mittelfeld,
1082130,Valentin Cuenat,Schweiz,2005-05-07,,Innenverteidiger,
199460,Valentin Gjokaj,Albanien,1993-08-23,,Innenverteidiger,
608155,Valentino Bütler,Schweiz,2001-06-04,,Innenverteidiger,6.849894
357285,Valentino Giansiracusa,Schweiz,1996-07-09,1.84,Linker Verteidiger,6.807471
1060992,Valentino Longo,Schweiz,2006-01-01,,Rechtes Mittelfeld,6.7230124
271937,Valerio Zbinden,Schweiz,2001-09-11,,Torwart,
257904,Valon Muslija,Kosovo,1994-03-01,,Offensives Mittelfeld,6.848452
537601,Vasco Paciência,Portugal,2000-03-23,1.83,Mittelstürmer,
388742,Victor Silva,Schweiz,1996-10-30,,Rechter Verteidiger,
728361,Viktor Pajic,Schweiz,2005-03-04,,Mittelstürmer,6.6763253
86783,Vilson Doda,Schweiz,1990-06-29,1.81,Rechtes Mittelfeld,
1165208,Vincent Oeuvray,Schweiz,2006-04-25,,Linker Verteidiger,
927577,Vinicios Alcantara,Brasilien,2005-06-08,,Innenverteidiger,6.779649
603286,Visar Aliu,Schweiz,2000-12-08,,Innenverteidiger,6.685892
318834,Vladimir Orsolic,Bosnien-Herzegowina,1997-06-03,1.86,Innenverteidiger,
1042418,Vlerson Veseli,Kosovo,1998-10-10,,Mittelstürmer,
601869,Vullnet Ukaj,Kosovo,1991-09-18,,Torwart,
1128328,Wagner Gontijo,Brasilien,1994-01-13,,Innenverteidiger,
403697,Wayan Ducommun,Schweiz,1998-05-02,,Defensives Mittelfeld,6.872715
249179,Wellington,Brasilien,1992-05-25,1.8,Mittelstürmer,
1058252,Wilkins Luciano,Schweiz,2004-04-16,1.78,Linksaußen,6.813617
962842,William Amorim,Portugal,2005-05-06,1.78,Zentrales Mittelfeld,
500095,Yacine Benbiri,Schweiz,2000-07-22,,Innenverteidiger,
1409714,Yahay Khayat,Italien,2002-10-10,,Mittelfeld,
298592,Yanick Hofer,Schweiz,1996-09-28,1.93,Torwart,
166418,Yanick Rapelli,Schweiz,1992-12-17,1.73,Rechtes Mittelfeld,
787922,Yann Constant,Frankreich,1997-05-19,1.79,Rechtsaußen,6.835348
901003,Yannic Aregger,Schweiz,2000-11-02,1.7,Mittelstürmer,
660188,Yannick Bato,Frankreich,1990-12-23,,Linkes Mittelfeld,
927575,Yannick Egli,Schweiz,2005-06-13,,Torwart,
604784,Yannick Netala,Schweiz,2004-08-13,1.77,Zentrales Mittelfeld,
198916,Yannick Waser,Schweiz,1993-10-07,1.84,Innenverteidiger,6.721175
1163653,Yannik Pfäffli,Schweiz,2003-09-14,,Innenverteidiger,6.801133
371557,Yannik Wiget,Schweiz,1997-04-09,1.82,Defensives Mittelfeld,
1119646,Yannis Schweitzer,Schweiz,2005-07-25,,Mittelfeld,
1439586,Yassine Ascali,Spanien,2003-05-03,,Mittelfeld,6.7809114
1234608,Yassine Bouazzi,Tunesien,2000-01-01,,Mittelstürmer,6.702151
357266,Yoan Epitaux,Schweiz,2001-03-06,1.88,Innenverteidiger,
705054,Yoroma Jatta,Frankreich,1994-04-20,1.92,Mittelstürmer,6.8508244
873452,Young-jun Lee,Südkorea,2003-05-23,1.93,Mittelstürmer,
88422,Yvano Fleury,Schweiz,1990-05-03,,Sturm,
1046532,Yves Allou,Schweiz,2006-08-16,,Mittelstürmer,
1383688,Yves Haymoz,Schweiz,2005-08-20,,Defensives Mittelfeld,
294595,Yves Kaiser,Schweiz,1998-04-30,1.82,Innenverteidiger,
990637,Zachary Athekame,Schweiz,2004-12-13,1.81,Rechter Verteidiger,
1101485,Zeljko Madzarevic,Kroatien,1996-06-17,,Mittelstürmer,
244417,Zeno Huser,Schweiz,1990-07-12,,Mittelstürmer,
636538,Zidane Vaz,Spanien,2000-06-13,1.84,Linkes Mittelfeld,6.674528
620754,Zinedin Mesic,Kroatien,2002-10-02,,Offensives Mittelfeld,
381488,Zoltán Kontár,Slowakei,1993-11-07,1.73,Zentrales Mittelfeld,
340538,Zé Turbo,Guinea-Bissau,1996-10-22,1.88,Mittelstürmer,
1062387,Álex Baldrich,Spanien,2003-06-14,1.84,Zentrales Mittelfeld,
383804,Álvaro Ramalho,Portugal,1999-01-20,1.91,Torwart,
345884,Çlirim Shabani,Albanien,1998-06-16,1.85,Mittelstürmer,
862051,Özgür Parlak,Deutschland,2000-08-28,1.78,Rechtes Mittelfeld,
810850,Aaron Moyane,Schweiz,2004-07-22,,Offensives Mittelfeld,
899451,Abasse Traore,Burkina Faso,1998-11-16,,Linker Verteidiger,
1448951,Abdel Zidane Moussa,Benin,1996-10-25,,Torwart,6.965545
1384023,Adam Burgos Chouad,Spanien,2005-11-27,,Mittelfeld,
1163140,Adam Radi,Marokko,2004-10-10,,Rechtes Mittelfeld,
1016613,Adem Arifagic,Schweiz,2002-06-24,1.8,Rechtes Mittelfeld,
220458,Adhavan Rajamohan,Sri Lanka,1993-02-21,1.84,Offensives Mittelfeld,
421818,Adhurim Gashi,Schweiz,2000-06-20,,Sturm,
428067,Adnan Jasari,Schweiz,1983-02-18,,Mittelfeld,
87914,Adrian Bernet,Schweiz,1978-05-23,1.8,Torwart,
410870,Adrian Gantenbein,Schweiz,2001-04-18,1.83,Rechter Verteidiger,
594765,Adrian Gössi,Schweiz,1999-06-04,,Sturm,
1438677,Adrian Morel Rosario,Dominikanische Republik,2005-01-12,,Torwart,
1049117,Adriatik Haxhija,Schweiz,2003-10-31,,Mittelstürmer,
923060,Adrián Fernández,Schweiz,2005-05-06,1.8,Defensives Mittelfeld,6.806381
893279,Adrián Rojo,Spanien,2001-08-22,,Torwart,
244473,Agim Zeciri,Liechtenstein,1984-03-16,1.73,Mittelstürmer,
1521221,Agustin Espel,Uruguay,2001-05-19,1.77,Mittelstürmer,6.6421776
1378633,Agustin Rojo Acosta,Argentinien,2005-06-15,,Zentrales Mittelfeld,
692191,Al Baraa Ltaief,Tunesien,2004-01-11,,Offensives Mittelfeld,
441106,Alain Abaz,Frankreich,1998-03-19,,Torwart,
528951,Albert Aliji,Slowenien,1999-06-15,1.76,Defensives Mittelfeld,
525341,Albin Behluli,Serbien,2002-04-15,1.77,Offensives Mittelfeld,
500752,Albin Hoti,Kosovo,2001-08-15,1.83,Zentrales Mittelfeld,
159001,Albion Avdijaj,Albanien,1994-01-12,1.91,Mittelstürmer,6.7884727
192655,Aldin Turkes,Bosnien-Herzegowina,1996-04-22,1.93,Mittelstürmer,
647170,Alejandro Muñoz,Spanien,1997-12-06,1.82,Mittelstürmer,
521445,Aleksandar Mladenovic,Schweiz,2001-11-02,,Mittelstürmer,6.762903
311617,Aleksandar Radovic,Serbien,1994-09-05,,Innenverteidiger,
584775,Aleksandar Zivanovic,Liechtenstein,2004-02-04,,Mittelfeld,6.6953835
901351,Aleksander Thaqi,Schweiz,2000-03-12,,Mittelfeld,
697260,Alen Coric,Schweiz,2002-03-28,1.88,Zentrales Mittelfeld,
996956,Alessandro Arioli,Italien,2003-08-06,,Rechter Verteidiger,
1412071,Alessandro Cancellara,Schweiz,2007-03-02,,Innenverteidiger,
362856,Alessandro Castellan,Italien,1988-01-13,1.87,Zentrales Mittelfeld,6.724496
441909,Alessandro Crescenti,Schweiz,1998-05-02,1.78,Linksaußen,
620583,Alessandro Hossmann,Schweiz,2001-10-01,,Rechter Verteidiger,6.7722545
167889,Alessandro Martinelli,Schweiz,1993-05-30,1.75,Zentrales Mittelfeld,6.9493937
500981,Alessandro Mauriello,Schweiz,2000-04-11,1.75,Rechter Verteidiger,
168983,Alessandro Merlo,Schweiz,1993-05-04,1.82,Torwart,
1438688,Alessandro Rullo,Schweiz,2006-10-11,,Torwart,
543515,Alessandro Sabino,Schweiz,2001-11-29,,Rechtes Mittelfeld,6.87713
321666,Alessio Bellante,Schweiz,1995-09-17,1.9,Torwart,
815579,Alessio Calacoci,Italien,2004-07-01,,Linker Verteidiger,6.819741
603586,Alessio Caputo,Italien,2004-02-03,,Offensives Mittelfeld,
250489,Alessio D'Angelo,Italien,1994-10-26,1.84,Mittelstürmer,
1292509,Alessio De Simeis,Schweiz,2005-07-26,,Zentrales Mittelfeld,6.872755
448238,Alessio Stumpo,Italien,1996-05-23,,Rechter Verteidiger,6.721341
548586,Alessio Telesca,Italien,1998-07-18,1.8,Linker Verteidiger,
1109357,Alex Okaingni,Italien,1999-12-01,1.8,Rechter Verteidiger,6.8039145
728389,Alex Ybrah,Eritrea,2004-01-18,,Linker Verteidiger,6.722733
696886,Alexander Bitterli,Schweiz,2001-07-20,,Linkes Mittelfeld,
1091598,Alexander Giger,Schweiz,2006-12-04,,Zentrales Mittelfeld,6.7771916
1268737,Alexander Locher,Schweiz,2005-02-06,,Sturm,
244429,Alexander Marxer,Liechtenstein,1994-04-04,1.86,Innenverteidiger,
529315,Alexander Muci,Schweiz,2000-11-20,1.86,Torwart,
903190,Alexandro Pire,Albanien,2005-03-16,,Zentrales Mittelfeld,
538625,Alexis Rüegg,Schweiz,1999-05-14,1.9,Torwart,
935981,Alfred Oketayot,Niederlande,2003-01-12,1.83,Offensives Mittelfeld,
807970,Alija Hadziarapovic,Schweiz,2004-06-11,,Linksaußen,6.8396564
869451,Aliriza Ritter,Schweiz,1995-07-26,,Innenverteidiger,
1016238,Alisan Morina,Schweiz,2006-11-02,,Mittelstürmer,6.72819
271916,Aljaz Kavcic,Slowenien,1994-09-03,1.87,Innenverteidiger,
413439,Allan Arigoni,Schweiz,1998-11-04,1.84,Rechter Verteidiger,
1059689,Almir Sinanaj,Kosovo,2007-03-10,,Torwart,
284246,Alpay Inaner,Schweiz,1997-05-23,,Torwart,
677130,Altan Sayar,Schweiz,2001-07-02,,Offensives Mittelfeld,
1027424,Altin Ramabaja,Schweiz,2001-12-05,,Mittelstürmer,6.727641
353136,Altin Rrakaqi,Kosovo,2002-05-04,,Defensives Mittelfeld,
927421,Altin Selimi,Schweiz,2004-06-29,,Offensives Mittelfeld,6.795456
159719,Amar Sabanovic,Schweiz,1991-10-21,1.88,Mittelstürmer,
422059,Amar Uzunovic,Schweiz,1997-04-30,1.79,Mittelstürmer,
1082086,Amel Hadzic,Schweiz,2005-02-04,,Mittelfeld,
807966,Amel Limani,Schweiz,2004-05-05,,Zentrales Mittelfeld,
728388,Amil Limani,Schweiz,2004-05-05,,Innenverteidiger,
424678,Amir Kadic,Schweiz,1999-01-30,1.8,Zentrales Mittelfeld,
1054561,Andi Taci,Ungarn,1994-02-07,1.82,Mittelstürmer,
1113810,Andrea Cataldo,Italien,2004-05-25,1.79,Torwart,
19797,Andrea Cataldo,Schweiz,1983-10-25,1.8,Torwart,
251396,Andrea Lo Re,Italien,1992-04-08,1.77,Mittelstürmer,
1399785,Andrea Pizzagalli,Schweiz,2007-04-27,,Mittelstürmer,
483942,Andrea Tarasco,Italien,2000-09-22,1.85,Innenverteidiger,
153765,Andreas Becchio,Italien,1992-07-19,1.87,Mittelstürmer,6.8369894
721752,Andreas Böfer,Schweiz,1992-12-06,,Abwehr,
183125,Andrei Herlea,Rumänien,1993-01-30,1.81,Innenverteidiger,6.734819
1193340,Andrej Affolter,Schweiz,2002-07-03,,Innenverteidiger,6.781581
71539,Andri Janett,Schweiz,1996-04-06,,Rechtes Mittelfeld,
1061726,Andrija Andjelkovic,Schweiz,2006-11-24,,Mittelstürmer,6.7281737
1438721,Andrin Bickel,Schweiz,2006-03-21,,Mittelfeld,6.701004
1137586,Andrin Burkart,Schweiz,2004-05-17,,Mittelfeld,
466569,Andrin Netzer,Liechtenstein,2002-01-11,1.79,Rechter Verteidiger,
667897,Andrin Roth,Schweiz,2001-02-25,,Torwart,
802168,Andrin Züger,Schweiz,2003-05-05,,Torwart,
500094,André Barbosa da Silva,Schweiz,2000-08-27,1.78,Rechter Verteidiger,
111418,André Gonçalves,Schweiz,1992-01-23,1.8,Rechter Verteidiger,
311246,André Mutumbua,Angola,1999-10-05,,Linkes Mittelfeld,6.655536
620798,Andy Käppeli,Schweiz,2002-01-28,,Torwart,
1378220,Angelo Antonazzo,Italien,2008-02-06,,Sturm,
708029,Angelo Marena,Schweiz,2003-07-18,1.91,Mittelstürmer,
316619,Anis Ramcilovic,Schweiz,1996-12-16,1.9,Innenverteidiger,
1017432,Anthony Susnja,Schweiz,2004-06-17,1.84,Rechtsaußen,
515106,Anto Bonic,Kroatien,1995-06-13,1.83,Zentrales Mittelfeld,
33056,Antoine Rey,Schweiz,1986-08-25,1.68,Zentrales Mittelfeld,6.836353
801918,Antonio Bessa Salgado,Portugal,2001-08-07,,Torwart,
369010,Antonio Dabormida,Italien,1992-08-18,,Mittelfeld,
1332727,Antonio Kaba Mangrei,Spanien,1998-11-28,,Mittelstürmer,
1025234,Antonio Verinac,Kroatien,2004-12-27,1.93,Mittelstürmer,6.909102
500756,Arber Sacipi,Schweiz,2001-06-16,,Linker Verteidiger,
388710,Argjend Gashi,Schweiz,1997-04-22,,Zentrales Mittelfeld,
494404,Argtim Ismaili,Schweiz,1999-02-25,1.84,Defensives Mittelfeld,6.7969084
474687,Arian Vujic,Schweiz,2000-07-25,1.87,Mittelstürmer,
807864,Aristotelis Skortidis,Schweiz,2004-01-23,,Rechtes Mittelfeld,
602444,Arlind Dakaj,Schweiz,2001-10-13,1.76,Defensives Mittelfeld,6.750781
1053235,Armaan Kalra,Indien,2001-09-22,,Innenverteidiger,6.7215905
345207,Armando Majer,Liechtenstein,1999-05-12,1.84,Torwart,
1009313,Armando Rexhepaj,Italien,2002-05-18,1.81,Offensives Mittelfeld,6.98435
357862,Armin Abaz,Schweiz,2002-03-27,1.87,Torwart,
244467,Armin Tuhcic,Liechtenstein,1993-02-16,1.82,Torwart,
1172347,Aron Santos Lima,Brasilien,2003-03-10,,Rechtsaußen,
294745,Aron Sele,Liechtenstein,1996-09-02,1.68,Defensives Mittelfeld,6.80194
736048,Arsen Lleshi,Albanien,1999-12-30,1.8,Mittelstürmer,
1059200,Aruel Klinaku,Kosovo,2006-02-06,,Torwart,7.1355567
332901,Axel De Biasi,Schweiz,1996-08-31,1.75,Defensives Mittelfeld,6.92861
1264408,Ayman Stify,Schweiz,2005-10-26,,Mittelfeld,
500374,Babelessa Backa,Frankreich,2000-09-25,,Rechtsaußen,
632245,Baki Sari,Türkei,2000-01-18,,Rechtes Mittelfeld,
807920,Bastian Weibel,Schweiz,2004-03-31,,Torwart,
201164,Bendegúz Györky,Ungarn,1994-04-27,,Zentrales Mittelfeld,6.855703
1042423,Beniamin Lukaj,Schweiz,2005-11-16,,Mittelfeld,
823903,Benito Dragone,Italien,2003-01-18,,Rechter Verteidiger,
927389,Benjamin Brändli,Schweiz,2005-04-29,,Linker Verteidiger,
608576,Benjamin Tritten,Schweiz,1999-04-17,,Zentrales Mittelfeld,6.7770004
429866,Benjamin Vogt,Liechtenstein,1999-06-28,,Linker Verteidiger,
524709,Besart Bajrami,Schweiz,2000-02-29,1.81,Innenverteidiger,6.7003
439501,Besart Islamaj,Kosovo,1993-01-22,1.8,Innenverteidiger,
1335100,Bhaarath Katheesrupan,Schweiz,2002-05-01,,Torwart,
1016648,Biagio Curti,Italien,2003-04-04,,Sturm,
1129694,Björn Lindroos,Schweiz,2004-03-28,,Torwart,7.0751004
659396,Bleard Demi,Kosovo,2003-03-08,,Defensives Mittelfeld,
1055414,Bleon Asani,Schweiz,2003-01-29,,Mittelstürmer,
707521,Bleon Ramadani,Serbien,2003-01-21,,Zentrales Mittelfeld,
632288,Blerant Memeti,Serbien,2002-07-22,,Innenverteidiger,
268725,Blerton Avdyli,Schweiz,1994-04-21,,Mittelstürmer,
699102,Boris Steiner,Schweiz,2004-05-31,,Torwart,
1170356,Borko Rakic,Schweiz,2007-03-19,,Mittelstürmer,6.808668
776224,Boyan Jia,China,2003-11-30,1.7,Rechtsaußen,
1163676,Brando Canzian,Schweiz,2004-10-29,1.85,Linker Verteidiger,6.607066
154350,Branko Bankovic,Schweiz,1992-04-11,1.78,Rechtsaußen,
991205,Brendi Sudi,Italien,2004-01-03,,Mittelfeld,
751042,Brian Bellis,Schweiz,2003-09-24,,Zentrales Mittelfeld,6.8043704
492688,Brian Staubli,Schweiz,2001-02-27,,Innenverteidiger,
1082900,Bruno Gürgeli,Deutschland,2006-01-23,1.8,Rechtsaußen,6.7351313
885563,Bryan Blanco,Italien,2005-04-17,1.85,Zentrales Mittelfeld,
404025,Bryan Mallo,Schweiz,1999-12-04,,Rechter Verteidiger,6.8049173
606354,Bryan Sleiman,Schweiz,1998-02-09,1.88,Rechtsaußen,
164624,Béni Faragó,Ungarn,1995-02-01,1.83,Defensives Mittelfeld,
311554,Caine Keller,Schweiz,1995-09-06,1.8,Linker Verteidiger,6.865218
1013572,Callum Niederberger,Schweiz,2005-01-26,,Mittelfeld,
464194,Caner Türkmen,Schweiz,2000-03-10,,Mittelstürmer,6.755729
66707,Cengiz Biçer,Liechtenstein,1987-12-11,1.88,Torwart,
307486,Ceyhun Tüccar,Österreich,1998-01-25,,Offensives Mittelfeld,6.7538447
284774,Chamba Yondhen,Schweiz,1990-05-17,,Mittelfeld,
625783,Chris Suter,Schweiz,2002-12-05,,Rechter Verteidiger,
1163870,Christian Bianchi,Schweiz,2005-04-27,1.77,Rechtes Mittelfeld,6.663652
184190,Christian Frei,Schweiz,1995-09-10,1.81,Torwart,
492096,Christian Meili,Schweiz,1999-06-17,,Torwart,
507490,Christian Witzig,Schweiz,2001-01-09,1.78,Linkes Mittelfeld,
346903,Christopher Lungoyi,Schweiz,2000-07-04,1.82,Linksaußen,
252075,Claudio Bernet,Schweiz,1996-08-17,1.93,Torwart,
801887,Claudio Lamia,Italien,1984-05-19,,Mittelfeld,
294722,Claudio Majer,Liechtenstein,1996-03-23,1.82,Torwart,
357830,Claudius Brüniger,Schweiz,1996-07-19,,Innenverteidiger,6.8584046
954454,Clemens Vonbrül,Österreich,2006-10-04,1.82,Torwart,
904887,Cornel Bandli,Schweiz,1998-08-07,1.82,Linkes Mittelfeld,6.7019362
449196,Cornel Keller,Schweiz,1993-05-29,,Torwart,
323370,Cosimo Nappi,Italien,1993-07-28,1.85,Torwart,
667460,Cristian Bleisch,Schweiz,2004-04-20,1.7,Rechtsaußen,
86653,Cyrill Graf,Schweiz,1990-11-13,,Rechtsaußen,
869445,Cédric Wächli,Schweiz,1999-07-19,,Linkes Mittelfeld,
1049487,Dailon Ramadani,Deutschland,2005-09-05,1.9,Mittelstürmer,
583035,Damian Böhler,Schweiz,2003-01-10,,Torwart,
816365,Damian Corbisiero,Schweiz,2005-04-14,1.88,Torwart,7.081142
711439,Damian Gajic,Schweiz,2003-02-26,,Mittelstürmer,
432865,Damian Schmid,Schweiz,1999-01-29,1.79,Linksaußen,6.7929707
1048272,Damiano Deflorin,Schweiz,2003-04-19,,Zentrales Mittelfeld,
1197444,Damijan Brkljaca,Kroatien,2007-10-10,,Torwart,
74955,Daniel Bruggmann,Schweiz,1990-03-13,1.75,Defensives Mittelfeld,
290236,Daniel Djukaric,Schweiz,1994-11-07,1.84,Innenverteidiger,
169540,Daniel Feldmann,Schweiz,1986-02-02,,Defensives Mittelfeld,
137336,Daniel Geisser,Schweiz,1991-04-02,,Torwart,
717634,Daniel Injic Rodrigues,Portugal,2002-12-07,,Rechtsaußen,
114043,Daniel Kaufmann,Liechtenstein,1990-12-22,1.89,Innenverteidiger,
270200,Daniel Lässer,Schweiz,1995-03-17,1.83,Defensives Mittelfeld,6.975218
605935,Daniel Pinheiro,Schweiz,2000-09-06,1.84,Mittelstürmer,
354153,Daniel Ribeiro,Brasilien,1998-05-29,1.75,Linkes Mittelfeld,
620586,Daniel Sousa,Portugal,2002-03-24,,Torwart,
435072,Daniel de Almeida,Schweiz,1999-07-05,,Rechter Verteidiger,6.7882156
716069,Daniele Gonzalez Gutierrez,Schweiz,2004-02-18,,Torwart,
1297147,Daniele Ingletto,Schweiz,2007-05-09,,Torwart,
931985,Daniele My,Schweiz,2004-12-11,,Mittelfeld,
922091,Dardan Ajeti,Schweiz,1999-09-14,1.8,Innenverteidiger,
339312,Dardan Morina,Kosovo,1996-02-04,1.75,Rechtsaußen,6.9716034
869003,Dario Dreier,Schweiz,2000-05-30,,Zentrales Mittelfeld,
231170,Dario Koller,Schweiz,1993-09-05,1.73,Rechtes Mittelfeld,
954132,Dario Stöber,Schweiz,2006-10-08,1.9,Mittelstürmer,6.6930847
715769,Darlin Donez Sánchez,Dominikanische Republik,2002-08-23,,Zentrales Mittelfeld,
1016649,Darwyn Burgos,Dominikanische Republik,2004-08-01,,Linkes Mittelfeld,
1133369,David Babic,Kroatien,1999-05-04,,Abwehr,
17302,David Da Costa,Schweiz,1986-04-19,1.86,Torwart,
815644,David Ilic,Schweiz,2001-11-07,,Mittelfeld,
810851,David Kercek,Deutschland,2005-01-17,1.86,Torwart,
1291945,David Marku,Kosovo,2002-08-17,,Mittelfeld,
1264388,David Müller,Schweiz,2003-10-20,,Mittelfeld,
133641,David Stojanov,Nordmazedonien,1991-10-09,1.84,Mittelstürmer,
633202,David Vlacic,Schweiz,2003-04-01,,Mittelstürmer,
603767,David Weber,Schweiz,2001-12-04,1.8,Torwart,
1042462,Davide Velardi,Italien,2002-07-28,,Linkes Mittelfeld,6.6288776
685326,Decio Neto,Brasilien,1997-11-04,1.87,Innenverteidiger,6.824096
433853,Dejan Ilic,Schweiz,1995-02-10,1.86,Mittelstürmer,
235467,Dejan Miljkovic,Schweiz,1993-02-21,1.89,Linkes Mittelfeld,
131503,Dejan Misic,Slowenien,1988-07-25,1.78,Linker Verteidiger,
1202166,Delio Settembrini,Schweiz,2004-02-27,,Sturm,
368584,Denis Agushi,Schweiz,1999-01-29,1.75,Linksaußen,
441024,Denis Hoxha,Italien,1997-07-25,1.8,Defensives Mittelfeld,
684540,Denis Muran,Slowakei,1999-01-14,1.8,Mittelfeld,
1103497,Dennis Aberia,Schweiz,2003-09-21,,Rechtes Mittelfeld,6.6639977
180824,Dennis Demirci,Schweiz,1993-12-26,1.75,Zentrales Mittelfeld,
550694,Devid Girola,Italien,2001-01-30,1.9,Innenverteidiger,
864687,Devin Baumann,Schweiz,2001-11-06,1.7,Defensives Mittelfeld,
357848,Devin Horak,Schweiz,1999-05-06,,Defensives Mittelfeld,
992925,Dharma Burkhard,Schweiz,2005-11-06,1.8,Torwart,
518173,Diar Miftaraj,Kosovo,1990-10-20,1.87,Defensives Mittelfeld,
1254774,Diego Alves Pimenta,Schweiz,2006-07-03,,Mittelstürmer,
1207708,Diego Besio,Schweiz,2006-06-23,1.87,Mittelstürmer,6.756556
902988,Diego De Souza,Schweiz,2005-04-27,1.83,Innenverteidiger,6.7940364
1016237,Diego Gaetano,Schweiz,2006-06-15,,Offensives Mittelfeld,6.878952
244424,Diego Liechti,Schweiz,1990-09-21,,Innenverteidiger,6.8073916
911225,Diego Lobo,Schweiz,2005-09-26,1.69,Linksaußen,6.762275
1438464,Diego Torricini,Italien,2007-02-07,,Mittelfeld,6.6833973
245432,Dimitrios Chassanidis,Griechenland,1994-08-26,,Linker Verteidiger,
1113805,Din Hukanovic,Bosnien-Herzegowina,2006-08-29,1.82,Linksaußen,6.6804986
363604,Dino Duvnjak,Schweiz,1997-03-06,,Defensives Mittelfeld,
927557,Diogo Pinto Peixoto,Portugal,2006-05-11,,Mittelstürmer,6.72819
1015810,Dion Cakolli,Schweiz,2007-06-07,1.86,Mittelstürmer,
820629,Dion Salihu,Schweiz,2002-10-07,,Rechter Verteidiger,
1061724,Dionis Bytyqi,Schweiz,2006-06-12,1.86,Linker Verteidiger,
357261,Dionis Ramaj,Schweiz,1997-09-26,1.8,Mittelstürmer,
708378,Dominic Haldemann,Schweiz,2003-05-21,,Torwart,
1163657,Dominic Philips,Schweiz,2004-02-02,1.88,Zentrales Mittelfeld,7.0283837
186714,Dominik Fabbricatore,Schweiz,1987-02-11,,Defensives Mittelfeld,
607598,Dominik Macic,Schweiz,2001-11-05,,Defensives Mittelfeld,
30998,Dominique Nowak,Deutschland,1985-09-23,1.92,Torwart,
625370,Donart Asani,Kosovo,2002-06-18,1.87,Linker Verteidiger,
901353,Donart Salihi,Schweiz,2001-12-15,,Zentrales Mittelfeld,
670394,Dorjan Lekaj,Kosovo,2001-01-17,,Mittelfeld,
1464134,Drilon Rrafshi,Schweiz,2005-09-27,,Linker Verteidiger,6.766952
387490,Dusan Cvetkovic,Serbien,1996-04-23,1.8,Innenverteidiger,
191862,Dusan Ranisavljevic,Schweiz,1990-07-31,,Rechter Verteidiger,
607629,Dylan Versfeld,Niederlande,2002-08-13,,Innenverteidiger,
808154,Eddy Gnaziri,Elfenbeinküste,1992-10-31,1.87,Rechtes Mittelfeld,
336586,Edi Duvnjak,Schweiz,1997-03-06,,Innenverteidiger,
1116554,Edin Mujkanovic,Schweiz,2004-07-07,,Mittelfeld,
901383,Edis Memic,Schweiz,2002-10-13,,Zentrales Mittelfeld,
282811,Edis Pilica,Schweiz,1992-03-30,1.84,Torwart,
474028,Edis Smajovic,Schweiz,2000-03-03,1.78,Linkes Mittelfeld,
310276,Edison Syla,Kosovo,1995-08-11,,Linkes Mittelfeld,
49372,Edmir Asani,Norwegen,1985-04-23,1.82,Innenverteidiger,
1088068,Edoardo Borghi,Italien,2006-03-10,1.92,Innenverteidiger,
923227,Edoardo Castelluccia,Italien,2005-03-17,1.77,Linksaußen,6.836272
814628,Edoardo Pompilio,Italien,2002-06-02,1.83,Innenverteidiger,
1268714,Edon Dzaferi,Schweiz,2005-03-18,,Mittelfeld,
996432,Efe Gürgen,Schweiz,2004-02-17,,Rechtes Mittelfeld,
247761,Egzon Shabani,Nordmazedonien,1991-11-26,1.72,Mittelstürmer,
1077487,Egzon Zendeli,Deutschland,2005-03-14,1.79,Linksaußen,
1042261,Elham Azizi,Schweiz,2004-09-19,,Linker Verteidiger,
1246201,Elhan Ljatifi,Schweiz,2003-02-05,,Zentrales Mittelfeld,6.790556
818426,Elia Feltre,Schweiz,2002-06-05,,Torwart,
393815,Elias Stark,Österreich,2000-02-26,,Mittelstürmer,
659453,Elio Stocker,Schweiz,2004-02-04,,Linker Verteidiger,
1407050,Eljduan Ramadani,Schweiz,1990-02-16,,Defensives Mittelfeld,
284334,Elvedin Jakupovic,Schweiz,1989-05-14,,Torwart,
440389,Emanuele Durini,Schweiz,1999-03-20,1.88,Torwart,
1145642,Emil Crnovrsanin,Schweiz,2007-06-23,1.85,Rechtsaußen,6.7929707
927433,Emin Zeric,Schweiz,2005-07-27,,Zentrales Mittelfeld,6.795535
395195,Emir Murati,Italien,2000-03-07,1.83,Zentrales Mittelfeld,6.9180737
603772,Emir Murati,Nordmazedonien,2001-02-14,1.76,Linkes Mittelfeld,6.634607
183134,Emir Salkic,Bosnien-Herzegowina,1994-08-24,,Linkes Mittelfeld,
1172343,Emre Ekinci,Türkei,2004-01-07,,Zentrales Mittelfeld,6.8168635
1131002,Emsed Bajrami,Schweiz,2005-06-04,,Rechtes Mittelfeld,
805773,Endrin Lesi,Schweiz,2004-09-19,,Innenverteidiger,
1016650,Endris Agushi,Schweiz,2002-04-16,,Mittelfeld,
1139292,Endrit Hasanmetaj,Kosovo,2007-01-28,,Innenverteidiger,
1126742,Enea Zappala,Schweiz,2007-11-28,,Torwart,
901382,Enes Bunjaku,Schweiz,1995-04-02,,Mittelfeld,
1142305,Enes Keskin,Türkei,2006-07-23,,Linksaußen,
123966,Enis Domuzeti,Kosovo,1991-09-08,1.84,Mittelstürmer,
365150,Enis Lela,Schweiz,1997-07-22,1.82,Defensives Mittelfeld,
165909,Enis Ramadani,Nordmazedonien,1992-02-08,1.78,Offensives Mittelfeld,
1082864,Enis Tairi,Schweiz,2006-03-02,,Sturm,6.6804986
883045,Enoch Owusu,Italien,2005-01-08,1.84,Rechtsaußen,
544401,Enrico De Nobile,Schweiz,2003-01-08,1.73,Linksaußen,6.777933
507413,Enrique Riccardi,Schweiz,2002-09-04,,Zentrales Mittelfeld,
1323265,Enrique Rodriguez,Schweiz,2006-09-04,,Torwart,
417897,Ensar Hajrovic,Schweiz,1998-03-17,1.89,Zentrales Mittelfeld,
932170,Enzo Fiechter,Schweiz,2006-02-03,1.9,Mittelstürmer,
1378219,Eray Burmaci,Schweiz,2007-03-18,1.81,Rechter Verteidiger,
435066,Eray Erbinel,Schweiz,2000-03-26,1.86,Defensives Mittelfeld,6.799919
907886,Erblin Vitija,Schweiz,2002-12-27,1.7,Offensives Mittelfeld,
224880,Eren Elbüstü,Deutschland,1996-05-28,1.87,Offensives Mittelfeld,6.6757517
359080,Eric Gülünay,Schweiz,1999-04-04,1.86,Innenverteidiger,
1113807,Eric Nickel,Deutschland,2004-02-22,,Abwehr,
316614,Erick Ntsika,Schweiz,1992-11-12,1.9,Innenverteidiger,
1295396,Erion Metoli,Schweiz,2006-05-24,,Torwart,
747801,Erolind Sylaj,Kosovo,2002-10-20,1.88,Mittelstürmer,6.7054114
1163868,Esmer Hajrovic,Bosnien-Herzegowina,2000-11-17,,Linker Verteidiger,
454177,Esmir Rastoder,Schweiz,1999-11-28,1.88,Hängende Spitze,
128458,Etienne Manca,Schweiz,1991-10-24,1.81,Defensives Mittelfeld,
1046526,Ezequiel Meili,Schweiz,2006-04-22,1.89,Innenverteidiger,6.7655725
728390,Fabian Angehrn,Schweiz,2005-02-28,,Innenverteidiger,
1318532,Fabian Grob,Schweiz,1999-03-02,,Torwart,
1172586,Fabian Inglin,Schweiz,2001-12-24,,Innenverteidiger,
1013635,Fabian Müller,Schweiz,1983-06-10,,Torwart,
1061063,Fabian Zurbuchen,Schweiz,2005-06-24,,Torwart,
707556,Fabio Barroso Alves,Schweiz,2003-01-21,,Rechtsaußen,
926636,Fabio Brancher,Italien,1998-11-10,,Rechter Verteidiger,6.7848053
330911,Fabio Cariglia,Schweiz,1996-01-22,1.76,Linker Verteidiger,
404237,Fabio Eid,Schweiz,1996-09-13,1.85,Rechtsaußen,
1453378,Fabio Festa,Italien,2007-01-08,,Mittelfeld,6.710767
584676,Fabio Moser,Schweiz,2000-08-08,,Mittelstürmer,
1387816,Fabio Notareschi,Italien,2006-08-16,,Innenverteidiger,6.838742
864378,Fabio Renna,Schweiz,2005-11-05,,Zentrales Mittelfeld,6.870653
1295333,Fabio Rissi,Schweiz,2008-02-24,,Mittelstürmer,6.857435
165533,Fabio Schmid,Schweiz,1993-06-28,1.83,Innenverteidiger,
439029,Fabio Schmocker,Schweiz,1997-12-18,1.83,Innenverteidiger,6.5703397
902558,Fabio Wirth,Schweiz,2004-09-23,,Torwart,
252797,Fabio Wolfinger,Liechtenstein,1996-05-11,1.78,Defensives Mittelfeld,
1267415,Fabrice Hug,Schweiz,2005-04-05,,Innenverteidiger,
557669,Facundo Episcopo,Uruguay,1998-12-10,1.8,Linksaußen,
1061695,Fadri Carigiet,Schweiz,2006-06-14,,Torwart,
514841,Faria Simão,DR Kongo,1993-11-17,1.74,Linker Verteidiger,
580197,Fatih Gündogdu,Österreich,2002-11-12,,Zentrales Mittelfeld,
1224970,Fausto Rivero,Uruguay,2005-03-12,1.86,Mittelstürmer,
1164476,Federico Ariano,Schweiz,2006-11-22,,Abwehr,
1179656,Federico Ariano Picciallo,Schweiz,2006-11-22,,Abwehr,
659445,Federico Bisazza,Italien,2001-09-30,,Torwart,
1387812,Federico Cecchinato,Italien,2007-09-15,,Torwart,7.102987
1250400,Federico Ivanaj,Italien,2006-02-05,,Innenverteidiger,6.885258
607924,Federico Notarbartolo,Schweiz,2002-04-01,,Torwart,
483764,Federico Novaresi,Schweiz,2001-04-12,,Mittelstürmer,
1264407,Felip Wiesendorf,Deutschland,2005-09-28,,Abwehr,
1374797,Felipe Becegato de Mello,Brasilien,2002-08-15,1.79,Linksaußen,6.7439547
182261,Felipe de Oliveira,Brasilien,1989-08-17,1.8,Defensives Mittelfeld,
694215,Ferhat Özalp,Schweiz,2003-05-13,,Mittelfeld,
336178,Fernando Rodrigues,Brasilien,1991-05-17,1.88,Mittelstürmer,6.9136696
202255,Fernando Timbó,Brasilien,1990-05-29,1.84,Innenverteidiger,6.8361177
828184,Filip Ilic,Serbien,2001-11-07,,Linker Verteidiger,
633188,Filip Radojicic,Montenegro,2003-08-05,,Offensives Mittelfeld,6.8552766
1142326,Filippo Gandolfi,Schweiz,2003-07-09,,Torwart,
582352,Filippo Grassi,Italien,2003-06-23,1.85,Linker Verteidiger,6.7055993
1292511,Finn Metzler,Schweiz,2007-10-24,,Rechtes Mittelfeld,6.730392
1061077,Finn Rüdlinger,Schweiz,2006-04-15,,Mittelstürmer,6.706358
341322,Flavio Peter,Schweiz,1996-04-09,,Zentrales Mittelfeld,7.240865
1335160,Florian Luburic,Schweiz,2004-06-21,,Innenverteidiger,6.6494236
87934,Florian Steiger,Schweiz,1987-03-28,1.84,Defensives Mittelfeld,
324263,Florijan Sulimani,Nordmazedonien,1993-10-02,,Linkes Mittelfeld,
901381,Florind Redzepi,Schweiz,2002-09-29,,Mittelstürmer,
625784,Florjan Nuraj,Schweiz,2002-01-23,1.92,Mittelstürmer,
529316,Florjan Seferaj,Kosovo,2000-09-26,1.82,Mittelstürmer,
410797,Francesco Amendola,Schweiz,1999-09-04,1.76,Defensives Mittelfeld,
1042323,Francesco Carpentieri,Italien,2005-03-28,,Torwart,
659283,Francesco Di Maggio,Schweiz,2004-03-18,1.7,Rechtes Mittelfeld,
1105867,Francesco Festa,Italien,2004-09-07,1.78,Linker Verteidiger,
590014,Francesco Fontana,Schweiz,2000-03-12,1.76,Zentrales Mittelfeld,
388705,Francesco Fragapane,Schweiz,1998-10-23,,Rechter Verteidiger,
158102,Francesco Lovric,Deutschland,1995-10-05,1.85,Innenverteidiger,
1169726,Francesco Rapino,Schweiz,2007-04-25,,Linksaußen,6.9545794
951658,Francesco Sestito,Liechtenstein,2005-06-02,1.77,Zentrales Mittelfeld,
801914,Francisco Duarte,Portugal,1999-11-18,,Innenverteidiger,
900664,Franco Gandini,Argentinien,1999-07-16,,Zentrales Mittelfeld,6.8459387
46039,Frank Feltscher,Venezuela,1988-05-17,1.8,Rechtsaußen,
645676,Freddy Mbiye,Frankreich,1998-09-15,1.77,Mittelstürmer,6.949134
597938,Furkan Alkun,Österreich,1997-07-21,1.86,Innenverteidiger,
994643,Gabriel Brilhante,Brasilien,2002-07-03,1.87,Innenverteidiger,
926447,Gabriel Di Battista,Schweiz,2004-08-04,,Linksaußen,6.8410516
508075,Gabriel Foser,Liechtenstein,2002-09-02,1.87,Torwart,7.095912
494670,Gabriel Isik,Deutschland,1999-06-06,1.87,Innenverteidiger,
159714,Gabriel Lüchinger,Schweiz,1992-12-18,1.72,Zentrales Mittelfeld,
55487,Gabriel Machado,Brasilien,1989-09-02,1.85,Mittelstürmer,
925740,Gabriel Makia,Schweiz,2002-10-07,1.86,Linksaußen,
500373,Gabriel Sidler,Schweiz,2000-05-09,1.75,Linksaußen,
33325,Gabriele Bernasconi,Schweiz,1986-01-26,1.85,Torwart,
284027,Gabriele Mascazzini,Italien,1995-03-09,1.74,Linksaußen,
1005195,Gabriele Preite,Italien,2005-12-09,,Mittelfeld,
1387813,Gabriele Stival,Italien,2007-09-10,,Innenverteidiger,6.7446737
1116584,Gardison Tunaj,Kosovo,1999-01-05,,Linker Verteidiger,
38406,Gaël Baillargeault,Frankreich,1988-10-23,,Mittelstürmer,
937688,Gentijan Dujaka,Kosovo,2005-09-11,1.67,Zentrales Mittelfeld,
1235188,Georgios Vasileiadis,Griechenland,2007-10-16,,Mittelstürmer,
523778,Geraldo Bina,Frankreich,1995-08-27,1.85,Torwart,7.074694
901417,Geronimo Casadio,Schweiz,2003-01-17,,Rechter Verteidiger,
183241,Getuart Asani,Schweiz,1994-03-23,1.81,Mittelstürmer,
691372,Giab Al Abbadie,Schweiz,2003-03-21,1.8,Offensives Mittelfeld,
537780,Giacomo Finocchi,Italien,2001-01-08,,Linkes Mittelfeld,
625775,Gian Boos,Schweiz,2002-03-27,,Defensives Mittelfeld,
183267,Gianluca Panella,Schweiz,1994-09-29,,Defensives Mittelfeld,
521437,Gianluca Tolino,Schweiz,2000-01-20,1.86,Torwart,
322504,Gianni Antoniazzi,Schweiz,1998-09-05,1.74,Linker Verteidiger,6.708449
521434,Gil Lange,Deutschland,2000-03-24,1.93,Innenverteidiger,
71524,Gino Zambelli,Schweiz,1990-03-27,,Rechtes Mittelfeld,
413460,Gioele Franzese,Schweiz,1999-02-27,1.9,Mittelstürmer,
728362,Gioele Parente,Italien,2005-08-19,1.7,Rechtes Mittelfeld,6.686232
1175789,Giona Pettenuzzo,Italien,2006-09-13,,Rechtes Mittelfeld,
1143635,Giona Ravani,Schweiz,2005-10-20,,Mittelfeld,
473505,Giorgio Perego,Italien,2001-10-02,,Defensives Mittelfeld,
1082265,Giorgio Rezia,Italien,2005-10-01,,Rechter Verteidiger,
1110891,Giosuè Schulthess,Schweiz,2007-03-06,,Zentrales Mittelfeld,6.8127847
268728,Giovanni Caputo,Italien,1995-06-12,1.84,Torwart,
582046,Giovanni Daidola,Italien,2000-01-26,1.9,Mittelstürmer,
700792,Giovanni Guaita,Italien,2000-01-28,,Defensives Mittelfeld,
144080,Giovanni Rosamilia,Italien,1980-08-14,1.73,Innenverteidiger,
524712,Giovanny Popescu,Rumänien,2000-07-03,1.77,Innenverteidiger,
1169729,Giuliano Foro,Schweiz,2007-09-01,,Defensives Mittelfeld,6.9264383
245435,Giuliano Gargiulo,Schweiz,1989-06-24,,Mittelfeld,
710750,Giulio Franscini,Schweiz,2000-07-04,,Rechter Verteidiger,
309513,Giuseppe Gentile,Vereinigte Staaten,1992-10-18,1.83,Mittelstürmer,
811015,Giuseppe Giordano,Italien,2004-07-07,1.81,Linksaußen,6.8086286
507470,Glenn Hux,Schweiz,2001-01-18,,Zentrales Mittelfeld,
86676,Granit Lekaj,Schweiz,1990-02-23,1.86,Innenverteidiger,6.867527
183447,Grégory Karlen,Schweiz,1995-01-30,1.87,Offensives Mittelfeld,
1013571,Guilherme Ritter,Deutschland,2005-01-15,,Mittelfeld,
691366,Gérard Sigg,Schweiz,2003-05-23,,Zentrales Mittelfeld,
926151,Gëzim Balazi,Schweiz,2002-07-30,,Mittelstürmer,
1451420,Hannes Esterer,Schweiz,2007-02-21,,Linkes Mittelfeld,6.670041
728385,Harbin Ademi,Schweiz,2004-09-16,,Innenverteidiger,
603260,Haxhi Shala,Kosovo,1993-05-17,1.8,Zentrales Mittelfeld,6.7962637
168979,Hekuran Kryeziu,Kosovo,1993-02-12,1.81,Defensives Mittelfeld,
1448988,Hendrix Hemaid,Schweiz,1999-03-02,,Mittelstürmer,6.677599
318825,Heroid Gjoshi,Albanien,1997-05-18,1.71,Defensives Mittelfeld,
450471,Hichem Oudjouadj,Algerien,1995-10-15,,Mittelstürmer,
1091563,Hristo Buchmüller,Schweiz,2006-09-12,,Defensives Mittelfeld,6.7241845
691361,Hussein Baydoun,Schweiz,2003-05-20,,Rechtes Mittelfeld,
486767,Hélder Baldé,Portugal,1998-08-03,1.96,Innenverteidiger,
1045623,Ian Richina,Schweiz,2004-06-15,,Mittelfeld,
547707,Ibrahim Aydinc,Türkei,1992-11-23,1.9,Torwart,
33158,Ifraim Alija,Kosovo,1985-08-30,1.78,Innenverteidiger,
759491,Ignacio Beltramelli,Uruguay,1999-02-17,1.92,Innenverteidiger,
1061075,Igor Jacovic,Schweiz,2006-06-04,,Zentrales Mittelfeld,6.8267145
483590,Igor Pantovic,Serbien,1999-04-30,,Torwart,
819688,Ikechi Speranza,Schweiz,2001-03-30,,Linkes Mittelfeld,
1197264,Ilario Barizzi,Schweiz,2001-06-23,,Mittelfeld,
517400,Ilir Bajrami,Serbien,1997-05-14,,Mittelstürmer,
410650,Ilir Zenuni,Schweiz,1999-05-05,1.74,Linksaußen,
159705,Imran Bunjaku,Albanien,1992-10-18,1.8,Defensives Mittelfeld,6.940453
311587,Isaac Escobar Gallego,Schweiz,1996-11-25,,Defensives Mittelfeld,
627133,Isak Beka,Kosovo,2001-09-05,,Innenverteidiger,
708181,Ismael Adejumo,Spanien,2003-12-05,1.92,Mittelstürmer,6.857435
1042444,Issouf Diarra,Italien,2005-08-08,1.83,Linksaußen,6.94067
454731,Ivan Bogdanovic,Schweiz,1998-06-01,,Rechter Verteidiger,
303836,Ivan Calic,Schweiz,1997-02-05,1.8,Offensives Mittelfeld,
930298,Ivan Fostacz,Kroatien,1998-01-10,,Innenverteidiger,
1108235,Ivan Ivanaj,Albanien,2006-01-30,,Innenverteidiger,6.7168784
413440,Ivan Jakovljev,Schweiz,2000-01-10,1.84,Innenverteidiger,
388695,Ivan Moreno Asencio,Schweiz,1998-04-30,,Linker Verteidiger,
702892,Ivan Trenchev,Bulgarien,2000-03-31,,Zentrales Mittelfeld,
312062,Jacopo El Idrissi,Italien,2001-03-22,,Mittelstürmer,
836529,Jaime Tenorio,Spanien,1999-02-13,1.79,Linker Verteidiger,
165911,Jakup Jakupov,Nordmazedonien,1992-01-22,1.8,Linksaußen,6.785283
1197405,Jamen Leuthold,Schweiz,2001-09-06,,Mittelfeld,
797383,James Wyndham,England,2001-07-25,,Rechtes Mittelfeld,
659390,Jan Auf der Maur,Schweiz,2003-01-27,,Linker Verteidiger,
368583,Jan Beeler,Schweiz,1997-01-13,,Torwart,
1073128,Jan Keller,Schweiz,2005-07-14,,Abwehr,
633193,Jan Ledermann,Schweiz,2003-07-27,,Innenverteidiger,
805585,Jan Lüscher,Schweiz,2004-01-18,1.91,Innenverteidiger,
927431,Jan Stocker,Schweiz,2004-10-20,,Mittelstürmer,6.7621098
345877,Jan Studerus,Schweiz,1998-07-09,1.85,Torwart,7.0923166
603292,Janick Hager,Schweiz,2001-04-04,,Zentrales Mittelfeld,6.956191
801917,Janik Eugster,Schweiz,2001-04-06,,Linker Verteidiger,
905933,Janis Allenspach,Schweiz,2003-12-16,,Abwehr,
807962,Janis Keller,Schweiz,2004-01-17,1.88,Torwart,
1059459,Janis Raschle,Schweiz,2002-01-08,,Torwart,
1145644,Janis Widmer,Schweiz,2007-07-13,1.82,Torwart,7.069711
1279413,Jann Lenz,Schweiz,2006-09-05,,Torwart,
1311277,Jannis Gil,Schweiz,2001-07-12,1.81,Abwehr,
707551,Jascha Müller,Schweiz,2003-05-07,,Innenverteidiger,
147764,Javier Belda,Spanien,1983-05-04,1.81,Torwart,
66075,Javier Santana,Dominikanische Republik,1988-10-16,1.7,Offensives Mittelfeld,
1297086,Jehon Jao,Schweiz,2006-10-24,,Mittelfeld,
824512,Jeton Redzepi,Schweiz,1977-01-01,,Sturm,
634028,Jlir Ibrahimi,Schweiz,2002-01-25,1.75,Mittelstürmer,
1378218,Joao Sousa,Portugal,2005-09-04,,Mittelfeld,
583028,Joco Stojanovic,Schweiz,2003-01-11,,Offensives Mittelfeld,6.796985
681587,Joel Balzer,Guatemala,1992-10-28,,Torwart,
745956,Joel Berhane,Schweden,2000-08-18,1.8,Zentrales Mittelfeld,
707560,Joel Hobi,Schweiz,2003-12-14,,Defensives Mittelfeld,
1061068,Joel Ruiz,Schweiz,2006-10-20,1.77,Innenverteidiger,6.804419
633200,Joel Thoma,Schweiz,2003-08-09,1.8,Innenverteidiger,
587628,Joel Vegezzi,Schweiz,1993-03-07,,Innenverteidiger,
1295328,Joey Fürer,Schweiz,2008-04-01,,Offensives Mittelfeld,6.7868676
1124362,Jonah Gutknecht,Schweiz,2002-11-13,,Abwehr,
249818,Jonas Baydar,Schweiz,1995-05-31,1.7,Mittelfeld,
310259,Jonas Rüegg,Schweiz,1996-10-02,,Innenverteidiger,6.819676
365105,Jonas Weber,Schweiz,1997-04-26,,Linker Verteidiger,
603496,Jonathan Egger,Schweiz,2002-11-19,,Mittelstürmer,
102409,Jonathan Sabbatini,Uruguay,1988-03-31,1.76,Zentrales Mittelfeld,7.0506845
1405642,Jordan Taibi,Schweiz,2006-06-03,,Mittelstürmer,6.623449
508077,Joshua Eggenberger,Liechtenstein,2001-03-23,1.88,Mittelstürmer,
359086,Joshua Müller,Schweiz,1999-04-16,,Torwart,
1304758,Josip Roso,Kroatien,2000-07-31,,Innenverteidiger,
207038,Josip Roso,Kroatien,1991-12-05,1.8,Innenverteidiger,
1114277,Josuah Gerber,Schweiz,2004-12-19,,Linker Verteidiger,6.721711
65769,José Alois Meier,Schweiz,1989-09-09,,Innenverteidiger,6.803044
528952,Jovan Rether,Schweiz,1999-11-10,1.83,Zentrales Mittelfeld,
611387,João Pereira,Portugal,1997-03-06,,Mittelstürmer,
74141,Joël Durand,Schweiz,1990-01-26,,Mittelstürmer,
111423,Joël Kiassumbua,DR Kongo,1992-04-06,1.9,Torwart,7.1457815
578750,Julian Schümperli,Schweiz,1998-06-15,1.87,Sturm,
1082266,Julien Bonvin,Schweiz,2005-01-04,,Abwehr,
863748,Julius Holder,Schweiz,2005-03-24,1.88,Mittelstürmer,6.8360825
1163660,Justin Huber,Schweiz,2004-10-07,,Offensives Mittelfeld,
707552,Justin Seifert,Schweiz,2003-08-24,,Linker Verteidiger,6.7817965
1042458,Jérôme Knöpfli,Schweiz,2001-12-13,,Linkes Mittelfeld,
927512,Jérôme Stähli,Schweiz,2004-03-31,,Zentrales Mittelfeld,6.8988504
428408,Kaan Polat,Schweiz,1993-08-20,1.89,Mittelstürmer,
926177,Kai Brinker,Schweiz,2003-07-15,,Torwart,
911209,Kaspar Fuchs,Schweiz,2005-01-13,,Mittelstürmer,
357832,Kay Hodel,Schweiz,1998-06-17,,Abwehr,
1077925,Kayan Wetzel,Schweiz,2003-10-23,,Sturm,
1057528,Kelvin Pinto da Silva,Schweiz,2007-03-11,,Zentrales Mittelfeld,6.791593
773625,Kendry Tejada,Dominikanische Republik,1999-01-28,,Mittelstürmer,
1046525,Kephren Nsang,Deutschland,2006-01-23,,Defensives Mittelfeld,6.734555
114031,Kevin Betz,Schweiz,1991-06-24,,Mittelfeld,
449706,Kevin Costinha,Schweiz,2001-01-05,1.8,Rechtes Mittelfeld,
923372,Kevin Egbon,Schweiz,2003-05-14,,Linker Verteidiger,
443635,Kevin Honegger,Schweiz,1999-08-08,1.75,Mittelstürmer,
1042315,Kevin Kántor,Ungarn,2000-10-03,1.91,Mittelstürmer,
1046536,Kevin Roth,Schweiz,2006-03-07,,Offensives Mittelfeld,6.708118
1187368,Kevin Sala Veni,Schweiz,2000-06-30,,Mittelfeld,
486576,Kevin Schröder,Deutschland,1991-08-23,1.85,Innenverteidiger,
607285,Kilian Büchel,Liechtenstein,2002-12-02,1.82,Innenverteidiger,
926170,Kim Gremminger,Schweiz,2002-07-10,,Torwart,
2866,Kim Jaggy,Haiti,1982-11-14,1.78,Innenverteidiger,
390168,Kreshnik Hajrizi,Kosovo,1999-05-28,1.85,Innenverteidiger,
452236,Kristian Karrica,Schweiz,1999-03-24,1.83,Defensives Mittelfeld,
1073127,Kristian Marku,Schweiz,2004-04-13,,Rechtsaußen,
707993,Kristian Nikollbibaj,Kosovo,2003-01-28,,Defensives Mittelfeld,
4779,Kristian Nushi,Kosovo,1982-07-21,1.75,Offensives Mittelfeld,
421988,Kristijan Ramljak,Kroatien,1997-11-26,,Rechtes Mittelfeld,
927509,Kristijan Simovic,Schweiz,2005-02-06,1.91,Torwart,7.0766406
132914,Kujtim Dzelili,Schweiz,1991-02-24,1.75,Linkes Mittelfeld,
507483,Kushtrim Rexhepi,Schweiz,2001-03-13,1.7,Rechtes Mittelfeld,
376267,Kyle Varley,Schweiz,1996-01-04,,Innenverteidiger,
591199,Kévin Monzialo,Frankreich,2000-07-28,1.85,Mittelstürmer,
805100,Lars Caduff,Schweiz,2000-07-20,1.81,Mittelstürmer,
452235,Lars Ivanusa,Deutschland,1997-08-01,,Linkes Mittelfeld,6.7767487
659315,Lars Oberholzer,Schweiz,2004-03-08,,Offensives Mittelfeld,
802170,Lars Schnelli,Schweiz,1994-11-14,,Offensives Mittelfeld,
245844,Lars Schnidrig,Schweiz,1987-03-09,,Defensives Mittelfeld,
1412986,Laurin Müller,Schweiz,2007-09-20,,Torwart,
901375,Lautaro Gonzalez,Argentinien,1995-10-13,,Rechtsaußen,
1492783,Lean D'Aversa,Schweiz,2007-04-19,,Mittelfeld,6.6878467
512239,Leandro Lorito,Italien,1995-12-25,,Innenverteidiger,
1170355,Leandro Maksutaj,Kosovo,2007-06-18,1.86,Mittelstürmer,6.8787165
620593,Leandro Perlaska,Bosnien-Herzegowina,2002-03-14,,Mittelstürmer,
422058,Leandro Teixeira,Portugal,1999-07-21,,Zentrales Mittelfeld,
659326,Ledjan Sahitaj,Kosovo,2004-01-12,1.85,Rechter Verteidiger,6.7587996
413444,Lencys Quevedo,Schweiz,1998-07-07,1.85,Torwart,
911227,Lend Ibraimi,Kosovo,2005-06-27,,Zentrales Mittelfeld,6.7190623
927427,Lendrit Dellova,Schweiz,2005-02-17,,Mittelstürmer,6.748625
1247792,Lenny Burgardt,Deutschland,2005-07-22,,Mittelstürmer,6.657923
1523549,Lenny Giallanza,Italien,2006-08-15,,Mittelstürmer,6.660597
698027,Lenny Rezzonico,Schweiz,2003-12-29,,Defensives Mittelfeld,
1054229,Leo Hetzel,Deutschland,2006-04-01,,Torwart,7.0760336
1062616,Leo-Minh Kustermann,Deutschland,2003-02-20,,Torwart,
1054905,Leon Dzambo,Schweiz,2006-08-12,1.73,Rechtsaußen,
1409729,Leon Hajrizi,Schweiz,2007-03-01,,Mittelfeld,6.918587
1091203,Leon Melidoro,Italien,2007-11-29,,Torwart,
1304793,Leon Pajnogac,Schweiz,2002-10-14,,Linker Verteidiger,
911208,Leon Recica,Kosovo,2005-09-05,,Zentrales Mittelfeld,
485629,Leon Schulte,Deutschland,1995-08-03,,Torwart,
1438698,Leonard Mahmuti,Kosovo,1999-04-21,,Mittelstürmer,6.72819
1319270,Leonard Stein,Deutschland,2002-06-11,,Torwart,
568719,Leonardo Agius,Malta,2002-09-17,,Zentrales Mittelfeld,
1082901,Leonardo Beuggert,Schweiz,2006-02-02,,Zentrales Mittelfeld,6.90879
1163871,Leonardo Martinelli,Italien,2006-02-09,,Torwart,
1163689,Leonardo Sacchelli,Italien,2005-09-28,1.8,Torwart,
905923,Leonid Abazi,Deutschland,2002-08-21,,Linker Verteidiger,
1138261,Leonit Ibraimov,Schweiz,2008-06-16,1.8,Defensives Mittelfeld,6.8817353
465328,Leoran Amzi,Schweiz,1999-04-20,1.84,Mittelstürmer,
905927,Leorat Mamuti,Serbien,2000-07-05,,Mittelfeld,
548712,Leutrim Pali,Kosovo,2002-08-08,1.81,Torwart,
762676,Leutrim Teplani,Kosovo,1996-02-20,,Zentrales Mittelfeld,
681574,Levi Egli,Schweiz,2000-08-09,,Offensives Mittelfeld,
927420,Levin Castagna,Schweiz,2005-04-21,,Linker Verteidiger,6.7963395
1395544,Levin Oberholzer,Schweiz,2005-12-14,,Abwehr,
255625,Levin Schindler,Schweiz,1992-10-15,,Rechtes Mittelfeld,
1174985,Levin Steiger,Schweiz,2004-02-10,,Innenverteidiger,
1089491,Limi Rrustemi,Schweiz,2002-06-20,1.8,Defensives Mittelfeld,6.8206725
927513,Lindon Ibishi,Schweiz,2005-09-07,,Linksaußen,
607925,Liridon Krasniqi,Schweiz,2002-04-08,,Linker Verteidiger,
801921,Lirim Zenki,Nordmazedonien,1995-12-08,,Linker Verteidiger,
371556,Liviano Valeri,Schweiz,1998-02-09,,Innenverteidiger,
294726,Livio Meier,Liechtenstein,1998-01-10,1.76,Zentrales Mittelfeld,6.8550663
750923,Lorent Uka,Schweiz,2003-08-28,,Innenverteidiger,
1003889,Lorenzo Andreani,Italien,2004-04-29,,Torwart,
1239793,Lorenzo Giorgi,Italien,2005-01-18,,Mittelfeld,
149792,Lorenzo Lo Russo,Liechtenstein,1993-07-08,1.86,Torwart,
1110499,Lorenzo Rosa,Schweiz,2005-08-26,1.82,Linksaußen,6.8814344
1412063,Lorik Limani,Schweiz,2007-10-14,,Zentrales Mittelfeld,
1131013,Loris Coronese,Italien,1976-05-06,,Torwart,
388733,Loris Kqiku,Schweiz,1997-07-23,,Zentrales Mittelfeld,
1068315,Loris Micheroli,Schweiz,2002-11-14,,Torwart,
322515,Loris Pellegatta,Schweiz,1998-04-16,,Rechter Verteidiger,
297652,Loris Vago,Italien,1998-05-27,,Linksaußen,
806572,Louis Berger Gonzalez,Schweiz,1995-08-22,1.75,Rechtes Mittelfeld,
800252,Louis Haspel,Schweiz,1999-08-07,,Zentrales Mittelfeld,
901405,Luca Altherr,Schweiz,2001-08-11,,Mittelfeld,
216144,Luca Ardito,Schweiz,1994-04-15,,Linker Verteidiger,
927429,Luca Beck,Liechtenstein,2005-08-14,1.71,Rechter Verteidiger,6.7592154
273148,Luca Cattaneo,Italien,1989-01-30,1.7,Offensives Mittelfeld,
620591,Luca Crupi,Schweiz,2002-07-03,1.82,Defensives Mittelfeld,
424566,Luca Dürst,Schweiz,1996-04-12,1.82,Mittelstürmer,
1193214,Luca Fritsche,Schweiz,2005-08-03,,Offensives Mittelfeld,
524711,Luca Giorlando,Schweiz,2000-11-05,,Innenverteidiger,6.8038397
494428,Luca Giunti,Italien,1992-03-31,,Defensives Mittelfeld,
334012,Luca Lanzendorfer,Schweiz,1996-06-25,1.77,Rechtes Mittelfeld,
316628,Luca Loiero,Schweiz,1996-06-14,,Mittelfeld,
1164450,Luca Pagnamenta,Schweiz,2007-03-22,,Zentrales Mittelfeld,
1245119,Luca Rossetto,Italien,2006-05-14,1.77,Rechtsaußen,6.9330845
509092,Luca Rüegger,Schweiz,2000-01-16,,Rechter Verteidiger,6.8020225
1137585,Luca Schnyder,Schweiz,2006-11-15,1.78,Linkes Mittelfeld,
1387815,Luca Solzi,Italien,2007-06-06,,Zentrales Mittelfeld,6.8417563
313180,Luca Straub,Schweiz,1995-07-10,,Offensives Mittelfeld,6.8624287
246327,Luca Studer,Schweiz,1993-03-16,,Innenverteidiger,6.8229303
466573,Luca Vanoni,Liechtenstein,2001-01-12,1.78,Torwart,
1292062,Luigi Moccetti,Schweiz,2005-05-18,,Linker Verteidiger,
370388,Luis Miranda,Portugal,1997-07-12,,Linkes Mittelfeld,
673830,Luis Phelipe,Brasilien,2001-02-12,1.78,Linksaußen,
1172881,Luka Krbanjevic,Schweiz,2002-10-11,,Mittelfeld,6.817843
922093,Luka Luburic,Schweiz,2003-11-02,,Linker Verteidiger,6.7785625
430268,Luka Tiganj,Montenegro,2000-06-20,,Hängende Spitze,
444924,Lukas Alterdinger,Österreich,1998-04-25,1.77,Zentrales Mittelfeld,
466562,Lukas Büchel,Liechtenstein,2001-09-12,1.9,Innenverteidiger,
670132,Lukas Espinosa,Schweiz,1999-11-02,,Mittelstürmer,
405858,Lukas Graber,Liechtenstein,2001-05-03,1.78,Rechter Verteidiger,6.6028285
813105,Lukas Steinauer,Schweiz,1998-02-09,,Mittelfeld,
196791,Lukas Watkowiak,Deutschland,1996-03-06,1.97,Torwart,
373400,Lukas Zwahlen,Schweiz,1996-04-24,,Rechtsaußen,6.8712926
807973,Luke Gonzenbach,Schweiz,2004-01-27,,Innenverteidiger,
282984,Lum Thaqi,Schweiz,1994-01-16,,Rechter Verteidiger,
330468,Luís Elói,Portugal,1996-03-10,1.73,Rechtsaußen,
1306718,Maksim Novoselskiy,Russland,2006-07-26,1.84,Defensives Mittelfeld,6.88719
690684,Male Tolaj,Schweiz,1999-05-07,1.85,Mittelstürmer,
1344797,Malek Mujcinovic,Schweiz,2007-06-26,,Mittelfeld,6.699944
628374,Manasse Bambana,DR Kongo,2002-07-03,,Torwart,
794046,Mansour Niang,Senegal,1993-07-15,,Mittelstürmer,
410603,Manuel Baumann,Schweiz,1998-08-13,,Rechtes Mittelfeld,
1164446,Manuel Binetti,Schweiz,2007-08-11,,Mittelstürmer,
1186793,Manuel Cuoco,Schweiz,2008-09-17,,Rechtsaußen,
65732,Manuel Ferrone,Italien,1987-07-28,1.74,Linker Verteidiger,
66234,Manuel Gasser,Schweiz,1978-04-12,,Torwart,
345211,Manuel Mikus,Liechtenstein,1999-07-13,1.86,Innenverteidiger,
510913,Manuel Petrig,Schweiz,1994-07-18,,Rechtes Mittelfeld,
1082084,Manuel Pfenninger,Schweiz,2005-06-21,,Sturm,
59140,Manuel Sutter,Österreich,1991-03-08,1.78,Mittelstürmer,
357866,Manuel Toscan,Schweiz,1997-06-28,,Torwart,
464191,Marc Figueiredo,Schweiz,1999-06-18,,Rechtsaußen,7.023029
60715,Marc Kühne,Österreich,1990-09-23,1.83,Innenverteidiger,
390175,Marc Schmid,Schweiz,1999-01-28,1.81,Rechter Verteidiger,
232503,Marco Armbruster,Deutschland,1993-01-11,1.94,Innenverteidiger,
240289,Marco Ferrara,Italien,1994-05-05,1.81,Linker Verteidiger,
166045,Marco Franin,Schweiz,1992-02-01,1.8,Innenverteidiger,
530645,Marco Frick,Deutschland,1991-06-12,,Offensives Mittelfeld,
189755,Marco Fässler,Schweiz,1993-07-12,1.62,Rechtes Mittelfeld,
1139075,Marco Vignale,Italien,2004-07-09,,Mittelfeld,6.716846
66732,Marco Wolfinger,Liechtenstein,1989-04-18,1.74,Linksaußen,
595276,Marin Stähli,Schweiz,2000-04-05,1.74,Linker Verteidiger,
805102,Marino Cavegn,Schweiz,2001-03-12,,Rechtsaußen,
1148526,Mario Achille Casanova,Schweiz,2007-05-20,,Torwart,
61380,Mario Gavranovic,Schweiz,1989-11-24,1.75,Mittelstürmer,
356558,Mario Stefel,Österreich,1996-02-08,1.84,Offensives Mittelfeld,
1103503,Mark Mocan,Schweiz,2000-03-25,1.87,Defensives Mittelfeld,
691071,Marko Rajkovacic,Schweiz,1999-12-09,1.91,Torwart,
169380,Marko Zuvic,Schweiz,1992-06-29,1.9,Torwart,
3391,Markus Neumayr,Deutschland,1986-03-26,1.81,Offensives Mittelfeld,
1042425,Marlon Sarabi,Österreich,2002-09-22,,Abwehr,
192644,Marsel Stevic,Schweiz,1996-02-22,,Offensives Mittelfeld,
807975,Martim Patrício Cardoso,Portugal,2004-02-17,1.83,Rechter Verteidiger,6.796178
44262,Martin Büchel,Liechtenstein,1987-02-19,,Zentrales Mittelfeld,
1079772,Martin Lautenschlager,Deutschland,2005-01-24,,Torwart,
937077,Martin Parodi,Uruguay,2002-03-12,1.84,Mittelstürmer,
410632,Marvin Baumann,Schweiz,1999-12-08,1.84,Mittelstürmer,
805587,Marvin Lüthi,Schweiz,2004-04-23,,Innenverteidiger,
909093,Massimiliano De Felice,Italien,2000-12-12,,Innenverteidiger,
250368,Matej Dekovic,Kroatien,1993-09-19,1.88,Innenverteidiger,
192613,Mateo Matic,Schweiz,1996-01-07,1.85,Torwart,
1378217,Matheus Paz,Spanien,1997-09-23,,Linksaußen,6.83957
1061719,Matheus Schöllkopf,Schweiz,2006-09-19,,Linker Verteidiger,6.5149164
1246428,Mathias Rodríguez,Italien,1994-09-18,,Innenverteidiger,6.7845263
698029,Matteo Borioli,Schweiz,2003-04-20,,Rechter Verteidiger,
1285974,Matteo Dubini,Italien,2005-04-14,1.8,Linker Verteidiger,6.6739025
506884,Matteo Mauro,Italien,2000-08-24,,Rechtes Mittelfeld,6.857588
1045624,Matthias Lopes Nardiello,Portugal,2004-02-07,,Mittelfeld,
328993,Matthias Solerio,Italien,1992-11-01,1.88,Innenverteidiger,6.836553
1376159,Mattia Agbetra,Schweiz,2008-05-28,,Mittelfeld,
1221361,Mattia Cathieni,Schweiz,2003-01-11,,Rechtes Mittelfeld,
110968,Mattia Desolé,Schweiz,1993-05-10,1.81,Linker Verteidiger,
1042348,Mattia Spiniello,Schweiz,2001-05-11,,Innenverteidiger,
242850,Maurice Wunderli,Österreich,1997-04-24,1.88,Mittelstürmer,
869403,Mauro Gallani,Schweiz,1997-12-20,,Mittelfeld,
411915,Mauro Osta,Schweiz,1995-09-14,,Innenverteidiger,
1082085,Mavin Vangu,Italien,2004-03-19,,Mittelfeld,
655237,Maxime Carpy,Schweiz,2001-08-20,,Rechter Verteidiger,
294704,Maximilian Göppel,Liechtenstein,1997-08-31,1.84,Linker Verteidiger,6.8018856
1347299,Maximilian Streckhardt,Deutschland,2007-05-09,,Sturm,6.673651
450669,Medin Murati,Italien,1998-10-21,1.81,Offensives Mittelfeld,6.9466157
345215,Menderes Caglar,Liechtenstein,1999-07-20,1.87,Zentrales Mittelfeld,6.7005477
312028,Mentor Boshtraj,Kosovo,1980-10-10,,Mittelfeld,
522558,Meo Dalgic,Schweiz,2000-09-26,,Linker Verteidiger,
159706,Mergim Brahimi,Kosovo,1992-08-08,1.72,Linker Verteidiger,6.8716183
863762,Merlind Kodra,Kosovo,2005-06-06,,Rechter Verteidiger,
442571,Michael Alder,Schweiz,1998-02-23,1.77,Rechter Verteidiger,
1253670,Michael Bieri,Schweiz,2006-12-18,,Torwart,
228815,Michael Bärtsch,Schweiz,1991-01-08,1.81,Mittelstürmer,
183313,Michael Gonçalves,Schweiz,1995-03-10,1.74,Rechter Verteidiger,
521442,Michael Heule,Schweiz,2001-04-27,1.72,Linker Verteidiger,
514614,Michael Kabamba,Italien,1990-11-09,,Innenverteidiger,
274445,Michael Kündig,Schweiz,1989-11-04,,Torwart,
424437,Michael Marxer,Liechtenstein,1988-07-05,1.9,Mittelstürmer,
282484,Michael Scherrer,Schweiz,1995-03-17,1.85,Defensives Mittelfeld,
168184,Michael Schreiner,Schweiz,1991-09-16,,Defensives Mittelfeld,
382327,Michel Lanker,Schweiz,1998-04-15,1.83,Innenverteidiger,
397396,Michel Sarr,Senegal,1987-08-08,1.82,Mittelstürmer,
1042281,Michele Boppart,Schweiz,2002-02-05,,Torwart,
19863,Michèle Polverino,Liechtenstein,1984-09-26,1.75,Defensives Mittelfeld,
363076,Midhad Arifagic,Schweiz,1997-07-24,1.8,Rechtes Mittelfeld,
1061162,Mika Metzler,Schweiz,2006-01-23,,Innenverteidiger,6.5837407
413456,Mike Bodenmann,Schweiz,2001-05-12,1.82,Torwart,
602452,Milos Grujicic,Schweiz,2001-01-22,1.87,Mittelstürmer,
245763,Miran Sinani,Nordmazedonien,1996-09-03,,Mittelfeld,
310009,Mirco Coduti,Italien,1995-03-06,,Mittelstürmer,
86849,Mirco Döttling,Schweiz,1991-06-22,,Rechtes Mittelfeld,
291912,Miroslav Dabic,Schweiz,1992-05-14,1.94,Torwart,7.0818367
245204,Mitko Gjorgjievski,Nordmazedonien,2000-05-01,1.89,Mittelstürmer,6.660597
905922,Mohamed Ali Elmi,Somalia,2003-06-02,,Mittelfeld,
673513,Mohamed Belhadj Mahmoud,Tunesien,2000-04-24,1.79,Defensives Mittelfeld,
1054920,Moreno Ferrari,Schweiz,2006-03-01,,Defensives Mittelfeld,
925760,Morgan Stäheli,Schweiz,1998-01-01,,Torwart,
357993,Moris Sportelli,Italien,2000-01-31,1.92,Innenverteidiger,6.8299456
1451416,Moritz Esterer,Schweiz,2005-10-11,,Mittelfeld,6.7115974
32713,Moritz Nebel,Deutschland,1991-09-25,1.78,Defensives Mittelfeld,
831425,Mouhamed Sow Sow,Senegal,2000-01-24,1.84,Linkes Mittelfeld,
1371687,Muhammed Musab Aydın,Türkei,2007-07-03,1.76,Defensives Mittelfeld,6.770038
926127,Muqtar Ahmed,Somalia,2005-04-15,,Zentrales Mittelfeld,
805586,Nabil Gazi,Schweiz,2004-07-09,,Zentrales Mittelfeld,
805582,Nasibullah Gholami,Schweiz,2004-07-11,,Linker Verteidiger,6.688494
1316493,Natanael Gando,Schweiz,2006-01-09,,Mittelstürmer,6.74379
811006,Nathan Brunschwiler,Schweiz,2005-05-11,,Innenverteidiger,
418950,Nathan Muadianvita,Schweiz,1999-06-04,1.85,Mittelstürmer,
523297,Nazir Zulji,Schweiz,1999-02-04,1.78,Mittelstürmer,
620582,Nazmi Bajrami,Serbien,2001-04-17,,Linksaußen,
1342337,Nderim Ramadani,Nordmazedonien,2006-06-27,,Mittelfeld,
607599,Nebil Ebrahim,Äthiopien,2001-05-04,,Hängende Spitze,
354156,Nebojsa Lavrnja,Schweiz,2001-01-04,,Offensives Mittelfeld,
359050,Nebojsa Miljic,Schweiz,1995-05-25,,Rechter Verteidiger,
931984,Nedzad Burzic,Bosnien-Herzegowina,1987-04-07,,Torwart,
965172,Nedzbedin Aziri,Italien,1997-11-22,,Torwart,
528954,Neil Peter,Schweiz,1999-08-05,,Defensives Mittelfeld,
1244085,Nevin Feuz,Schweiz,2008-11-30,,Torwart,
1263348,Nevio Scherrer,Schweiz,2008-04-08,1.8,Mittelstürmer,6.798513
1297087,Nicaury Hidalgo Pena,Dominikanische Republik,1999-06-21,,Abwehr,
543514,Nick Rhyner,Schweiz,2001-07-11,,Mittelfeld,
65956,Nico Abegglen,Schweiz,1990-02-16,1.74,Mittelstürmer,
410820,Nico Del Fabro,Schweiz,2001-08-23,,Innenverteidiger,
603296,Nico Del Pilato,Schweiz,1997-12-01,,Defensives Mittelfeld,
510606,Nico Feusi,Schweiz,2001-04-23,,Torwart,
728336,Nico Föllmi,Schweiz,2005-06-03,1.82,Torwart,7.0106354
1163661,Nico Hunkeler,Schweiz,2005-02-18,,Linkes Mittelfeld,
691076,Nico Lodise,Italien,1999-03-18,,Rechtes Mittelfeld,
869454,Nico Reber,Schweiz,1992-02-11,,Defensives Mittelfeld,
997004,Nico Schilcher,Schweiz,2004-01-23,,Mittelstürmer,
346896,Nico Strübi,Schweiz,2000-06-02,1.87,Torwart,
277754,Nico Thöni,Schweiz,1995-10-17,1.82,Innenverteidiger,
357829,Nicola Brunner,Schweiz,1996-07-18,,Linker Verteidiger,
183260,Nicolas Lüchinger,Schweiz,1994-10-16,1.76,Rechter Verteidiger,
698025,Nicolas Mina,Schweiz,2003-04-07,,Offensives Mittelfeld,
197771,Nicolas Mohr,Österreich,1996-05-01,1.87,Torwart,
212722,Nicolas Schneebeli,Schweiz,1997-02-15,,Zentrales Mittelfeld,6.897219
692300,Nicolò Bianchi,Italien,2000-08-11,,Offensives Mittelfeld,
547276,Nicolò De Dionigi,Italien,1989-07-25,1.88,Innenverteidiger,
1405648,Nikita Gulnov,Schweiz,2005-02-11,,Mittelstürmer,
466567,Niklas Beck,Liechtenstein,2001-03-25,1.86,Innenverteidiger,
65661,Nikola Marjanovic,Schweiz,1986-03-05,1.83,Mittelstürmer,
359049,Nikola Miljic,Schweiz,1996-09-21,,Torwart,
819307,Nikola Peev,Bulgarien,2004-02-18,,Torwart,7.1233916
1170362,Nikola Rakic,Schweiz,2007-08-20,1.8,Torwart,
872592,Nikola Rikic,Schweiz,2000-12-02,,Mittelstürmer,
1454520,Nikolai Andersen,Dänemark,2006-07-07,1.92,Innenverteidiger,
41326,Nikolaj Gavric,Schweiz,1984-02-13,1.8,Zentrales Mittelfeld,
583025,Nikolas Muci,Schweiz,2003-02-08,1.81,Mittelstürmer,
1054218,Nilakshan Thevanayagam,Sri Lanka,2002-09-18,,Rechter Verteidiger,6.6190643
357872,Nino Cabernard,Schweiz,2000-01-14,,Mittelstürmer,
925227,Noah Behringer,Deutschland,2006-02-04,,Defensives Mittelfeld,6.775371
607596,Noah Berry,Schweiz,2001-04-25,,Linksaußen,
1208853,Noah Brogli,Schweiz,2008-05-28,1.92,Torwart,7.090732
405859,Noah Frommelt,Liechtenstein,2000-12-18,1.87,Zentrales Mittelfeld,
405860,Noah Graber,Liechtenstein,2001-05-03,1.78,Innenverteidiger,
708180,Noah Kling,Österreich,2003-11-06,1.79,Zentrales Mittelfeld,
265209,Noah Loosli,Schweiz,1997-01-23,1.86,Innenverteidiger,
870302,Noah Luongo,Schweiz,2004-01-15,,Linker Verteidiger,
521226,Noah Löble,Schweiz,2000-01-30,1.8,Innenverteidiger,6.7882805
361566,Noah Lüscher,Schweiz,1997-10-22,1.8,Offensives Mittelfeld,
466566,Noah Miler,Liechtenstein,2000-02-11,1.76,Mittelstürmer,
591723,Noah Thönig,Schweiz,2000-10-31,,Mittelstürmer,6.865457
872959,Noah Vozza,Schweiz,2003-02-17,1.8,Zentrales Mittelfeld,
526705,Noah Weiler,Schweiz,1999-12-22,,Rechtes Mittelfeld,
991315,Noel Baumann,Schweiz,2004-12-15,,Torwart,
86606,Noel Kabamba,Italien,1989-11-15,1.8,Innenverteidiger,6.805245
65962,Norbert Frrokaj,Schweiz,1988-12-17,1.81,Innenverteidiger,
728427,Nori Bächle,Deutschland,2004-09-19,,Mittelstürmer,
622419,Noé Angehrn,Schweiz,2000-06-10,,Linker Verteidiger,
1075363,Noël Gehrig,Schweiz,2001-12-09,,Mittelfeld,
625777,Noël Langer,Schweiz,2002-04-01,,Rechtes Mittelfeld,
413454,Numa Felici,Schweiz,1999-01-26,,Rechtsaußen,
816676,Nëntor Pulka,Kosovo,2004-05-28,,Mittelfeld,
620590,Ognjen Stevanovic,Schweiz,2002-03-22,1.85,Defensives Mittelfeld,6.851583
681585,Oliver Gutknecht,Schweiz,2001-04-30,1.78,Linksaußen,
86790,Oliver Klaus,Liechtenstein,1990-05-04,1.85,Torwart,
1113806,Oliver Manser,Schweiz,2005-07-24,,Mittelfeld,
532747,Oliver Mayer,Schweiz,2000-11-13,,Mittelstürmer,
927423,Oliver Neumann,Deutschland,2005-09-26,,Innenverteidiger,6.7883706
1164443,Oliver Sarenac,Schweiz,2007-09-27,,Linker Verteidiger,6.71818
807955,Oliver Schmidhauser,Dominikanische Republik,2004-06-02,1.89,Mittelstürmer,
1383967,Omar Shanti,Schweiz,2006-01-14,,Zentrales Mittelfeld,
1409082,Pablo Jimenez,Schweiz,2007-11-28,,Zentrales Mittelfeld,6.7164574
243136,Pajtim Ismaili,Kosovo,1990-09-15,,Linkes Mittelfeld,
907074,Pascal Bleise,Deutschland,2005-09-26,,Torwart,7.046517
1065850,Pascal Büttiker,Schweiz,2006-03-07,1.89,Innenverteidiger,6.790199
570699,Pascal Dietz,Schweiz,2000-01-02,1.8,Zentrales Mittelfeld,
334018,Pascal Huber,Schweiz,1996-03-14,1.74,Linkes Mittelfeld,
345221,Pascal Koller,Liechtenstein,1999-04-30,1.74,Mittelstürmer,
681578,Pascal Müller,Schweiz,1991-11-17,,Defensives Mittelfeld,
59244,Pascal Thrier,Schweiz,1984-11-04,1.8,Rechter Verteidiger,
195514,Patrick Cazzaniga,Schweiz,1993-03-11,,Innenverteidiger,6.8182573
435896,Patrick Lang,Schweiz,1998-02-22,,Linkes Mittelfeld,
343312,Patrick Mettler,Schweiz,1997-10-21,,Torwart,
576908,Patrik Marku,Schweiz,2000-04-10,,Linker Verteidiger,
197920,Paulin Damo,Kamerun,1994-01-10,1.84,Linker Verteidiger,
625372,Pedro Barbosa,Portugal,2002-10-04,1.75,Rechtsaußen,
1193224,Pedro Miguel Azevedo Soares,Portugal,1994-06-24,,Torwart,
722973,Perry Gamba,Uganda,1981-04-04,,Rechtsaußen,
708031,Philip Kaiser,Schweiz,2003-03-12,,Innenverteidiger,
263298,Philip Schranz,Malta,1996-07-14,1.82,Torwart,
388704,Philip Skorjanec,Schweiz,1998-09-14,,Innenverteidiger,
212710,Philipp Allemann,Schweiz,1997-01-10,,Linksaußen,
335536,Philipp Juchli,Schweiz,1997-02-26,1.88,Defensives Mittelfeld,
1164474,Philipp Kaspar,Schweiz,2006-08-04,,Torwart,
710749,Philipp Müller,Deutschland,1998-01-25,1.85,Torwart,
525314,Philipp Oberer,Schweiz,2002-03-12,,Innenverteidiger,
166709,Philipp Ospelt,Liechtenstein,1992-10-07,1.81,Linkes Mittelfeld,
66261,Philipp Reiffer,Schweiz,1983-03-03,,Linksaußen,
66722,Philippe Erne,Liechtenstein,1986-12-14,1.8,Mittelstürmer,
1438465,Pietro Torricini,Italien,2007-02-07,,Mittelstürmer,6.706358
533071,Piotr Marek,Polen,1989-01-03,1.78,Mittelstürmer,
65975,Quoc Trung Nguyen,Schweiz,1990-04-22,1.73,Linker Verteidiger,
1197417,Rabil Islami,Nordmazedonien,2004-10-15,,Mittelstürmer,
455194,Radenko Stokanovic,Schweiz,1996-09-02,1.9,Torwart,
345212,Rafael Grünenfelder,Liechtenstein,1999-03-20,1.84,Innenverteidiger,
405354,Rafael Rammo,Deutschland,1995-11-02,,Torwart,
869449,Rafael Silvestri,Schweiz,1995-07-27,,Offensives Mittelfeld,
822107,Raman Larimi,Iran,2004-03-14,,Defensives Mittelfeld,
1174574,Ramon Betl,Schweiz,2005-10-28,,Defensives Mittelfeld,
179986,Ramon Frauenfelder,Schweiz,1990-07-06,1.85,Torwart,
951239,Ramon Imper,Schweiz,1998-03-16,1.73,Linkes Mittelfeld,
1070137,Ramon Roth,Schweiz,1998-09-28,,Abwehr,
1413940,Raoul Marino,Schweiz,1999-04-12,,Offensives Mittelfeld,6.7369504
1119435,Raoul Perenzin,Schweiz,2006-05-24,,Torwart,
690776,Raphael Auer,Schweiz,2002-12-13,,Mittelstürmer,
1163138,Raphael Brem,Schweiz,2004-12-21,,Mittelfeld,
165792,Raphael Meyer,Schweiz,1993-03-29,,Offensives Mittelfeld,
1020774,Raul Passaseo,Italien,2005-04-03,,Zentrales Mittelfeld,6.828508
359081,Raul Stillhart,Schweiz,1999-01-14,,Defensives Mittelfeld,
158432,Raymond Tinner,Schweiz,1991-04-16,1.73,Rechter Verteidiger,
310280,Redon Zeqiri,Schweiz,1995-12-24,,Torwart,
370633,Reto Scheller,Schweiz,1997-09-07,,Zentrales Mittelfeld,
1168940,Riad Rexhepi,Schweiz,2006-09-21,,Innenverteidiger,
1437279,Ricard Micevski,Schweiz,2002-05-04,,Innenverteidiger,6.7583427
1007604,Ricardo Brás,Portugal,2001-07-03,,Torwart,
549648,Riccardo Bini,Italien,1992-07-10,,Mittelstürmer,6.7161913
1005532,Riccardo Hertli,Schweiz,2004-08-05,,Torwart,
736643,Riccardo Rossi,Italien,2004-01-05,1.77,Zentrales Mittelfeld,6.7826276
328848,Riccardo Rossini,Italien,1993-11-08,1.93,Linkes Mittelfeld,6.8065214
638063,Richard Basha,Ägypten,2002-03-07,,Mittelstürmer,
951766,Richard Ferreira,Schweiz,2003-01-06,,Innenverteidiger,
244460,Rico Thalmann,Schweiz,1993-09-06,,Linker Verteidiger,
815643,Rico Wick,Schweiz,2001-01-29,,Mittelfeld,
363596,Ridvan Kardesoglu,Liechtenstein,1996-10-12,1.8,Mittelstürmer,
625553,Rikard Oroshi,Schweiz,2002-05-07,,Rechter Verteidiger,6.671373
341332,Rilind Ljumani,Nordmazedonien,1997-04-01,,Rechtsaußen,
198503,Rinaldo Ryffel,Schweiz,1990-12-02,1.86,Torwart,
864376,Rino Maggio,Schweiz,2004-02-26,,Linker Verteidiger,6.766359
497508,Rinor Hasani,Schweiz,2000-05-26,,Innenverteidiger,
926478,Rinor Kurtishaj,Kosovo,1998-09-12,,Torwart,
728396,Rion Demiri,Schweiz,2005-08-17,,Mittelstürmer,6.730517
786096,Ristem Osmani,Schweiz,2004-05-07,1.75,Defensives Mittelfeld,
216147,Roberto Dominguez,Schweiz,1985-07-18,,Defensives Mittelfeld,
711900,Robin Belser,Schweiz,2004-11-26,,Torwart,7.0620017
255612,Robin Döringer,Schweiz,1995-03-21,,Linker Verteidiger,6.702794
192640,Robin Kamber,Schweiz,1996-02-15,1.87,Defensives Mittelfeld,
587633,Robin Oberholzer,Schweiz,2000-07-05,,Linksaußen,
1342336,Robin Schällebaum,Schweiz,2004-02-27,,Mittelfeld,
620592,Robin Wirth,Schweiz,2002-03-12,,Mittelstürmer,
1250173,Rodrigo Vieira Durães,Portugal,2005-04-04,,Abwehr,
111430,Roman Buess,Schweiz,1992-09-21,1.83,Mittelstürmer,
107787,Roman Güntensperger,Schweiz,1991-01-18,1.77,Rechter Verteidiger,
1340453,Roman Hanselmann,Schweiz,1979-07-04,,Torwart,
256085,Roman Macek,Tschechien,1997-04-18,1.88,Zentrales Mittelfeld,
1227403,Roman Rothenbach,Deutschland,2006-05-30,,Torwart,
345209,Roman Spirig,Liechtenstein,1998-01-07,1.84,Linker Verteidiger,
500365,Ronnie Aeberli,Schweiz,2000-06-06,1.83,Rechter Verteidiger,
500345,Rosario Filippone,Italien,1998-12-02,,Torwart,
1019612,Rouven Schönenberger,Schweiz,2003-08-22,,Mittelfeld,
282520,Roy Gelmi,Schweiz,1995-03-01,1.88,Innenverteidiger,
1287517,Ruben Bakwetila,DR Kongo,2006-02-13,1.68,Mittelstürmer,6.7051015
807862,Ruben Bartolomeo,Schweiz,2004-08-02,,Linker Verteidiger,
403498,Rudolf Bilas,Slowakei,1992-11-10,,Zentrales Mittelfeld,
1080572,Rúben Canadas,Portugal,2002-10-24,,Mittelfeld,6.694179
1037340,Rúben Lima,Portugal,1999-07-12,1.82,Torwart,
630872,Salen Dzaferi,Schweiz,1998-07-19,1.9,Innenverteidiger,
649459,Salifou Diarrassouba,Elfenbeinküste,2001-12-20,1.66,Offensives Mittelfeld,
245429,Salim Benziar,Schweiz,1994-02-17,,Rechter Verteidiger,
907076,Salomo Schilke,Deutschland,2005-02-10,,Torwart,
931704,Salvatore Rubortone,Schweiz,2004-12-15,,Defensives Mittelfeld,6.832566
529220,Samba Ndaw,Italien,1996-08-06,,Rechter Verteidiger,
1162284,Sambou Camara,Schweiz,2007-04-20,1.88,Innenverteidiger,6.803718
587828,Samed Begovic,Bosnien-Herzegowina,1999-06-14,,Rechter Verteidiger,
2452,Samel Sabanovic,Montenegro,1983-12-23,1.83,Mittelstürmer,
265203,Samir Bajrami,Schweiz,1997-07-03,1.78,Rechter Verteidiger,
215837,Samir Ramizi,Serbien,1991-07-24,1.82,Linkes Mittelfeld,6.9010606
1142304,Samir Vilaj,Slowenien,2006-04-14,,Mittelfeld,
901394,Samkar Lirgyatsang,Schweiz,1999-08-07,,Rechtes Mittelfeld,
309977,Samuel Ballet,Schweiz,2001-03-12,1.84,Rechtsaußen,
439031,Samuel Gröbli Ramirez,Schweiz,1997-02-21,,Linksaußen,
957134,Samuel Heini,Schweiz,2004-11-28,,Zentrales Mittelfeld,6.7864857
670262,Samuel Mateus,Schweiz,1999-11-20,,Abwehr,
911239,Samuele Buffon,Schweiz,2005-07-20,,Zentrales Mittelfeld,6.7344604
696285,Samuele Lago Mille,Schweiz,2003-05-02,,Mittelstürmer,6.980373
625056,Samuele Sordillo,Italien,2001-05-06,1.75,Rechter Verteidiger,
168205,Sandro Caravà,Schweiz,1993-12-11,1.8,Defensives Mittelfeld,
19926,Sandro Reclari,Schweiz,1984-02-17,1.86,Defensives Mittelfeld,
607626,Sandro Schudel,Schweiz,2002-01-21,,Rechter Verteidiger,
69487,Sandro Studer,Schweiz,1988-12-20,,Innenverteidiger,
203567,Sandro Wolfinger,Liechtenstein,1991-08-24,1.79,Rechter Verteidiger,
1291932,Sean Di Luzio,Schweiz,2005-12-05,,Sturm,6.66177
87936,Sebastian van der Werff,Niederlande,1986-02-16,1.86,Innenverteidiger,
905910,Sebastijan Juric,Schweiz,2001-10-07,,Sturm,
148943,Sefa Gaye,Österreich,1994-11-22,1.78,Mittelstürmer,
1300367,Senai Estephanos Ogbazghi,Schweiz,2008-05-21,,Abwehr,6.715535
946284,Sergio Sandoval,Spanien,2004-04-21,1.66,Mittelstürmer,
116509,Serkan Karamese,Türkei,1987-05-01,1.85,Innenverteidiger,
71534,Severino Zambelli,Schweiz,1987-02-23,,Defensives Mittelfeld,
114057,Seyhan Yildiz,Liechtenstein,1989-04-30,1.78,Rechter Verteidiger,
616629,Sheb Derbali,Tunesien,2002-01-10,,Innenverteidiger,6.850325
1526551,Shefki Aslani,Serbien,2006-04-21,,Sturm,
294583,Shkelqim Demhasaj,Kosovo,1996-04-19,1.91,Mittelstürmer,
498393,Shkelqim Mamuti,Serbien,1999-08-06,,Rechtes Mittelfeld,
66245,Shpend Latifi,Kosovo,1989-02-07,,Rechter Verteidiger,
70871,Shqiptar Hamdiu,Schweiz,1991-05-12,1.81,Torwart,
810942,Silas Morf,Schweiz,2004-07-31,,Linkes Mittelfeld,6.8086185
1295332,Silas Moschitz,Schweiz,2008-03-20,,Torwart,
311461,Silvan Bechtiger,Schweiz,1996-04-16,,Linker Verteidiger,
606397,Silvan Düring,Schweiz,2000-04-15,,Torwart,
211693,Silvan Gönitzer,Schweiz,1996-08-29,1.8,Innenverteidiger,6.851925
931742,Silvan Heierli,Schweiz,2005-01-01,,Torwart,7.111729
464188,Silvan Kriz,Schweiz,2000-05-24,1.91,Zentrales Mittelfeld,
147055,Silvano Schäppi,Schweiz,1994-02-05,1.67,Innenverteidiger,
807953,Simeon Weber,Schweiz,2004-01-23,1.85,Innenverteidiger,6.8028584
156687,Simon Kühne,Liechtenstein,1994-04-30,1.8,Linksaußen,
66709,Simon Lüchinger,Liechtenstein,2002-11-28,1.78,Zentrales Mittelfeld,
183451,Simon Mesonero,Schweiz,1995-06-10,1.91,Mittelstürmer,6.761157
1042440,Simon Mächler,Schweiz,2004-04-28,,Torwart,
1327584,Simon Ruoss,Schweiz,1995-11-15,,Torwart,
1045966,Simon Tisch-Rottensteiner,Deutschland,2006-05-02,1.82,Zentrales Mittelfeld,6.726627
388455,Simone Bertani,Italien,1991-06-17,1.8,Torwart,
932188,Simone Mestre,Schweiz,2006-10-09,1.78,Linker Verteidiger,
728457,Simone Petrone,Schweiz,2004-01-09,1.8,Defensives Mittelfeld,
603466,Simone Ruggeri,Schweiz,2002-09-04,,Rechtsaußen,
1526549,Sofiane Basri,Schweiz,2006-04-03,,Mittelfeld,
25729,Sokol Maliqi,Schweiz,1981-12-24,1.87,Sturm,
1181742,Soufian Bourkaa,Italien,2003-10-31,1.85,Linkes Mittelfeld,
996958,Soulayman El Amri,Italien,1998-05-11,,Linksaußen,
685280,Stefan Cavigelli,Schweiz,1995-10-30,,Linker Verteidiger,
172988,Stefan Lapcevic,Schweiz,1994-07-06,1.88,Torwart,
252197,Stefan Lukic,Schweiz,1992-11-26,1.86,Innenverteidiger,
130275,Stefan Sonderegger,Österreich,1994-03-06,1.82,Linker Verteidiger,
203820,Stefano Calendo,Italien,1990-06-06,,Torwart,
490858,Stefano D'Amico,Italien,1999-08-26,,Zentrales Mittelfeld,6.8438797
605536,Stefano Florio,Schweiz,1996-08-15,,Mittelstürmer,
1106266,Stefano Gallo,Italien,2001-04-24,1.89,Mittelstürmer,
408226,Stefano Gibellini,Italien,1996-04-14,1.83,Mittelstürmer,6.8004136
71042,Stefano Milani,Schweiz,1991-01-13,1.78,Innenverteidiger,
66269,Steven Stutz,Schweiz,1983-07-18,,Innenverteidiger,
166025,Stjepan Vuleta,Schweiz,1993-10-29,1.89,Mittelstürmer,
155437,Stojan Miljic,Schweiz,1993-12-19,1.85,Offensives Mittelfeld,
452592,Suad Gerzic,Schweiz,1999-12-14,1.88,Innenverteidiger,
517677,Suad Jonuzi,Nordmazedonien,2001-04-29,,Innenverteidiger,
124515,Sven Bode,Deutschland,1994-04-10,1.82,Mittelstürmer,
74972,Sven Lehmann,Schweiz,1991-12-18,1.82,Mittelstürmer,
601191,Talip Karaaslan,Österreich,2000-06-28,1.76,Linkes Mittelfeld,
1383979,Tamim Al Said,Syrien,2006-12-04,,Abwehr,
957139,Tarik Seferovic,Schweiz,2006-12-31,1.8,Linker Verteidiger,6.802319
927511,Tarik Tojaga,Schweiz,2005-01-24,,Innenverteidiger,
365099,Taulant Junuzi,Nordmazedonien,1997-06-03,,Rechter Verteidiger,
1268738,Tayo Frick,Schweiz,2005-06-16,,Torwart,
1059691,Thierry Diethelm,Schweiz,2006-09-30,1.91,Innenverteidiger,6.758152
1247116,Thomas Baldracchi,Italien,2003-08-01,,Torwart,
704345,Thomas Branzini,Italien,2003-07-05,,Defensives Mittelfeld,6.856665
183615,Thomas Fekete,Schweiz,1995-09-19,1.78,Linkes Mittelfeld,
285886,Thomas Hobi,Liechtenstein,1993-06-20,1.89,Torwart,
54650,Thomas Knöpfel,Schweiz,1983-11-09,1.81,Offensives Mittelfeld,
237083,Tiago Ribeiro,Portugal,1992-06-15,1.83,Innenverteidiger,
895697,Tibault Citherlet,Schweiz,2005-03-05,1.88,Innenverteidiger,6.7958727
959897,Ticiano Fontes,Portugal,2004-08-12,,Rechtsaußen,6.6804986
432863,Tim Bolli,Schweiz,1998-01-15,,Mittelstürmer,
526702,Tim Cerjak,Schweiz,2000-12-04,,Linksaußen,
889768,Tim Hostettler,Schweiz,2005-01-14,,Rechter Verteidiger,6.740506
318840,Tim Labrenz,Deutschland,1993-08-16,,Abwehr,
807941,Tim Meyer,Schweiz,2004-07-08,1.83,Defensives Mittelfeld,
925736,Tim Senti,Schweiz,2005-10-12,,Innenverteidiger,6.568994
346894,Tim Staubli,Schweiz,2000-04-16,1.79,Zentrales Mittelfeld,
262160,Timo Faleschini,Schweiz,1995-03-16,,Linker Verteidiger,6.6159487
605555,Timo Steiner,Schweiz,1998-10-07,1.75,Hängende Spitze,
183128,Timo Todzi,Schweiz,1993-12-16,1.86,Innenverteidiger,
1049481,Timon Cabezas,Schweiz,2003-07-22,,Rechtes Mittelfeld,6.7970514
70112,Timon Waldvogel,Schweiz,1991-06-09,1.87,Torwart,
410614,Tino Dietrich,Schweiz,1998-05-19,1.76,Innenverteidiger,
61409,Tito Tarchini,Schweiz,1989-11-05,1.8,Innenverteidiger,
707555,Tiziano Stolz,Schweiz,2003-08-08,,Mittelstürmer,
413457,Tiziano Villa,Schweiz,1999-03-16,,Rechter Verteidiger,
1153545,Tobias Schwarz,Schweiz,2007-01-02,1.78,Torwart,
252979,Tolga Cakir,Schweiz,1992-08-13,1.8,Offensives Mittelfeld,
387491,Tomas Cocimano,Schweiz,1997-12-31,1.79,Offensives Mittelfeld,
431143,Tomislav Starcevic,Schweiz,1999-06-20,1.83,Mittelstürmer,
1390060,Tommaso Bellume,Schweiz,2005-04-19,,Torwart,
1292060,Tommaso Mangiarotti,Italien,2006-03-06,1.81,Torwart,
333610,Tommaso Sportiello,Italien,1995-12-31,,Torwart,
901392,Tony Francisco,Frankreich,2000-08-09,,Defensives Mittelfeld,
598086,Travis Clarke,Italien,1998-06-26,,Rechtes Mittelfeld,6.9291954
1208847,Tristan Burkart,Schweiz,2008-05-26,,Linksaußen,6.86372
405062,Tudor Iapara,Moldawien,2000-05-16,1.85,Linker Verteidiger,
445322,Tullio Mazzeo,Schweiz,2001-03-02,,Zentrales Mittelfeld,
694194,Tuncer Niederberger,Schweiz,2001-04-07,,Rechter Verteidiger,
1168059,Uchenna Nwannah,Schweiz,2003-09-03,1.9,Innenverteidiger,
1197197,Ueli Meier,Schweiz,2003-10-08,,Torwart,
807918,Ulrich Rhiner,Schweiz,2004-01-06,,Zentrales Mittelfeld,6.6911163
572880,Vangelis Karampoikis,Griechenland,2001-09-23,1.81,Offensives Mittelfeld,
1250399,Velibor Stevanovic,Schweiz,2004-05-17,,Mittelfeld,
538848,Vernon Doe,Schweiz,1999-08-14,,Zentrales Mittelfeld,
778080,Veton Aliji,Schweiz,1999-05-09,,Zentrales Mittelfeld,
169403,Viktor Zukaj,Schweiz,1992-09-18,,Torwart,6.965667
190635,Vilim Posinkovic,Kroatien,1991-01-10,1.86,Linksaußen,
1016616,Vincenzo Rinaldi,Schweiz,2002-12-09,,Defensives Mittelfeld,
244466,Vito Troisio,Italien,1986-03-17,1.73,Mittelfeld,
334270,Vitor Monteiro,Portugal,1997-11-10,,Zentrales Mittelfeld,
468242,Vittorio Vitulli,Italien,1999-05-09,,Zentrales Mittelfeld,6.7905707
1387814,Vladimir Pecherskyy,Ukraine,2006-07-19,,Defensives Mittelfeld,6.8167253
710751,Waile Barkate,Schweiz,2002-12-08,,Linkes Mittelfeld,
688309,Wellissol,Brasilien,1998-02-16,1.83,Rechtsaußen,
160310,William Marinelli,Italien,1990-06-25,1.85,Torwart,
430355,Wisam Al-Naemi,Schweiz,1995-07-06,1.78,Offensives Mittelfeld,
728357,Xhan Aliu,Schweiz,2006-05-07,1.8,Mittelstürmer,6.914669
1191661,Xhavit Kadriu,Schweiz,1999-06-05,,Torwart,
1291944,Xhevat Hasallari,Kosovo,1991-04-20,,Mittelfeld,
408358,Xhulio Alushaj,Albanien,1994-06-08,1.82,Innenverteidiger,6.708368
371023,Yanick Guerchadi,Schweiz,1997-11-29,1.82,Defensives Mittelfeld,
452240,Yanis Uetz,Schweiz,1999-05-14,1.75,Rechtes Mittelfeld,
1249045,Yann Keller,Schweiz,2007-07-21,1.97,Torwart,
989329,Yannick Bujard,Schweiz,2003-10-20,1.9,Torwart,7.0836787
291896,Yannick Schmid,Schweiz,1995-05-11,1.84,Innenverteidiger,
617674,Yannick Stacher,Schweiz,1997-11-21,,Rechter Verteidiger,
166048,Yannik Grin,Schweiz,1992-08-04,1.72,Linker Verteidiger,
1042324,Yari Perini,Italien,2003-06-18,,Rechtsaußen,
620814,Yaro de Carvalho,Schweiz,2002-05-23,1.87,Mittelstürmer,
573263,Yll Selishta,Albanien,2001-09-03,1.84,Innenverteidiger,
1063467,Yorick Hostettler,Schweiz,2004-06-17,,Torwart,
476337,Yuri,Brasilien,1996-01-08,1.75,Linker Verteidiger,
1262835,Yves Pfenninger,Schweiz,2003-08-24,,Mittelfeld,
86627,Yves Sanchez,Österreich,1989-08-12,1.79,Linkes Mittelfeld,
245444,Yves Scherrer,Schweiz,1990-09-10,,Innenverteidiger,
901391,Zef Prenrecaj,Kosovo,1996-05-21,,Linker Verteidiger,
673526,Zek Gjocaj,Schweiz,1996-06-20,,Linker Verteidiger,
905940,Zekirja Asani,Nordmazedonien,1984-05-16,,Sturm,
607627,Zenel Hasani,Schweiz,2002-01-16,1.94,Defensives Mittelfeld,6.969239
568054,Zivan Mitrovic,Schweiz,1997-01-22,1.89,Mittelstürmer,
74312,Zoltán Farkas,Ungarn,1989-10-07,1.87,Linkes Mittelfeld,
186473,Zoran Josipovic,Schweiz,1995-08-25,1.91,Mittelstürmer,6.8560886
67450,Ümüt Tütünci,Türkei,1988-11-24,1.77,Defensives Mittelfeld,
